3,10,1
8,12,2
13,10,2
18,10,8
23,8,4
28,12,2
33,8,8
38,12,8
43,12,1
48,10,8
53,2,2
58,8,4
63,10,11
68,10,7
73,8,4
78,5,7
83,10,7
88,12,7
93,12,2
98,10,9
103,8,8
108,6,9
113,1,12
118,8,8
123,7,7
128,10,8
133,10,1
138,8,1
143,8,2
148,9,1
153,12,8
158,12,2
163,10,2
168,12,2
173,12,2
178,12,4
183,4,2
188,12,5
193,11,7
198,12,1
203,10,11
208,8,8
213,6,2
218,8,7
223,12,1
228,12,9
233,8,8
238,12,1
243,10,1
248,12,1
253,12,4
258,8,1
263,6,11
268,10,9
273,2,4
278,11,1
283,8,8
288,8,3
293,12,11
298,10,2
303,6,9
308,8,4
313,9,3
318,12,4
323,8,2
328,10,11
333,10,8
338,12,8
343,8,1
348,12,2
353,8,0
358,12,0
363,12,3
368,10,11
373,10,11
378,12,2
383,12,2
388,8,9
393,11,8
398,7,4
403,12,11
408,12,11
413,10,0
418,2,1
423,3,8
428,8,1
433,10,8
438,12,1
443,10,2
448,11,2
453,8,1
458,12,11
463,7,0
468,8,7
473,10,4
478,12,2
483,12,2
488,6,3
493,8,8
498,11,2
503,12,1
508,8,8
513,8,2
518,8,1
523,12,7
528,0,1
533,10,0
538,8,8
543,11,1
548,12,4
553,6,1
558,10,2
563,3,3
568,12,11
573,12,8
578,8,9
583,10,1
588,10,7
593,11,7
598,8,8
603,8,1
608,10,8
613,0,1
618,8,1
623,8,1
628,8,8
633,12,1
638,10,8
643,8,1
648,11,2
653,8,8
658,10,2
663,12,2
668,10,7
673,12,2
678,5,8
683,7,4
688,8,2
693,10,11
698,6,7
703,7,1
708,8,8
713,5,9
718,12,4
723,8,2
728,4,4
733,7,4
738,12,2
743,3,0
748,10,2
753,10,1
758,12,1
763,8,7
768,10,11
773,2,1
778,3,2
783,8,3
788,8,1
793,12,9
798,12,4
803,12,2
808,12,1
813,10,4
818,12,4
823,10,2
828,12,2
833,12,9
838,8,2
843,6,4
848,12,4
853,8,1
858,10,1
863,12,2
868,12,2
873,11,2
878,7,2
883,12,7
888,8,7
893,8,2
898,10,9
903,12,2
908,12,2
913,10,2
918,10,1
923,8,2
928,10,8
933,5,3
938,3,8
943,10,3
948,8,8
953,10,1
958,1,1
963,12,11
968,10,3
973,12,1
978,8,2
983,10,2
988,10,1
993,12,9
998,6,1
1003,12,2
1008,10,12
1013,8,2
1018,8,8
1023,12,1
1028,12,2
1033,10,4
1038,8,1
1043,8,12
1048,10,4
1053,10,1
1058,10,2
1063,6,8
1068,10,11
1073,12,11
1078,5,3
1083,12,2
1088,5,11
1093,12,7
1098,8,8
1103,4,9
1108,12,2
1113,10,1
1118,12,0
1123,12,11
1128,9,4
1133,9,4
1138,8,4
1143,10,11
1148,12,1
1153,10,9
1158,8,8
1163,6,8
1168,7,4
1173,10,3
1178,8,2
1183,6,2
1188,12,2
1193,12,4
1198,12,2
1203,8,8
1208,12,2
1213,12,9
1218,12,8
1223,12,4
1228,12,2
1233,12,8
1238,9,0
1243,1,2
1248,4,11
1253,12,7
1258,12,1
1263,12,2
1268,10,4
1273,10,4
1278,10,9
1283,6,7
1288,12,2
1293,8,1
1298,12,2
1303,11,1
1308,8,2
1313,12,1
1318,8,1
1323,12,1
1328,10,1
1333,6,2
1338,8,8
1343,2,1
1348,10,11
1353,9,0
1358,7,8
1363,6,0
1368,9,8
1373,12,9
1378,0,4
1383,10,7
1388,11,3
1393,12,4
1398,6,2
1403,10,3
1408,8,2
1413,7,5
1418,8,3
1423,8,8
1428,12,1
1433,12,1
1438,1,4
1443,6,9
1448,2,2
1453,12,1
1458,6,3
1463,9,2
1468,11,4
1473,8,1
1478,8,1
1483,10,2
1488,12,7
1493,12,11
1498,8,8
1503,12,8
1508,8,1
1513,12,1
1518,10,1
1523,12,2
1528,8,2
1533,8,2
1538,12,8
1543,10,8
1548,11,4
1553,12,1
1558,7,12
1563,5,1
1568,9,2
1573,12,1
1578,6,4
1583,8,4
1588,7,9
1593,4,11
1598,10,8
1603,12,2
1608,12,8
1613,10,2
1618,12,9
1623,9,7
1628,9,3
1633,12,8
1638,5,11
1643,12,1
1648,12,4
1653,8,8
1658,8,2
1663,12,3
1668,10,1
1673,10,2
1678,12,2
1683,10,2
1688,11,1
1693,10,1
1698,10,8
1703,12,2
1708,12,7
1713,6,11
1718,12,9
1723,12,1
1728,12,1
1733,11,1
1738,4,7
1743,2,8
1748,12,2
1753,8,1
1758,8,11
1763,10,4
1768,10,2
1773,7,0
1778,12,1
1783,6,11
1788,12,1
1793,10,2
1798,10,1
1803,12,8
1808,6,2
1813,12,3
1818,6,4
1823,12,2
1828,12,8
1833,6,2
1838,8,9
1843,2,1
1848,12,2
1853,10,1
1858,1,0
1863,12,1
1868,12,2
1873,8,0
1878,11,4
1883,5,2
1888,12,6
1893,11,11
1898,12,2
1903,12,4
1908,8,1
1913,12,2
1918,8,12
1923,11,5
1928,12,3
1933,9,3
1938,12,1
1943,6,1
1948,8,3
1953,11,4
1958,12,2
1963,12,2
1968,12,4
1973,12,4
1978,12,2
1983,8,0
1988,12,1
1993,12,1
1998,8,1
2003,11,1
2008,10,2
2013,10,11
2018,11,2
2023,10,4
2028,12,2
2033,12,2
2038,6,4
2043,12,2
2048,12,11
2053,7,0
2058,12,11
2063,12,9
2068,11,9
2073,8,1
2078,10,11
2083,12,11
2088,5,2
2093,2,2
2098,12,2
2103,8,11
2108,10,11
2113,12,2
2118,12,1
2123,12,2
2128,5,3
2133,12,3
2138,12,4
2143,11,2
2148,10,2
2153,4,4
2158,8,4
2163,12,3
2168,6,2
2173,10,2
2178,12,2
2183,8,1
2188,12,0
2193,12,2
2198,10,8
2203,10,2
2208,10,7
2213,8,7
2218,8,2
2223,11,9
2228,11,8
2233,4,2
2238,8,3
2243,10,9
2248,8,12
2253,7,5
2258,4,4
2263,4,4
2268,8,3
2273,12,2
2278,10,2
2283,10,1
2288,12,5
2293,6,1
2298,12,2
2303,11,0
2308,2,11
2313,4,1
2318,10,9
2323,8,8
2328,10,4
2333,12,1
2338,11,5
2343,10,2
2348,5,8
2353,8,2
2358,8,9
2363,12,8
2368,12,7
2373,10,2
2378,1,1
2383,12,11
2388,12,4
2393,5,2
2398,12,8
2403,8,0
2408,8,8
2413,8,2
2418,12,11
2423,10,6
2428,10,2
2433,8,1
2438,11,1
2443,10,9
2448,10,8
2453,8,0
2458,7,1
2463,10,1
2468,12,1
2473,12,9
2478,10,4
2483,6,1
2488,12,8
2493,10,7
2498,10,7
2503,12,8
2508,2,2
2513,10,12
2518,5,1
2523,10,3
2528,10,9
2533,10,1
2538,10,1
2543,8,8
2548,10,8
2553,12,8
2558,12,1
2563,6,2
2568,8,2
2573,12,0
2578,9,1
2583,12,4
2588,8,8
2593,10,1
2598,12,0
2603,12,11
2608,10,12
2613,12,0
2618,5,1
2623,8,8
2628,10,11
2633,10,2
2638,8,8
2643,10,0
2648,8,9
2653,7,8
2658,5,1
2663,4,11
2668,12,4
2673,12,2
2678,8,1
2683,4,8
2688,7,7
2693,12,2
2698,12,9
2703,12,0
2708,10,9
2713,2,2
2718,5,0
2723,12,7
2728,10,0
2733,12,4
2738,12,4
2743,12,9
2748,10,2
2753,12,1
2758,8,2
2763,10,11
2768,4,2
2773,12,9
2778,10,1
2783,12,11
2788,8,8
2793,10,8
2798,12,11
2803,10,2
2808,10,3
2813,11,2
2818,8,8
2823,12,11
2828,10,2
2833,12,2
2838,12,8
2843,10,2
2848,7,5
2853,4,8
2858,8,1
2863,10,8
2868,10,2
2873,6,4
2878,12,1
2883,3,8
2888,5,4
2893,12,7
2898,12,4
2903,6,8
2908,10,2
2913,11,2
2918,8,7
2923,12,1
2928,8,2
2933,12,3
2938,10,1
2943,12,1
2948,2,11
2953,12,9
2958,12,7
2963,5,7
2968,12,2
2973,12,1
2978,12,1
2983,8,11
2988,8,4
2993,12,2
2998,6,1
3003,11,2
3008,12,8
3013,5,1
3018,8,8
3023,12,4
3028,4,11
3033,12,2
3038,12,8
3043,12,2
3048,8,11
3053,10,3
3058,10,4
3063,10,2
3068,12,2
3073,5,4
3078,8,7
3083,11,2
3088,8,4
3093,7,11
3098,12,11
3103,8,2
3108,10,2
3113,10,2
3118,8,1
3123,10,7
3128,6,8
3133,5,1
3138,8,3
3143,8,0
3148,10,3
3153,12,4
3158,12,0
3163,9,7
3168,10,7
3173,8,2
3178,8,2
3183,12,11
3188,0,9
3193,8,4
3198,4,9
3203,12,8
3208,12,4
3213,0,1
3218,12,1
3223,10,11
3228,12,2
3233,10,7
3238,10,8
3243,8,1
3248,3,2
3253,12,1
3258,10,2
3263,10,7
3268,10,9
3273,12,2
3278,12,2
3283,8,3
3288,12,7
3293,9,8
3298,10,4
3303,12,8
3308,10,4
3313,8,1
3318,12,11
3323,4,4
3328,10,8
3333,4,2
3338,0,2
3343,12,2
3348,12,7
3353,8,4
3358,10,2
3363,6,2
3368,12,2
3373,12,7
3378,2,2
3383,7,8
3388,12,11
3393,8,2
3398,12,4
3403,12,2
3408,12,2
3413,6,8
3418,12,2
3423,2,2
3428,12,8
3433,12,2
3438,12,2
3443,7,2
3448,8,2
3453,11,1
3458,7,9
3463,10,9
3468,11,1
3473,12,1
3478,12,4
3483,4,11
3488,10,2
3493,8,2
3498,12,7
3503,6,7
3508,5,2
3513,12,8
3518,12,4
3523,10,4
3528,12,2
3533,12,2
3538,12,0
3543,12,8
3548,10,2
3553,4,2
3558,12,5
3563,8,7
3568,8,8
3573,5,6
3578,10,1
3583,8,7
3588,8,4
3593,11,2
3598,8,8
3603,10,2
3608,8,1
3613,10,7
3618,12,2
3623,12,9
3628,12,4
3633,6,8
3638,5,11
3643,11,8
3648,10,1
3653,12,1
3658,12,2
3663,10,1
3668,12,3
3673,12,2
3678,10,7
3683,8,1
3688,10,9
3693,10,11
3698,8,2
3703,12,1
3708,5,8
3713,10,2
3718,0,2
3723,10,8
3728,12,2
3733,8,11
3738,10,2
3743,6,2
3748,12,11
3753,8,2
3758,10,9
3763,11,1
3768,11,4
3773,8,2
3778,12,8
3783,12,0
3788,10,2
3793,6,3
3798,12,9
3803,8,11
3808,12,8
3813,12,2
3818,12,1
3823,10,3
3828,8,1
3833,8,2
3838,10,1
3843,11,0
3848,11,1
3853,12,4
3858,12,2
3863,8,7
3868,10,0
3873,7,1
3878,8,11
3883,12,4
3888,12,2
3893,12,6
3898,12,11
3903,12,9
3908,12,1
3913,12,1
3918,12,2
3923,12,1
3928,9,2
3933,12,8
3938,6,8
3943,12,2
3948,8,1
3953,12,4
3958,8,1
3963,8,4
3968,12,2
3973,8,11
3978,7,7
3983,12,0
3988,4,7
3993,7,8
3998,10,1
4003,11,4
4008,8,4
4013,5,8
4018,12,2
4023,3,7
4028,11,8
4033,10,11
4038,8,1
4043,7,11
4048,8,8
4053,10,2
4058,12,2
4063,10,3
4068,5,0
4073,11,1
4078,10,8
4083,10,8
4088,12,1
4093,12,8
4098,11,4
4103,10,2
4108,12,1
4113,12,2
4118,10,2
4123,6,2
4128,12,1
4133,6,1
4138,10,1
4143,8,8
4148,12,1
4153,12,3
4158,11,1
4163,8,2
4168,10,2
4173,6,8
4178,10,0
4183,8,1
4188,3,2
4193,10,4
4198,12,9
4203,3,8
4208,12,3
4213,12,9
4218,8,4
4223,10,5
4228,12,2
4233,7,1
4238,7,4
4243,4,4
4248,12,0
4253,8,0
4258,5,8
4263,12,4
4268,10,9
4273,12,1
4278,12,8
4283,12,2
4288,12,11
4293,10,2
4298,8,4
4303,6,11
4308,8,2
4313,10,2
4318,12,8
4323,10,2
4328,10,7
4333,8,1
4338,12,8
4343,12,4
4348,12,2
4353,12,7
4358,8,2
4363,12,4
4368,10,7
4373,11,11
4378,7,2
4383,4,7
4388,11,2
4393,10,4
4398,10,2
4403,12,8
4408,8,1
4413,10,2
4418,8,2
4423,12,1
4428,8,9
4433,12,1
4438,12,9
4443,12,11
4448,5,11
4453,9,4
4458,10,1
4463,10,4
4468,5,11
4473,8,4
4478,11,1
4483,12,4
4488,10,1
4493,7,8
4498,5,3
4503,10,11
4508,12,11
4513,10,8
4518,12,4
4523,2,0
4528,12,1
4533,10,2
4538,8,2
4543,12,2
4548,8,2
4553,6,1
4558,7,2
4563,12,2
4568,11,9
4573,8,2
4578,10,9
4583,12,8
4588,12,2
4593,12,1
4598,10,2
4603,5,4
4608,10,8
4613,12,1
4618,10,4
4623,12,1
4628,12,9
4633,10,8
4638,2,7
4643,10,7
4648,12,1
4653,4,2
4658,10,4
4663,8,8
4668,3,7
4673,9,4
4678,5,2
4683,3,4
4688,4,11
4693,11,11
4698,11,2
4703,8,3
4708,10,1
4713,8,0
4718,6,11
4723,6,0
4728,8,9
4733,12,2
4738,6,1
4743,10,2
4748,8,8
4753,12,4
4758,10,2
4763,10,8
4768,8,2
4773,10,2
4778,12,7
4783,12,1
4788,12,2
4793,10,0
4798,12,4
4803,12,3
4808,10,7
4813,5,4
4818,6,9
4823,6,2
4828,12,1
4833,10,2
4838,12,11
4843,3,11
4848,10,7
4853,8,1
4858,10,0
4863,12,1
4868,8,2
4873,8,1
4878,10,9
4883,10,8
4888,5,2
4893,10,8
4898,10,11
4903,10,2
4908,8,7
4913,10,1
4918,10,2
4923,12,8
4928,8,8
4933,12,11
4938,12,8
4943,3,7
4948,8,8
4953,10,9
4958,10,11
4963,10,8
4968,12,11
4973,10,4
4978,12,1
4983,8,2
4988,11,9
4993,5,2
4998,10,7
5003,12,0
5008,10,2
5013,7,8
5018,11,8
5023,11,5
5028,12,2
5033,10,8
5038,10,9
5043,7,2
5048,12,0
5053,4,9
5058,8,4
5063,1,2
5068,8,2
5073,12,11
5078,10,7
5083,12,4
5088,8,8
5093,12,3
5098,4,8
5103,10,7
5108,11,7
5113,12,4
5118,8,1
5123,12,11
5128,10,8
5133,6,4
5138,8,8
5143,5,8
5148,10,3
5153,5,2
5158,10,2
5163,10,3
5168,7,9
5173,12,4
5178,12,1
5183,10,2
5188,7,2
5193,12,7
5198,2,2
5203,11,8
5208,3,11
5213,4,2
5218,8,4
5223,2,1
5228,12,2
5233,9,2
5238,12,8
5243,5,7
5248,6,1
5253,8,1
5258,7,4
5263,10,2
5268,10,1
5273,11,2
5278,12,2
5283,7,9
5288,8,2
5293,8,8
5298,12,11
5303,8,2
5308,10,2
5313,10,11
5318,11,8
5323,4,9
5328,12,2
5333,12,2
5338,10,2
5343,6,11
5348,10,4
5353,8,9
5358,8,0
5363,10,9
5368,10,5
5373,9,4
5378,5,9
5383,12,1
5388,0,2
5393,12,2
5398,6,2
5403,12,2
5408,12,9
5413,6,8
5418,5,2
5423,7,7
5428,10,2
5433,10,1
5438,12,11
5443,10,1
5448,11,1
5453,12,3
5458,8,8
5463,8,1
5468,12,8
5473,12,1
5478,12,11
5483,12,1
5488,10,2
5493,10,4
5498,11,2
5503,12,11
5508,12,11
5513,6,2
5518,12,2
5523,11,2
5528,10,7
5533,6,2
5538,12,1
5543,10,2
5548,10,1
5553,10,3
5558,6,1
5563,12,2
5568,10,4
5573,1,1
5578,11,4
5583,8,2
5588,12,2
5593,12,8
5598,12,2
5603,12,8
5608,12,2
5613,5,4
5618,10,2
5623,12,4
5628,10,2
5633,4,7
5638,11,1
5643,10,7
5648,12,2
5653,12,2
5658,12,1
5663,10,4
5668,8,1
5673,8,2
5678,12,3
5683,8,2
5688,10,1
5693,11,8
5698,10,8
5703,12,4
5708,12,4
5713,5,11
5718,6,11
5723,12,2
5728,11,3
5733,6,2
5738,8,1
5743,9,8
5748,9,8
5753,12,1
5758,8,8
5763,12,3
5768,10,7
5773,12,2
5778,10,0
5783,11,2
5788,8,1
5793,12,4
5798,12,9
5803,12,2
5808,10,3
5813,9,1
5818,5,3
5823,8,2
5828,5,6
5833,8,2
5838,12,1
5843,8,8
5848,12,2
5853,12,2
5858,12,9
5863,12,2
5868,5,11
5873,10,2
5878,10,2
5883,10,8
5888,8,2
5893,7,2
5898,7,2
5903,1,2
5908,8,1
5913,5,2
5918,10,1
5923,4,2
5928,10,1
5933,12,8
5938,10,4
5943,11,2
5948,10,1
5953,12,2
5958,10,9
5963,4,2
5968,5,9
5973,12,4
5978,10,8
5983,7,2
5988,8,8
5993,4,11
5998,12,0
6003,12,2
6008,8,1
6013,8,4
6018,10,1
6023,8,7
6028,7,8
6033,10,8
6038,10,2
6043,10,1
6048,10,4
6053,8,8
6058,8,2
6063,12,2
6068,10,9
6073,3,2
6078,10,1
6083,10,9
6088,12,2
6093,8,8
6098,12,8
6103,7,1
6108,12,4
6113,12,0
6118,12,4
6123,12,4
6128,12,2
6133,4,4
6138,6,1
6143,12,11
6148,8,11
6153,8,2
6158,7,11
6163,8,8
6168,8,7
6173,12,7
6178,8,2
6183,12,4
6188,8,3
6193,12,2
6198,11,8
6203,11,4
6208,7,0
6213,2,1
6218,12,2
6223,11,11
6228,11,9
6233,12,7
6238,4,0
6243,6,0
6248,12,1
6253,8,7
6258,12,1
6263,12,2
6268,6,9
6273,7,7
6278,12,11
6283,11,2
6288,8,1
6293,7,8
6298,8,1
6303,10,11
6308,12,2
6313,12,2
6318,12,11
6323,9,2
6328,12,4
6333,12,2
6338,10,4
6343,12,1
6348,12,2
6353,11,4
6358,12,8
6363,8,1
6368,8,7
6373,10,9
6378,12,1
6383,10,2
6388,8,4
6393,12,4
6398,5,2
6403,10,4
6408,11,2
6413,5,8
6418,10,1
6423,12,0
6428,7,3
6433,12,3
6438,11,3
6443,8,1
6448,5,7
6453,10,7
6458,10,1
6463,10,11
6468,10,2
6473,12,2
6478,6,2
6483,8,5
6488,12,2
6493,10,8
6498,0,2
6503,10,2
6508,12,2
6513,12,11
6518,10,8
6523,7,5
6528,4,11
6533,11,5
6538,8,8
6543,2,1
6548,12,2
6553,10,8
6558,12,9
6563,6,9
6568,8,2
6573,11,1
6578,3,7
6583,12,4
6588,12,1
6593,7,2
6598,8,2
6603,5,4
6608,5,1
6613,10,2
6618,11,5
6623,4,7
6628,12,8
6633,8,2
6638,7,7
6643,8,8
6648,9,4
6653,8,1
6658,10,11
6663,11,9
6668,8,2
6673,7,1
6678,2,2
6683,12,1
6688,12,9
6693,12,4
6698,10,1
6703,10,2
6708,12,9
6713,8,1
6718,10,7
6723,6,7
6728,8,7
6733,4,2
6738,10,1
6743,12,1
6748,12,2
6753,8,11
6758,12,7
6763,7,1
6768,5,1
6773,12,1
6778,12,2
6783,9,7
6788,10,2
6793,12,2
6798,12,4
6803,5,4
6808,8,2
6813,6,2
6818,12,7
6823,12,8
6828,12,2
6833,7,8
6838,12,1
6843,12,2
6848,12,2
6853,12,1
6858,10,8
6863,8,2
6868,9,1
6873,12,8
6878,10,8
6883,12,9
6888,12,0
6893,12,2
6898,11,2
6903,12,2
6908,10,2
6913,12,11
6918,10,1
6923,8,4
6928,12,8
6933,8,2
6938,12,1
6943,8,2
6948,5,11
6953,4,2
6958,12,4
6963,12,7
6968,12,1
6973,8,11
6978,6,2
6983,5,3
6988,12,11
6993,6,8
6998,12,2
7003,10,2
7008,12,8
7013,8,8
7018,7,11
7023,8,2
7028,6,1
7033,6,4
7038,10,8
7043,12,1
7048,12,9
7053,11,7
7058,11,2
7063,12,0
7068,11,2
7073,12,8
7078,12,7
7083,12,1
7088,10,8
7093,12,7
7098,11,4
7103,12,8
7108,6,2
7113,10,1
7118,10,2
7123,12,8
7128,5,11
7133,12,4
7138,10,11
7143,10,4
7148,12,4
7153,11,8
7158,12,3
7163,5,9
7168,11,2
7173,8,9
7178,7,4
7183,10,9
7188,10,1
7193,12,1
7198,0,4
7203,12,2
7208,12,2
7213,12,2
7218,2,0
7223,12,1
7228,6,9
7233,11,2
7238,10,2
7243,8,2
7248,12,9
7253,12,9
7258,10,7
7263,8,1
7268,4,2
7273,6,8
7278,10,2
7283,4,8
7288,7,11
7293,8,8
7298,12,7
7303,12,2
7308,10,8
7313,10,8
7318,11,1
7323,7,2
7328,6,7
7333,11,1
7338,7,4
7343,8,2
7348,10,2
7353,10,2
7358,10,4
7363,12,1
7368,12,7
7373,11,4
7378,12,2
7383,2,7
7388,9,2
7393,12,1
7398,12,8
7403,12,2
7408,7,7
7413,12,2
7418,12,7
7423,10,2
7428,9,11
7433,12,2
7438,10,4
7443,7,4
7448,12,2
7453,8,8
7458,8,8
7463,12,2
7468,12,2
7473,12,11
7478,12,7
7483,8,1
7488,6,11
7493,9,11
7498,9,8
7503,8,2
7508,6,4
7513,12,1
7518,6,9
7523,8,8
7528,8,2
7533,8,8
7538,2,2
7543,10,2
7548,10,1
7553,12,0
7558,12,3
7563,12,7
7568,11,8
7573,10,3
7578,8,2
7583,12,7
7588,11,2
7593,12,2
7598,8,0
7603,12,7
7608,10,2
7613,3,2
7618,12,11
7623,12,9
7628,8,2
7633,12,1
7638,2,2
7643,10,7
7648,12,4
7653,10,8
7658,10,1
7663,12,0
7668,10,2
7673,10,2
7678,8,8
7683,9,2
7688,12,8
7693,12,8
7698,12,2
7703,10,1
7708,12,9
7713,5,9
7718,12,2
7723,12,1
7728,12,1
7733,10,11
7738,12,0
7743,10,2
7748,3,2
7753,7,9
7758,5,2
7763,12,1
7768,0,1
7773,12,3
7778,8,7
7783,10,11
7788,11,1
7793,12,3
7798,8,0
7803,3,3
7808,8,3
7813,12,2
7818,12,2
7823,12,1
7828,3,1
7833,12,0
7838,3,2
7843,8,8
7848,12,2
7853,12,1
7858,8,2
7863,12,2
7868,12,1
7873,8,1
7878,5,4
7883,10,8
7888,12,2
7893,5,11
7898,4,2
7903,12,8
7908,12,2
7913,12,4
7918,6,2
7923,7,1
7928,8,2
7933,12,1
7938,12,3
7943,12,12
7948,8,8
7953,7,2
7958,10,1
7963,8,1
7968,1,2
7973,11,8
7978,10,8
7983,12,2
7988,10,2
7993,12,7
7998,12,2
8003,12,8
8008,5,1
8013,12,2
8018,7,2
8023,8,8
8028,11,2
8033,7,5
8038,10,2
8043,12,1
8048,10,8
8053,12,2
8058,10,8
8063,12,3
8068,5,9
8073,10,2
8078,8,7
8083,8,8
8088,12,1
8093,12,1
8098,8,8
8103,12,5
8108,8,0
8113,12,12
8118,10,4
8123,10,2
8128,12,1
8133,12,8
8138,8,0
8143,12,1
8148,10,2
8153,12,8
8158,10,2
8163,8,1
8168,10,11
8173,6,8
8178,12,1
8183,12,1
8188,7,5
8193,5,9
8198,12,2
8203,8,1
8208,12,2
8213,3,4
8218,6,9
8223,8,2
8228,10,11
8233,12,2
8238,9,8
8243,12,11
8248,12,2
8253,8,2
8258,12,4
8263,12,2
8268,6,8
8273,6,5
8278,7,9
8283,12,1
8288,8,8
8293,8,1
8298,10,8
8303,12,1
8308,10,8
8313,8,2
8318,10,1
8323,10,9
8328,5,9
8333,12,2
8338,8,9
8343,12,11
8348,11,1
8353,12,2
8358,12,2
8363,12,2
8368,11,4
8373,5,4
8378,6,8
8383,10,1
8388,10,2
8393,6,11
8398,12,4
8403,7,4
8408,10,0
8413,8,2
8418,9,12
8423,10,8
8428,7,0
8433,5,8
8438,5,2
8443,10,9
8448,8,2
8453,12,11
8458,7,2
8463,5,2
8468,12,8
8473,5,7
8478,12,9
8483,12,11
8488,5,4
8493,12,0
8498,8,4
8503,8,2
8508,8,8
8513,12,8
8518,10,7
8523,7,1
8528,5,4
8533,10,2
8538,8,0
8543,12,11
8548,8,4
8553,9,2
8558,10,8
8563,12,4
8568,10,0
8573,8,1
8578,12,1
8583,8,8
8588,10,2
8593,7,4
8598,12,3
8603,12,2
8608,12,9
8613,12,2
8618,12,1
8623,8,2
8628,5,0
8633,11,4
8638,12,1
8643,11,1
8648,5,4
8653,5,7
8658,11,9
8663,12,1
8668,11,2
8673,10,8
8678,10,2
8683,8,0
8688,10,7
8693,12,11
8698,11,1
8703,6,2
8708,12,12
8713,10,1
8718,12,4
8723,10,7
8728,7,2
8733,10,8
8738,6,3
8743,8,1
8748,12,7
8753,10,2
8758,9,2
8763,12,0
8768,10,2
8773,3,4
8778,10,7
8783,4,2
8788,6,0
8793,12,7
8798,12,8
8803,10,7
8808,10,2
8813,8,1
8818,10,1
8823,12,11
8828,1,1
8833,12,1
8838,8,12
8843,10,2
8848,12,7
8853,12,2
8858,0,8
8863,9,11
8868,6,2
8873,10,1
8878,11,8
8883,12,1
8888,11,2
8893,12,2
8898,10,2
8903,12,8
8908,6,8
8913,12,3
8918,12,9
8923,10,1
8928,8,5
8933,11,1
8938,12,2
8943,12,7
8948,9,2
8953,8,2
8958,10,2
8963,8,1
8968,12,8
8973,12,9
8978,12,8
8983,7,8
8988,10,11
8993,8,2
8998,10,1
9003,6,4
9008,5,2
9013,8,8
9018,10,9
9023,9,2
9028,3,11
9033,10,4
9038,1,6
9043,8,2
9048,7,3
9053,9,2
9058,10,1
9063,8,2
9068,5,4
9073,12,1
9078,8,11
9083,12,3
9088,10,11
9093,8,9
9098,12,0
9103,10,1
9108,10,7
9113,10,9
9118,5,8
9123,12,2
9128,12,4
9133,6,2
9138,10,2
9143,11,3
9148,10,9
9153,10,8
9158,10,0
9163,5,1
9168,12,7
9173,12,4
9178,8,1
9183,10,2
9188,12,1
9193,8,11
9198,10,8
9203,6,2
9208,10,2
9213,7,8
9218,10,2
9223,10,2
9228,8,9
9233,3,8
9238,7,2
9243,8,2
9248,12,2
9253,8,2
9258,7,8
9263,12,2
9268,5,0
9273,12,4
9278,8,9
9283,12,1
9288,12,8
9293,7,4
9298,12,11
9303,8,8
9308,12,2
9313,10,2
9318,5,8
9323,10,8
9328,11,3
9333,8,1
9338,11,2
9343,10,8
9348,12,2
9353,10,11
9358,12,9
9363,5,7
9368,12,8
9373,10,1
9378,10,4
9383,8,7
9388,10,2
9393,8,8
9398,10,2
9403,5,5
9408,10,1
9413,12,4
9418,12,1
9423,5,7
9428,8,8
9433,6,5
9438,12,6
9443,12,1
9448,12,2
9453,10,8
9458,6,3
9463,2,7
9468,2,5
9473,8,2
9478,8,2
9483,8,2
9488,4,7
9493,4,8
9498,10,1
9503,8,2
9508,11,4
9513,3,3
9518,7,1
9523,10,2
9528,3,11
9533,8,2
9538,10,8
9543,10,3
9548,6,0
9553,9,7
9558,12,7
9563,10,4
9568,12,8
9573,12,1
9578,10,0
9583,10,2
9588,8,2
9593,12,9
9598,8,8
9603,10,2
9608,5,1
9613,10,2
9618,2,8
9623,12,8
9628,8,1
9633,10,1
9638,8,0
9643,12,11
9648,12,8
9653,11,3
9658,11,8
9663,12,2
9668,10,8
9673,12,2
9678,12,11
9683,8,2
9688,3,7
9693,8,7
9698,12,4
9703,12,2
9708,6,4
9713,11,6
9718,12,8
9723,9,2
9728,4,1
9733,10,7
9738,5,1
9743,11,9
9748,8,1
9753,2,1
9758,8,0
9763,8,4
9768,10,0
9773,10,4
9778,4,7
9783,12,4
9788,7,11
9793,10,8
9798,8,2
9803,10,2
9808,10,6
9813,8,7
9818,12,7
9823,8,1
9828,12,8
9833,11,7
9838,5,11
9843,10,9
9848,5,9
9853,10,0
9858,7,8
9863,12,11
9868,8,1
9873,12,1
9878,11,2
9883,8,8
9888,12,2
9893,3,9
9898,3,2
9903,2,1
9908,5,4
9913,10,4
9918,12,7
9923,8,2
9928,12,1
9933,9,1
9938,8,7
9943,10,7
9948,12,2
9953,12,2
9958,12,11
9963,7,2
9968,12,3
9973,8,2
9978,4,3
9983,5,2
9988,6,3
9993,8,8
9998,8,4
10003,12,3
10008,12,2
10013,12,2
10018,6,9
10023,9,3
10028,10,2
10033,12,2
10038,7,8
10043,12,2
10048,12,8
10053,10,2
10058,10,7
10063,12,0
10068,3,2
10073,12,4
10078,10,1
10083,11,2
10088,10,8
10093,12,8
10098,12,2
10103,8,8
10108,7,2
10113,9,3
10118,11,3
10123,12,2
10128,7,4
10133,10,1
10138,10,8
10143,8,11
10148,12,4
10153,12,7
10158,10,8
10163,9,2
10168,6,7
10173,12,2
10178,12,1
10183,11,2
10188,12,8
10193,8,2
10198,6,8
10203,8,2
10208,12,2
10213,2,2
10218,10,2
10223,12,2
10228,8,1
10233,8,0
10238,10,7
10243,12,2
10248,8,2
10253,10,2
10258,12,11
10263,2,8
10268,12,9
10273,12,9
10278,12,11
10283,6,1
10288,8,8
10293,12,2
10298,10,11
10303,8,2
10308,8,5
10313,10,2
10318,12,8
10323,10,8
10328,7,8
10333,3,2
10338,5,3
10343,8,4
10348,12,7
10353,7,2
10358,8,2
10363,12,4
10368,5,9
10373,8,3
10378,10,1
10383,4,11
10388,12,1
10393,6,9
10398,10,1
10403,10,9
10408,8,8
10413,12,2
10418,8,4
10423,8,11
10428,8,4
10433,8,1
10438,12,8
10443,10,1
10448,9,2
10453,12,1
10458,12,8
10463,12,2
10468,12,2
10473,12,1
10478,8,4
10483,10,1
10488,12,0
10493,7,1
10498,7,4
10503,12,11
10508,8,1
10513,12,2
10518,12,2
10523,2,2
10528,10,2
10533,11,9
10538,10,0
10543,10,2
10548,5,0
10553,10,2
10558,10,9
10563,12,2
10568,12,2
10573,11,6
10578,11,1
10583,5,1
10588,12,1
10593,10,2
10598,8,8
10603,8,8
10608,12,4
10613,11,9
10618,8,8
10623,10,7
10628,6,1
10633,12,2
10638,12,2
10643,2,2
10648,10,2
10653,8,3
10658,10,8
10663,12,1
10668,10,2
10673,8,0
10678,12,2
10683,12,2
10688,9,4
10693,12,1
10698,10,2
10703,8,8
10708,12,4
10713,10,2
10718,12,11
10723,2,2
10728,0,2
10733,10,3
10738,8,1
10743,12,8
10748,6,1
10753,12,11
10758,6,8
10763,12,1
10768,10,8
10773,10,1
10778,10,7
10783,5,2
10788,8,8
10793,12,11
10798,8,8
10803,12,2
10808,6,1
10813,12,1
10818,8,9
10823,12,9
10828,8,2
10833,12,2
10838,7,8
10843,5,2
10848,12,1
10853,12,1
10858,6,1
10863,10,1
10868,9,8
10873,10,4
10878,8,8
10883,8,12
10888,5,8
10893,8,8
10898,6,2
10903,8,1
10908,12,11
10913,12,9
10918,12,8
10923,8,4
10928,2,1
10933,12,2
10938,8,2
10943,7,11
10948,8,8
10953,5,9
10958,10,8
10963,10,1
10968,2,6
10973,12,2
10978,8,2
10983,7,9
10988,10,7
10993,12,7
10998,11,1
11003,8,1
11008,10,7
11013,12,7
11018,12,2
11023,3,3
11028,10,2
11033,12,2
11038,12,2
11043,12,11
11048,10,8
11053,12,2
11058,1,4
11063,12,1
11068,10,8
11073,8,2
11078,8,4
11083,12,8
11088,10,1
11093,8,2
11098,12,2
11103,8,2
11108,12,1
11113,8,1
11118,8,7
11123,10,1
11128,10,5
11133,12,1
11138,10,4
11143,10,4
11148,12,4
11153,8,2
11158,7,8
11163,10,4
11168,12,1
11173,12,8
11178,10,1
11183,10,2
11188,10,2
11193,5,9
11198,10,8
11203,10,8
11208,7,8
11213,10,4
11218,12,1
11223,9,1
11228,9,2
11233,6,0
11238,10,1
11243,10,4
11248,10,11
11253,10,4
11258,8,2
11263,10,2
11268,10,2
11273,10,8
11278,2,1
11283,12,7
11288,12,2
11293,8,2
11298,10,8
11303,12,1
11308,1,2
11313,8,2
11318,3,3
11323,11,9
11328,8,2
11333,12,9
11338,11,2
11343,8,2
11348,10,8
11353,8,2
11358,8,4
11363,8,4
11368,11,2
11373,9,4
11378,12,7
11383,10,2
11388,8,2
11393,10,8
11398,12,2
11403,12,8
11408,12,1
11413,10,1
11418,12,1
11423,8,1
11428,5,2
11433,10,0
11438,8,4
11443,12,2
11448,5,8
11453,10,1
11458,12,1
11463,8,8
11468,12,3
11473,10,2
11478,12,2
11483,8,8
11488,7,7
11493,10,2
11498,10,4
11503,8,0
11508,11,2
11513,12,1
11518,12,6
11523,8,2
11528,4,2
11533,12,6
11538,12,3
11543,8,1
11548,2,8
11553,10,1
11558,10,2
11563,12,2
11568,12,4
11573,7,7
11578,12,2
11583,10,8
11588,5,4
11593,8,3
11598,6,8
11603,6,9
11608,12,2
11613,8,2
11618,10,1
11623,11,7
11628,10,1
11633,12,4
11638,8,2
11643,12,8
11648,10,8
11653,7,8
11658,10,11
11663,12,1
11668,8,3
11673,10,4
11678,8,1
11683,3,2
11688,5,4
11693,11,8
11698,12,1
11703,12,7
11708,10,2
11713,10,2
11718,8,1
11723,8,5
11728,7,2
11733,12,0
11738,3,1
11743,12,3
11748,7,7
11753,12,8
11758,12,1
11763,8,2
11768,8,1
11773,12,1
11778,11,1
11783,12,11
11788,10,2
11793,8,4
11798,10,0
11803,12,11
11808,10,2
11813,10,2
11818,12,9
11823,12,8
11828,12,11
11833,4,2
11838,7,2
11843,12,1
11848,12,2
11853,8,2
11858,6,2
11863,7,2
11868,10,11
11873,12,1
11878,12,1
11883,11,0
11888,10,3
11893,12,8
11898,1,7
11903,9,1
11908,12,8
11913,8,2
11918,10,4
11923,10,7
11928,12,8
11933,4,0
11938,8,4
11943,7,8
11948,4,11
11953,8,1
11958,6,11
11963,12,7
11968,12,1
11973,8,1
11978,8,2
11983,4,1
11988,12,3
11993,10,1
11998,12,8
12003,10,2
12008,10,2
12013,12,8
12018,12,7
12023,12,2
12028,12,1
12033,8,2
12038,4,4
12043,12,9
12048,11,1
12053,8,2
12058,10,2
12063,6,1
12068,10,1
12073,11,7
12078,12,2
12083,10,1
12088,6,2
12093,2,8
12098,6,1
12103,12,8
12108,12,4
12113,12,8
12118,10,1
12123,12,9
12128,11,4
12133,12,0
12138,12,2
12143,4,9
12148,5,11
12153,5,8
12158,10,8
12163,4,4
12168,12,1
12173,7,4
12178,9,1
12183,10,0
12188,12,2
12193,5,5
12198,12,2
12203,2,4
12208,12,2
12213,12,4
12218,6,0
12223,12,2
12228,8,11
12233,8,1
12238,10,2
12243,11,2
12248,12,4
12253,10,4
12258,5,1
12263,5,0
12268,2,8
12273,2,1
12278,12,4
12283,8,8
12288,7,1
12293,10,8
12298,2,8
12303,6,9
12308,4,4
12313,10,9
12318,10,8
12323,8,2
12328,8,12
12333,6,7
12338,12,9
12343,12,8
12348,10,9
12353,12,4
12358,12,8
12363,5,1
12368,12,0
12373,5,2
12378,5,1
12383,12,8
12388,8,3
12393,6,1
12398,2,2
12403,10,4
12408,10,12
12413,8,8
12418,10,3
12423,12,1
12428,10,11
12433,8,3
12438,12,2
12443,9,1
12448,11,3
12453,8,0
12458,10,3
12463,12,4
12468,10,8
12473,8,8
12478,8,8
12483,8,2
12488,4,9
12493,12,11
12498,8,5
12503,12,4
12508,8,8
12513,4,8
12518,8,1
12523,10,7
12528,8,1
12533,5,2
12538,2,2
12543,12,2
12548,8,2
12553,10,2
12558,12,2
12563,8,2
12568,10,11
12573,12,4
12578,8,2
12583,8,2
12588,10,11
12593,12,8
12598,10,2
12603,7,1
12608,10,8
12613,9,2
12618,3,9
12623,6,2
12628,4,2
12633,12,1
12638,12,3
12643,12,2
12648,12,2
12653,8,8
12658,5,4
12663,10,2
12668,8,0
12673,8,1
12678,12,8
12683,12,1
12688,12,2
12693,6,4
12698,2,1
12703,6,2
12708,11,2
12713,10,7
12718,4,8
12723,8,8
12728,12,7
12733,6,2
12738,8,2
12743,5,5
12748,8,9
12753,8,3
12758,10,0
12763,10,2
12768,8,2
12773,12,3
12778,6,2
12783,10,2
12788,12,8
12793,12,2
12798,4,11
12803,12,2
12808,11,0
12813,12,2
12818,9,0
12823,12,0
12828,6,2
12833,8,8
12838,12,11
12843,10,7
12848,5,1
12853,12,11
12858,8,4
12863,12,2
12868,2,12
12873,12,7
12878,7,9
12883,12,2
12888,7,2
12893,10,8
12898,8,6
12903,12,4
12908,4,11
12913,8,9
12918,12,1
12923,12,2
12928,12,4
12933,10,8
12938,10,11
12943,8,1
12948,10,1
12953,4,9
12958,12,2
12963,12,8
12968,10,11
12973,12,2
12978,5,4
12983,12,1
12988,10,2
12993,12,8
12998,12,1
13003,8,8
13008,12,2
13013,10,4
13018,12,1
13023,4,1
13028,7,2
13033,10,7
13038,8,1
13043,2,8
13048,6,7
13053,11,2
13058,1,1
13063,12,11
13068,11,2
13073,11,1
13078,12,8
13083,12,2
13088,7,2
13093,10,7
13098,10,8
13103,12,9
13108,6,8
13113,11,2
13118,12,2
13123,12,9
13128,8,2
13133,8,8
13138,12,8
13143,6,9
13148,12,7
13153,12,6
13158,3,8
13163,12,1
13168,12,1
13173,8,3
13178,12,9
13183,12,9
13188,12,7
13193,10,2
13198,8,2
13203,4,2
13208,8,9
13213,2,7
13218,11,8
13223,6,2
13228,11,8
13233,12,8
13238,6,4
13243,12,2
13248,11,1
13253,12,4
13258,10,2
13263,7,4
13268,10,11
13273,12,2
13278,12,2
13283,10,2
13288,12,2
13293,10,2
13298,12,5
13303,12,1
13308,12,1
13313,10,3
13318,12,1
13323,2,4
13328,12,2
13333,6,11
13338,10,1
13343,12,4
13348,12,2
13353,10,8
13358,10,11
13363,10,8
13368,10,9
13373,10,3
13378,12,9
13383,8,2
13388,5,1
13393,12,3
13398,10,2
13403,12,9
13408,10,7
13413,10,0
13418,10,1
13423,10,7
13428,8,7
13433,12,7
13438,12,1
13443,12,2
13448,8,8
13453,12,4
13458,3,2
13463,10,11
13468,6,4
13473,12,11
13478,8,8
13483,10,1
13488,7,11
13493,8,11
13498,10,1
13503,12,9
13508,10,1
13513,8,2
13518,8,8
13523,10,8
13528,5,2
13533,3,1
13538,12,9
13543,10,7
13548,8,4
13553,11,2
13558,8,1
13563,10,1
13568,10,4
13573,2,2
13578,12,3
13583,12,7
13588,10,8
13593,5,11
13598,12,11
13603,12,0
13608,12,8
13613,10,2
13618,12,1
13623,8,1
13628,10,8
13633,8,0
13638,12,9
13643,8,9
13648,11,8
13653,12,8
13658,12,1
13663,11,8
13668,10,4
13673,7,1
13678,7,8
13683,11,8
13688,12,9
13693,6,2
13698,12,4
13703,8,8
13708,6,7
13713,8,2
13718,6,1
13723,12,1
13728,10,11
13733,10,4
13738,12,4
13743,12,9
13748,12,2
13753,12,11
13758,8,3
13763,8,4
13768,11,9
13773,6,1
13778,2,8
13783,10,7
13788,8,8
13793,11,2
13798,12,2
13803,10,8
13808,12,7
13813,12,4
13818,6,8
13823,6,11
13828,6,7
13833,6,0
13838,12,2
13843,6,7
13848,5,8
13853,8,8
13858,8,1
13863,5,11
13868,4,2
13873,12,7
13878,12,2
13883,8,2
13888,10,2
13893,12,2
13898,12,1
13903,12,1
13908,8,8
13913,2,12
13918,5,4
13923,6,6
13928,12,8
13933,7,2
13938,8,2
13943,10,3
13948,12,1
13953,12,2
13958,6,8
13963,12,2
13968,12,2
13973,12,4
13978,12,8
13983,10,1
13988,8,8
13993,5,4
13998,8,8
14003,5,7
14008,12,2
14013,8,2
14018,9,2
14023,12,8
14028,12,9
14033,10,4
14038,2,1
14043,8,0
14048,12,3
14053,10,3
14058,3,4
14063,10,2
14068,11,2
14073,12,8
14078,8,2
14083,0,2
14088,5,2
14093,12,8
14098,8,1
14103,8,2
14108,8,4
14113,0,9
14118,10,8
14123,4,0
14128,10,8
14133,8,2
14138,8,1
14143,8,3
14148,10,2
14153,8,1
14158,12,2
14163,10,9
14168,8,2
14173,10,2
14178,8,1
14183,8,1
14188,8,8
14193,12,0
14198,8,8
14203,8,2
14208,10,9
14213,10,3
14218,10,2
14223,8,1
14228,8,7
14233,8,1
14238,6,1
14243,12,2
14248,12,9
14253,10,7
14258,12,1
14263,12,1
14268,10,2
14273,11,4
14278,12,9
14283,9,2
14288,12,3
14293,8,8
14298,10,2
14303,10,1
14308,8,1
14313,12,2
14318,12,2
14323,10,4
14328,10,4
14333,12,2
14338,12,4
14343,12,1
14348,10,2
14353,6,2
14358,8,1
14363,10,4
14368,10,1
14373,10,6
14378,10,3
14383,8,8
14388,4,8
14393,10,8
14398,5,7
14403,4,2
14408,8,1
14413,12,3
14418,11,2
14423,8,9
14428,8,8
14433,5,4
14438,11,8
14443,8,7
14448,2,1
14453,12,4
14458,12,4
14463,12,7
14468,10,2
14473,8,1
14478,10,12
14483,9,1
14488,12,11
14493,8,8
14498,8,8
14503,12,8
14508,12,8
14513,8,2
14518,10,0
14523,3,11
14528,11,8
14533,8,8
14538,7,4
14543,2,1
14548,5,2
14553,12,2
14558,8,4
14563,4,2
14568,5,2
14573,10,8
14578,10,2
14583,6,2
14588,10,8
14593,12,1
14598,12,4
14603,10,8
14608,9,11
14613,12,3
14618,12,6
14623,8,7
14628,7,2
14633,10,8
14638,7,8
14643,6,4
14648,5,8
14653,8,1
14658,10,0
14663,10,5
14668,12,4
14673,8,2
14678,10,2
14683,8,11
14688,7,8
14693,9,4
14698,8,1
14703,10,8
14708,12,2
14713,7,4
14718,10,1
14723,7,2
14728,10,1
14733,10,11
14738,8,8
14743,10,1
14748,12,2
14753,7,7
14758,8,1
14763,8,8
14768,6,11
14773,4,7
14778,11,11
14783,10,1
14788,12,8
14793,10,1
14798,6,11
14803,7,2
14808,12,2
14813,10,4
14818,12,9
14823,12,8
14828,12,2
14833,9,2
14838,8,2
14843,12,2
14848,6,8
14853,5,1
14858,11,8
14863,12,4
14868,11,7
14873,10,8
14878,7,2
14883,11,1
14888,8,1
14893,11,3
14898,12,8
14903,10,2
14908,12,1
14913,10,3
14918,12,2
14923,8,1
14928,8,2
14933,12,8
14938,11,4
14943,8,2
14948,12,1
14953,12,11
14958,12,9
14963,8,2
14968,10,8
14973,10,1
14978,10,1
14983,12,1
14988,12,4
14993,5,11
14998,8,7
15003,10,2
15008,9,9
15013,10,9
15018,2,2
15023,12,11
15028,8,1
15033,12,7
15038,12,8
15043,8,8
15048,10,2
15053,12,2
15058,6,2
15063,7,2
15068,10,9
15073,12,11
15078,12,3
15083,12,9
15088,8,1
15093,12,7
15098,6,11
15103,10,2
15108,8,7
15113,12,3
15118,12,0
15123,12,7
15128,12,7
15133,8,4
15138,12,1
15143,4,8
15148,6,2
15153,12,1
15158,5,4
15163,11,2
15168,12,0
15173,12,3
15178,12,8
15183,6,1
15188,0,0
15193,12,8
15198,12,2
15203,6,9
15208,2,2
15213,12,11
15218,10,6
15223,8,8
15228,10,8
15233,10,1
15238,12,9
15243,8,1
15248,12,4
15253,10,4
15258,11,2
15263,12,0
15268,10,2
15273,12,3
15278,12,4
15283,4,8
15288,12,2
15293,10,1
15298,8,8
15303,8,7
15308,8,2
15313,12,8
15318,8,8
15323,12,1
15328,12,4
15333,8,2
15338,10,1
15343,7,4
15348,8,7
15353,10,7
15358,12,3
15363,12,2
15368,12,0
15373,12,8
15378,5,8
15383,6,2
15388,10,2
15393,8,2
15398,12,4
15403,7,2
15408,12,4
15413,7,4
15418,10,2
15423,8,2
15428,10,2
15433,8,12
15438,10,5
15443,10,1
15448,12,9
15453,7,2
15458,6,1
15463,6,11
15468,8,4
15473,12,8
15478,10,4
15483,3,5
15488,8,4
15493,8,2
15498,4,7
15503,10,2
15508,12,1
15513,8,7
15518,2,4
15523,10,2
15528,11,11
15533,11,2
15538,4,11
15543,12,2
15548,10,1
15553,12,2
15558,8,4
15563,8,8
15568,10,7
15573,6,1
15578,12,4
15583,8,8
15588,8,2
15593,8,9
15598,12,4
15603,9,2
15608,8,8
15613,12,8
15618,8,2
15623,8,8
15628,10,1
15633,12,11
15638,12,0
15643,10,7
15648,12,2
15653,8,3
15658,2,8
15663,12,2
15668,12,7
15673,12,8
15678,12,2
15683,3,2
15688,11,2
15693,10,11
15698,10,2
15703,8,8
15708,4,2
15713,10,2
15718,12,12
15723,12,2
15728,8,12
15733,1,8
15738,12,2
15743,8,2
15748,10,1
15753,5,1
15758,4,2
15763,3,1
15768,11,2
15773,12,2
15778,12,2
15783,12,2
15788,2,2
15793,10,3
15798,4,8
15803,6,2
15808,8,2
15813,8,2
15818,10,9
15823,8,3
15828,12,2
15833,8,2
15838,8,4
15843,10,9
15848,6,8
15853,12,1
15858,12,8
15863,12,2
15868,12,2
15873,10,4
15878,12,2
15883,12,9
15888,8,11
15893,10,7
15898,10,8
15903,12,2
15908,9,0
15913,12,8
15918,10,1
15923,5,2
15928,9,1
15933,10,2
15938,11,1
15943,10,4
15948,4,2
15953,12,8
15958,8,9
15963,10,1
15968,6,1
15973,10,7
15978,12,4
15983,8,6
15988,8,2
15993,8,2
15998,11,2
16003,12,8
16008,2,8
16013,10,2
16018,10,9
16023,12,2
16028,9,7
16033,10,2
16038,5,11
16043,12,12
16048,10,4
16053,12,2
16058,10,8
16063,3,4
16068,9,9
16073,8,9
16078,12,2
16083,10,7
16088,11,11
16093,12,1
16098,12,2
16103,5,7
16108,8,7
16113,11,3
16118,12,2
16123,8,4
16128,11,1
16133,12,11
16138,8,1
16143,9,4
16148,6,1
16153,11,2
16158,11,1
16163,12,11
16168,8,2
16173,4,2
16178,10,2
16183,10,8
16188,12,4
16193,10,2
16198,12,1
16203,10,1
16208,11,11
16213,10,9
16218,6,4
16223,7,1
16228,12,7
16233,7,2
16238,3,2
16243,8,1
16248,12,3
16253,8,8
16258,8,3
16263,4,0
16268,6,7
16273,12,1
16278,10,2
16283,10,7
16288,3,2
16293,1,2
16298,10,6
16303,7,9
16308,8,11
16313,6,8
16318,11,11
16323,6,8
16328,10,8
16333,10,7
16338,8,5
16343,6,8
16348,11,0
16353,12,2
16358,4,11
16363,6,1
16368,4,8
16373,6,2
16378,10,4
16383,5,2
16388,8,9
16393,11,4
16398,8,1
16403,10,2
16408,8,1
16413,12,11
16418,8,4
16423,6,7
16428,10,8
16433,10,2
16438,12,8
16443,10,7
16448,12,7
16453,9,1
16458,11,2
16463,8,2
16468,12,2
16473,10,11
16478,10,9
16483,12,4
16488,12,2
16493,11,2
16498,10,2
16503,8,1
16508,12,4
16513,12,4
16518,11,2
16523,11,8
16528,10,4
16533,6,4
16538,9,1
16543,6,4
16548,12,8
16553,12,11
16558,12,0
16563,5,1
16568,6,4
16573,7,2
16578,4,1
16583,12,4
16588,10,8
16593,12,2
16598,10,8
16603,6,11
16608,12,11
16613,0,7
16618,10,2
16623,8,8
16628,10,2
16633,10,8
16638,10,11
16643,6,4
16648,8,2
16653,10,7
16658,8,3
16663,10,11
16668,4,2
16673,12,2
16678,8,8
16683,8,1
16688,11,2
16693,12,2
16698,2,3
16703,11,2
16708,11,11
16713,12,8
16718,8,4
16723,12,0
16728,12,7
16733,12,8
16738,10,2
16743,2,1
16748,12,7
16753,10,9
16758,12,7
16763,10,8
16768,10,9
16773,4,3
16778,10,7
16783,12,2
16788,10,9
16793,12,8
16798,12,7
16803,12,9
16808,10,2
16813,8,2
16818,12,2
16823,8,11
16828,10,9
16833,10,2
16838,12,2
16843,5,7
16848,12,6
16853,12,7
16858,12,2
16863,12,2
16868,12,8
16873,12,1
16878,10,0
16883,8,9
16888,12,2
16893,8,9
16898,12,2
16903,12,1
16908,12,11
16913,2,1
16918,10,0
16923,10,2
16928,10,8
16933,12,4
16938,2,8
16943,12,1
16948,11,2
16953,8,7
16958,6,8
16963,12,8
16968,12,8
16973,12,1
16978,12,11
16983,4,11
16988,6,2
16993,12,4
16998,4,11
17003,12,8
17008,2,2
17013,2,1
17018,2,1
17023,0,2
17028,12,4
17033,7,2
17038,5,2
17043,10,2
17048,12,4
17053,10,0
17058,7,1
17063,10,6
17068,10,2
17073,12,4
17078,8,2
17083,8,7
17088,10,9
17093,12,11
17098,12,11
17103,12,2
17108,12,2
17113,10,2
17118,12,3
17123,12,0
17128,1,2
17133,9,2
17138,8,1
17143,10,1
17148,10,2
17153,4,11
17158,8,9
17163,8,8
17168,12,2
17173,5,8
17178,8,0
17183,8,2
17188,12,1
17193,12,8
17198,10,2
17203,10,2
17208,10,8
17213,8,11
17218,12,2
17223,8,8
17228,12,2
17233,12,2
17238,8,2
17243,10,4
17248,10,2
17253,2,8
17258,12,1
17263,2,11
17268,12,1
17273,12,2
17278,12,8
17283,10,3
17288,7,2
17293,8,8
17298,12,7
17303,3,2
17308,8,1
17313,6,2
17318,3,0
17323,10,2
17328,5,11
17333,1,2
17338,10,1
17343,12,8
17348,8,3
17353,12,7
17358,12,4
17363,12,2
17368,5,4
17373,12,9
17378,4,2
17383,10,2
17388,12,2
17393,12,4
17398,8,1
17403,5,11
17408,2,8
17413,8,8
17418,8,8
17423,12,2
17428,5,4
17433,9,2
17438,3,9
17443,5,5
17448,9,11
17453,12,1
17458,8,1
17463,12,2
17468,8,8
17473,12,8
17478,5,9
17483,12,2
17488,10,2
17493,2,1
17498,12,2
17503,4,8
17508,12,2
17513,12,8
17518,10,2
17523,10,2
17528,12,9
17533,12,8
17538,5,4
17543,8,0
17548,10,11
17553,8,8
17558,12,2
17563,10,2
17568,6,8
17573,10,2
17578,2,1
17583,12,0
17588,12,1
17593,8,2
17598,11,3
17603,12,8
17608,5,8
17613,8,2
17618,10,8
17623,11,8
17628,12,4
17633,7,11
17638,4,11
17643,7,9
17648,10,9
17653,8,0
17658,10,1
17663,7,11
17668,10,1
17673,2,2
17678,7,8
17683,12,2
17688,8,3
17693,4,9
17698,1,2
17703,12,9
17708,12,7
17713,10,1
17718,8,0
17723,10,2
17728,12,7
17733,12,0
17738,7,3
17743,10,2
17748,10,8
17753,12,2
17758,6,2
17763,10,2
17768,8,4
17773,11,3
17778,10,2
17783,12,8
17788,12,3
17793,8,1
17798,11,9
17803,10,2
17808,12,1
17813,4,2
17818,12,1
17823,10,1
17828,8,9
17833,5,2
17838,8,8
17843,10,3
17848,10,4
17853,12,2
17858,12,4
17863,7,2
17868,12,7
17873,12,11
17878,12,1
17883,12,8
17888,12,1
17893,10,8
17898,10,2
17903,2,8
17908,8,8
17913,11,2
17918,12,8
17923,12,2
17928,8,2
17933,8,8
17938,10,8
17943,12,4
17948,8,2
17953,12,8
17958,10,1
17963,2,1
17968,7,9
17973,10,2
17978,12,2
17983,9,4
17988,11,5
17993,2,2
17998,10,11
18003,10,7
18008,5,7
18013,12,2
18018,12,11
18023,10,8
18028,8,0
18033,12,4
18038,7,2
18043,8,2
18048,10,2
18053,12,1
18058,6,2
18063,8,2
18068,6,4
18073,12,2
18078,6,2
18083,7,0
18088,10,2
18093,8,2
18098,8,4
18103,6,7
18108,12,1
18113,8,2
18118,4,2
18123,12,0
18128,10,2
18133,4,1
18138,12,7
18143,10,2
18148,10,11
18153,10,1
18158,12,11
18163,5,2
18168,8,3
18173,12,7
18178,6,4
18183,10,2
18188,5,4
18193,12,1
18198,8,1
18203,11,11
18208,12,9
18213,9,8
18218,10,2
18223,3,2
18228,12,0
18233,6,7
18238,10,7
18243,12,1
18248,12,8
18253,10,9
18258,12,3
18263,12,5
18268,12,2
18273,10,1
18278,2,2
18283,12,2
18288,10,7
18293,1,7
18298,12,2
18303,10,7
18308,7,2
18313,10,2
18318,10,3
18323,12,2
18328,12,11
18333,12,1
18338,10,1
18343,5,8
18348,8,2
18353,11,9
18358,8,0
18363,5,1
18368,12,8
18373,12,2
18378,7,4
18383,12,1
18388,12,11
18393,11,4
18398,9,11
18403,4,1
18408,6,2
18413,7,9
18418,12,3
18423,8,1
18428,12,11
18433,10,2
18438,12,1
18443,11,2
18448,12,2
18453,12,2
18458,8,4
18463,8,8
18468,8,2
18473,12,1
18478,7,4
18483,11,8
18488,12,1
18493,10,1
18498,10,2
18503,12,8
18508,12,4
18513,8,8
18518,12,8
18523,0,7
18528,10,1
18533,12,1
18538,12,2
18543,12,7
18548,12,4
18553,12,2
18558,10,2
18563,8,1
18568,11,2
18573,8,1
18578,8,12
18583,10,2
18588,10,2
18593,8,0
18598,10,2
18603,6,4
18608,10,1
18613,10,2
18618,10,8
18623,8,8
18628,7,1
18633,8,8
18638,12,2
18643,8,2
18648,10,4
18653,12,2
18658,12,9
18663,2,1
18668,2,2
18673,5,2
18678,12,6
18683,12,8
18688,2,1
18693,9,11
18698,2,0
18703,12,2
18708,8,8
18713,12,1
18718,10,1
18723,7,7
18728,7,0
18733,6,2
18738,12,8
18743,8,9
18748,10,7
18753,4,11
18758,8,2
18763,10,8
18768,12,2
18773,12,8
18778,7,7
18783,10,7
18788,2,2
18793,10,2
18798,10,1
18803,12,2
18808,8,4
18813,12,2
18818,10,9
18823,5,4
18828,12,3
18833,10,2
18838,10,2
18843,12,9
18848,8,4
18853,10,0
18858,8,2
18863,4,0
18868,12,9
18873,12,7
18878,9,8
18883,8,4
18888,8,2
18893,10,2
18898,6,2
18903,12,8
18908,10,4
18913,8,1
18918,12,0
18923,8,10
18928,8,2
18933,10,2
18938,7,11
18943,12,1
18948,9,1
18953,8,0
18958,10,2
18963,10,8
18968,5,11
18973,12,8
18978,2,2
18983,6,4
18988,10,1
18993,8,8
18998,6,0
19003,10,4
19008,8,7
19013,8,1
19018,12,9
19023,10,8
19028,10,7
19033,8,2
19038,8,7
19043,8,1
19048,8,7
19053,10,2
19058,10,9
19063,12,2
19068,12,8
19073,11,1
19078,11,1
19083,12,9
19088,10,1
19093,12,4
19098,6,2
19103,8,2
19108,12,0
19113,10,8
19118,8,2
19123,8,2
19128,12,11
19133,11,8
19138,8,7
19143,12,2
19148,12,11
19153,6,8
19158,10,2
19163,5,8
19168,12,1
19173,12,8
19178,10,2
19183,7,2
19188,1,2
19193,10,2
19198,12,2
19203,12,8
19208,2,1
19213,8,3
19218,10,7
19223,12,8
19228,6,4
19233,12,1
19238,12,9
19243,12,4
19248,6,1
19253,6,3
19258,7,4
19263,4,0
19268,12,2
19273,10,1
19278,10,2
19283,12,8
19288,5,8
19293,10,8
19298,4,2
19303,12,2
19308,10,2
19313,12,4
19318,12,2
19323,5,2
19328,10,1
19333,10,2
19338,5,2
19343,12,1
19348,8,2
19353,8,2
19358,10,7
19363,12,7
19368,5,0
19373,12,4
19378,12,8
19383,4,11
19388,7,8
19393,12,1
19398,12,4
19403,8,7
19408,10,9
19413,12,2
19418,12,1
19423,10,0
19428,10,3
19433,10,8
19438,10,9
19443,8,11
19448,10,1
19453,1,7
19458,8,3
19463,12,8
19468,12,2
19473,11,2
19478,7,2
19483,8,2
19488,8,2
19493,8,8
19498,2,11
19503,4,1
19508,8,9
19513,12,7
19518,10,4
19523,8,2
19528,8,1
19533,5,3
19538,6,2
19543,12,7
19548,4,3
19553,12,11
19558,8,2
19563,8,4
19568,8,9
19573,10,8
19578,12,1
19583,8,4
19588,10,2
19593,10,2
19598,8,8
19603,12,3
19608,6,4
19613,10,8
19618,8,0
19623,5,4
19628,8,2
19633,12,2
19638,8,4
19643,12,8
19648,2,4
19653,10,1
19658,12,2
19663,12,2
19668,5,8
19673,10,1
19678,12,7
19683,10,7
19688,10,1
19693,7,11
19698,10,8
19703,11,8
19708,12,4
19713,2,7
19718,8,1
19723,8,8
19728,4,7
19733,10,8
19738,11,4
19743,12,2
19748,12,9
19753,4,3
19758,12,4
19763,12,1
19768,11,4
19773,8,8
19778,5,2
19783,12,1
19788,12,2
19793,5,2
19798,12,2
19803,12,2
19808,10,2
19813,11,8
19818,12,2
19823,8,3
19828,7,2
19833,10,4
19838,4,8
19843,12,1
19848,9,2
19853,10,2
19858,12,2
19863,1,4
19868,8,8
19873,12,1
19878,8,4
19883,12,1
19888,6,1
19893,12,8
19898,10,2
19903,8,8
19908,10,2
19913,12,2
19918,10,9
19923,10,1
19928,2,8
19933,12,9
19938,5,2
19943,12,7
19948,8,2
19953,6,2
19958,8,3
19963,10,12
19968,6,4
19973,12,8
19978,3,2
19983,12,2
19988,8,2
19993,12,7
19998,8,1
20003,8,2
20008,3,7
20013,8,1
20018,8,9
20023,5,8
20028,6,4
20033,4,1
20038,8,8
20043,5,2
20048,4,2
20053,8,1
20058,5,2
20063,8,1
20068,7,8
20073,8,11
20078,8,8
20083,5,2
20088,7,11
20093,8,8
20098,5,8
20103,6,9
20108,9,8
20113,12,8
20118,5,2
20123,12,4
20128,7,11
20133,11,8
20138,8,8
20143,11,2
20148,8,0
20153,5,9
20158,7,5
20163,9,11
20168,10,2
20173,8,9
20178,10,1
20183,8,5
20188,11,11
20193,5,2
20198,5,0
20203,12,9
20208,5,9
20213,6,11
20218,8,2
20223,6,7
20228,7,4
20233,8,4
20238,3,2
20243,3,2
20248,8,8
20253,8,2
20258,9,2
20263,12,8
20268,5,1
20273,7,9
20278,11,8
20283,8,11
20288,12,11
20293,8,2
20298,8,12
20303,5,11
20308,8,9
20313,4,4
20318,3,1
20323,7,4
20328,3,0
20333,7,1
20338,8,2
20343,5,4
20348,7,0
20353,8,1
20358,8,1
20363,7,4
20368,8,2
20373,8,0
20378,5,5
20383,3,8
20388,7,1
20393,8,2
20398,3,11
20403,8,2
20408,10,4
20413,8,1
20418,5,2
20423,5,8
20428,4,8
20433,8,7
20438,7,7
20443,11,8
20448,8,8
20453,9,2
20458,7,1
20463,5,1
20468,4,8
20473,8,0
20478,12,9
20483,11,2
20488,8,7
20493,5,4
20498,8,4
20503,8,12
20508,5,2
20513,8,2
20518,8,8
20523,12,1
20528,7,2
20533,9,4
20538,2,2
20543,8,1
20548,11,7
20553,12,7
20558,8,4
20563,8,4
20568,5,6
20573,5,2
20578,12,4
20583,5,2
20588,10,8
20593,12,1
20598,5,2
20603,12,11
20608,8,4
20613,5,3
20618,5,11
20623,8,4
20628,3,9
20633,12,7
20638,8,2
20643,11,2
20648,8,7
20653,10,2
20658,8,1
20663,10,11
20668,10,7
20673,8,1
20678,8,2
20683,4,2
20688,8,8
20693,12,0
20698,4,1
20703,8,2
20708,8,8
20713,7,1
20718,9,2
20723,3,2
20728,8,1
20733,8,2
20738,10,3
20743,11,2
20748,7,11
20753,5,11
20758,8,1
20763,10,9
20768,12,7
20773,8,2
20778,12,7
20783,7,2
20788,12,11
20793,4,2
20798,12,7
20803,8,7
20808,8,1
20813,5,8
20818,8,8
20823,11,2
20828,11,3
20833,4,2
20838,12,2
20843,10,2
20848,7,2
20853,8,1
20858,8,12
20863,8,8
20868,8,8
20873,12,9
20878,12,4
20883,2,1
20888,1,11
20893,12,4
20898,8,8
20903,11,8
20908,11,2
20913,11,1
20918,8,2
20923,8,6
20928,2,7
20933,4,2
20938,12,9
20943,7,2
20948,5,1
20953,5,2
20958,7,1
20963,5,2
20968,8,1
20973,4,9
20978,7,9
20983,8,9
20988,8,7
20993,12,8
20998,12,1
21003,5,7
21008,7,11
21013,8,8
21018,5,7
21023,7,2
21028,8,8
21033,5,2
21038,8,11
21043,5,2
21048,5,0
21053,10,2
21058,5,7
21063,5,2
21068,5,2
21073,5,1
21078,12,2
21083,8,1
21088,9,2
21093,5,2
21098,8,7
21103,1,2
21108,12,2
21113,5,1
21118,5,11
21123,7,8
21128,10,1
21133,8,2
21138,9,1
21143,5,8
21148,5,0
21153,7,2
21158,7,2
21163,5,8
21168,8,0
21173,8,3
21178,8,3
21183,8,8
21188,8,9
21193,7,4
21198,4,8
21203,5,2
21208,5,11
21213,9,11
21218,5,4
21223,5,8
21228,7,2
21233,9,1
21238,5,11
21243,10,2
21248,8,1
21253,9,2
21258,4,2
21263,5,2
21268,7,4
21273,9,3
21278,11,8
21283,11,7
21288,7,2
21293,7,2
21298,9,1
21303,5,2
21308,10,2
21313,5,8
21318,8,3
21323,11,2
21328,5,9
21333,7,8
21338,12,4
21343,3,4
21348,8,8
21353,7,2
21358,8,4
21363,10,0
21368,5,8
21373,8,2
21378,8,8
21383,8,4
21388,8,9
21393,7,2
21398,7,7
21403,8,2
21408,5,4
21413,2,2
21418,5,7
21423,8,2
21428,10,2
21433,7,1
21438,12,1
21443,10,2
21448,8,2
21453,8,4
21458,5,3
21463,11,8
21468,12,3
21473,10,4
21478,3,7
21483,8,11
21488,8,2
21493,9,2
21498,8,2
21503,5,2
21508,7,2
21513,12,2
21518,7,2
21523,8,8
21528,8,8
21533,10,2
21538,8,2
21543,8,4
21548,10,4
21553,4,2
21558,7,8
21563,8,9
21568,7,9
21573,8,8
21578,8,3
21583,3,9
21588,8,2
21593,7,1
21598,8,2
21603,8,1
21608,8,4
21613,4,4
21618,8,7
21623,8,2
21628,8,8
21633,5,3
21638,5,8
21643,11,2
21648,7,11
21653,8,2
21658,8,1
21663,5,8
21668,4,2
21673,12,7
21678,11,2
21683,7,1
21688,5,6
21693,8,1
21698,5,2
21703,8,1
21708,8,2
21713,8,4
21718,2,2
21723,7,8
21728,12,11
21733,11,2
21738,6,1
21743,8,7
21748,8,1
21753,5,4
21758,5,9
21763,5,3
21768,12,3
21773,12,8
21778,8,8
21783,5,4
21788,8,2
21793,12,11
21798,4,2
21803,12,4
21808,9,11
21813,12,11
21818,4,2
21823,5,2
21828,7,1
21833,8,4
21838,7,2
21843,8,1
21848,8,4
21853,5,1
21858,7,9
21863,8,8
21868,5,8
21873,5,8
21878,4,4
21883,8,1
21888,8,1
21893,7,2
21898,12,7
21903,5,8
21908,11,7
21913,10,3
21918,8,11
21923,5,8
21928,7,2
21933,11,2
21938,8,4
21943,8,8
21948,12,2
21953,8,8
21958,8,1
21963,11,8
21968,8,9
21973,6,11
21978,9,1
21983,5,4
21988,5,9
21993,8,1
21998,5,2
22003,10,11
22008,5,3
22013,5,2
22018,7,7
22023,8,2
22028,5,2
22033,7,2
22038,8,2
22043,5,4
22048,5,1
22053,8,2
22058,4,4
22063,5,4
22068,8,11
22073,5,8
22078,5,2
22083,4,2
22088,5,0
22093,3,2
22098,8,2
22103,7,2
22108,7,4
22113,8,2
22118,8,2
22123,8,4
22128,10,1
22133,8,2
22138,4,2
22143,8,7
22148,12,2
22153,4,2
22158,5,8
22163,7,1
22168,5,4
22173,12,2
22178,3,0
22183,12,7
22188,5,8
22193,11,2
22198,12,2
22203,11,8
22208,8,2
22213,8,1
22218,8,1
22223,5,11
22228,8,1
22233,12,8
22238,7,1
22243,8,1
22248,8,4
22253,8,9
22258,5,8
22263,12,4
22268,8,1
22273,3,2
22278,9,9
22283,8,2
22288,8,2
22293,7,8
22298,5,1
22303,8,11
22308,5,2
22313,8,4
22318,8,1
22323,5,11
22328,8,7
22333,8,1
22338,8,1
22343,7,2
22348,12,2
22353,7,2
22358,8,9
22363,5,8
22368,4,2
22373,8,2
22378,8,11
22383,5,2
22388,12,2
22393,7,2
22398,8,4
22403,4,2
22408,12,2
22413,4,2
22418,2,8
22423,8,6
22428,7,2
22433,5,1
22438,2,9
22443,8,9
22448,5,7
22453,5,7
22458,5,8
22463,12,2
22468,3,2
22473,7,2
22478,7,2
22483,5,2
22488,8,8
22493,7,2
22498,5,8
22503,8,8
22508,8,11
22513,7,11
22518,5,2
22523,8,4
22528,12,2
22533,10,4
22538,8,3
22543,9,1
22548,5,8
22553,10,4
22558,7,1
22563,7,7
22568,8,4
22573,8,1
22578,5,3
22583,8,4
22588,12,2
22593,12,2
22598,7,8
22603,5,2
22608,8,9
22613,5,11
22618,5,2
22623,8,8
22628,2,2
22633,8,8
22638,3,4
22643,7,2
22648,5,11
22653,12,8
22658,5,7
22663,5,11
22668,8,8
22673,8,11
22678,5,1
22683,12,4
22688,5,7
22693,5,6
22698,8,2
22703,6,9
22708,9,2
22713,5,8
22718,5,11
22723,5,1
22728,5,9
22733,5,2
22738,7,2
22743,9,9
22748,9,2
22753,5,0
22758,8,2
22763,10,1
22768,7,2
22773,7,8
22778,4,2
22783,11,8
22788,11,2
22793,11,7
22798,12,4
22803,5,1
22808,8,2
22813,9,2
22818,8,2
22823,11,4
22828,7,2
22833,5,3
22838,2,2
22843,12,11
22848,4,2
22853,4,2
22858,12,2
22863,12,11
22868,7,8
22873,12,7
22878,5,3
22883,12,11
22888,8,11
22893,8,12
22898,8,2
22903,5,1
22908,12,9
22913,8,9
22918,8,1
22923,12,2
22928,8,11
22933,7,2
22938,12,2
22943,8,0
22948,4,7
22953,3,8
22958,7,2
22963,8,8
22968,7,0
22973,8,7
22978,7,9
22983,8,1
22988,8,8
22993,8,2
22998,7,4
23003,8,8
23008,5,2
23013,5,2
23018,5,1
23023,9,2
23028,8,1
23033,5,3
23038,7,2
23043,12,1
23048,9,2
23053,3,8
23058,4,7
23063,2,2
23068,5,7
23073,10,2
23078,8,1
23083,8,8
23088,3,4
23093,5,9
23098,5,8
23103,8,4
23108,9,2
23113,5,1
23118,12,8
23123,5,1
23128,7,2
23133,8,8
23138,5,2
23143,8,1
23148,8,8
23153,5,11
23158,5,2
23163,2,2
23168,5,11
23173,5,4
23178,12,8
23183,8,4
23188,11,2
23193,6,8
23198,4,2
23203,7,2
23208,5,4
23213,8,1
23218,8,2
23223,12,7
23228,10,4
23233,7,9
23238,8,8
23243,10,1
23248,7,2
23253,4,2
23258,7,2
23263,5,2
23268,12,8
23273,9,4
23278,5,2
23283,10,2
23288,7,2
23293,7,8
23298,9,8
23303,8,7
23308,8,2
23313,5,8
23318,8,2
23323,12,8
23328,8,8
23333,4,8
23338,4,11
23343,5,7
23348,3,2
23353,8,8
23358,5,9
23363,12,2
23368,11,7
23373,12,2
23378,12,4
23383,11,8
23388,8,2
23393,8,11
23398,4,11
23403,8,1
23408,10,8
23413,8,2
23418,8,1
23423,5,7
23428,5,2
23433,8,8
23438,8,8
23443,10,11
23448,4,2
23453,8,0
23458,7,8
23463,5,4
23468,5,0
23473,8,9
23478,7,4
23483,7,4
23488,8,8
23493,8,11
23498,9,11
23503,5,2
23508,8,9
23513,5,8
23518,8,5
23523,12,0
23528,9,2
23533,4,2
23538,9,4
23543,12,2
23548,8,2
23553,11,2
23558,8,1
23563,8,8
23568,5,4
23573,10,2
23578,8,8
23583,5,4
23588,11,4
23593,12,8
23598,4,8
23603,8,3
23608,12,3
23613,8,2
23618,3,2
23623,7,2
23628,12,2
23633,12,2
23638,9,2
23643,10,0
23648,5,8
23653,11,8
23658,5,4
23663,12,4
23668,5,11
23673,4,8
23678,9,1
23683,10,2
23688,12,2
23693,10,11
23698,6,2
23703,11,2
23708,5,1
23713,3,4
23718,8,8
23723,12,4
23728,12,2
23733,3,7
23738,5,1
23743,8,2
23748,8,2
23753,11,2
23758,5,7
23763,7,9
23768,8,2
23773,5,2
23778,9,3
23783,5,4
23788,2,8
23793,5,2
23798,8,2
23803,8,4
23808,5,1
23813,5,1
23818,2,4
23823,7,1
23828,12,2
23833,8,2
23838,8,7
23843,5,2
23848,8,1
23853,3,9
23858,12,4
23863,12,4
23868,7,2
23873,2,8
23878,10,7
23883,11,4
23888,3,8
23893,8,1
23898,12,0
23903,3,7
23908,8,8
23913,8,2
23918,12,8
23923,8,6
23928,8,4
23933,12,2
23938,7,9
23943,8,8
23948,11,9
23953,2,8
23958,8,11
23963,9,8
23968,5,4
23973,6,9
23978,8,8
23983,9,8
23988,8,2
23993,8,1
23998,5,9
24003,7,8
24008,10,2
24013,8,8
24018,7,8
24023,9,4
24028,8,1
24033,10,2
24038,3,2
24043,10,11
24048,10,2
24053,5,2
24058,9,8
24063,8,1
24068,9,2
24073,5,4
24078,7,2
24083,9,11
24088,5,8
24093,5,8
24098,12,3
24103,12,8
24108,11,8
24113,11,2
24118,2,1
24123,5,2
24128,12,2
24133,7,7
24138,5,2
24143,5,4
24148,11,8
24153,7,7
24158,5,11
24163,11,4
24168,12,1
24173,8,8
24178,7,2
24183,9,2
24188,5,2
24193,8,9
24198,7,2
24203,3,5
24208,5,8
24213,5,7
24218,8,9
24223,5,2
24228,4,2
24233,12,2
24238,3,1
24243,12,3
24248,8,6
24253,5,4
24258,7,2
24263,8,2
24268,5,4
24273,5,1
24278,3,1
24283,12,4
24288,5,2
24293,12,1
24298,5,2
24303,8,2
24308,8,1
24313,5,1
24318,5,2
24323,8,1
24328,8,2
24333,5,1
24338,8,7
24343,6,2
24348,8,9
24353,7,7
24358,11,2
24363,8,0
24368,12,1
24373,11,2
24378,12,7
24383,10,4
24388,5,2
24393,5,0
24398,12,2
24403,5,7
24408,12,7
24413,12,8
24418,5,8
24423,7,8
24428,8,1
24433,3,2
24438,12,1
24443,8,8
24448,7,2
24453,8,7
24458,12,8
24463,5,2
24468,8,1
24473,10,2
24478,5,4
24483,8,0
24488,8,7
24493,3,7
24498,5,3
24503,7,8
24508,8,7
24513,8,8
24518,5,11
24523,7,2
24528,8,0
24533,8,6
24538,8,11
24543,12,2
24548,10,2
24553,8,7
24558,9,8
24563,5,2
24568,5,11
24573,6,9
24578,8,8
24583,5,8
24588,8,1
24593,8,8
24598,8,2
24603,8,0
24608,9,9
24613,9,1
24618,12,7
24623,5,6
24628,8,3
24633,7,4
24638,7,1
24643,8,7
24648,11,1
24653,8,11
24658,12,8
24663,7,11
24668,7,4
24673,9,1
24678,5,1
24683,5,2
24688,12,8
24693,12,1
24698,8,1
24703,8,2
24708,8,4
24713,12,11
24718,9,9
24723,7,8
24728,8,11
24733,8,9
24738,10,1
24743,8,2
24748,12,2
24753,5,2
24758,8,1
24763,3,2
24768,5,7
24773,8,1
24778,9,5
24783,12,3
24788,4,4
24793,2,9
24798,12,2
24803,12,11
24808,5,2
24813,4,1
24818,12,11
24823,8,1
24828,7,2
24833,8,4
24838,5,2
24843,8,2
24848,8,2
24853,5,2
24858,12,2
24863,11,1
24868,8,8
24873,4,4
24878,7,7
24883,5,1
24888,4,11
24893,4,8
24898,7,2
24903,8,8
24908,9,11
24913,5,0
24918,5,1
24923,4,7
24928,7,2
24933,12,1
24938,4,9
24943,8,9
24948,8,2
24953,5,2
24958,5,4
24963,5,0
24968,12,11
24973,9,1
24978,9,2
24983,8,8
24988,5,8
24993,8,8
24998,2,8
25003,8,8
25008,6,2
25013,8,1
25018,10,2
25023,9,1
25028,2,1
25033,8,1
25038,5,2
25043,5,8
25048,8,8
25053,5,9
25058,2,1
25063,8,8
25068,7,2
25073,10,2
25078,8,3
25083,9,1
25088,2,4
25093,4,7
25098,5,0
25103,7,8
25108,5,2
25113,5,1
25118,5,8
25123,5,2
25128,7,11
25133,9,11
25138,7,7
25143,4,11
25148,12,2
25153,7,3
25158,12,7
25163,8,7
25168,8,1
25173,5,2
25178,8,9
25183,5,2
25188,10,2
25193,11,2
25198,12,0
25203,2,11
25208,5,8
25213,5,0
25218,8,4
25223,5,7
25228,8,0
25233,5,9
25238,8,8
25243,3,8
25248,12,9
25253,7,7
25258,5,8
25263,11,2
25268,12,8
25273,12,2
25278,7,1
25283,5,1
25288,8,8
25293,5,8
25298,5,2
25303,10,2
25308,5,2
25313,12,4
25318,8,2
25323,9,9
25328,7,2
25333,8,8
25338,8,2
25343,8,1
25348,5,4
25353,5,1
25358,8,1
25363,8,2
25368,11,4
25373,8,9
25378,12,2
25383,11,2
25388,8,4
25393,5,8
25398,7,1
25403,12,8
25408,5,2
25413,5,2
25418,8,1
25423,4,2
25428,8,1
25433,12,11
25438,12,8
25443,9,3
25448,8,4
25453,5,7
25458,12,8
25463,12,2
25468,12,8
25473,5,2
25478,8,1
25483,7,2
25488,12,2
25493,8,1
25498,12,1
25503,5,2
25508,10,8
25513,5,4
25518,7,2
25523,9,2
25528,8,8
25533,8,9
25538,4,11
25543,5,12
25548,12,2
25553,10,3
25558,7,8
25563,12,8
25568,8,8
25573,7,1
25578,8,11
25583,5,2
25588,9,7
25593,7,2
25598,8,8
25603,5,2
25608,5,2
25613,8,1
25618,5,8
25623,7,8
25628,8,8
25633,8,9
25638,7,7
25643,5,4
25648,4,3
25653,12,2
25658,12,2
25663,8,11
25668,12,2
25673,5,2
25678,7,1
25683,8,0
25688,9,1
25693,8,2
25698,4,2
25703,12,8
25708,4,2
25713,5,7
25718,5,1
25723,8,4
25728,7,2
25733,5,2
25738,5,2
25743,5,9
25748,11,2
25753,4,8
25758,7,0
25763,8,2
25768,5,2
25773,8,2
25778,3,1
25783,5,8
25788,7,4
25793,5,2
25798,5,1
25803,3,2
25808,5,2
25813,8,11
25818,5,11
25823,11,4
25828,5,8
25833,8,1
25838,7,8
25843,6,11
25848,9,2
25853,11,2
25858,9,2
25863,8,8
25868,4,3
25873,6,9
25878,5,7
25883,8,2
25888,4,4
25893,9,8
25898,12,2
25903,8,7
25908,7,11
25913,6,4
25918,9,4
25923,12,8
25928,12,2
25933,8,9
25938,12,2
25943,5,8
25948,3,11
25953,7,0
25958,12,2
25963,8,7
25968,5,8
25973,9,8
25978,4,9
25983,8,7
25988,8,8
25993,5,1
25998,12,1
26003,5,1
26008,4,7
26013,9,11
26018,2,1
26023,6,4
26028,5,3
26033,11,8
26038,9,2
26043,3,2
26048,5,1
26053,9,1
26058,7,4
26063,11,1
26068,8,1
26073,5,2
26078,11,8
26083,7,9
26088,4,4
26093,12,8
26098,5,7
26103,5,2
26108,8,4
26113,5,9
26118,7,4
26123,8,11
26128,8,8
26133,8,1
26138,5,2
26143,8,3
26148,8,8
26153,7,8
26158,5,8
26163,11,8
26168,4,11
26173,5,6
26178,5,2
26183,6,8
26188,7,2
26193,11,2
26198,12,0
26203,3,4
26208,11,2
26213,5,0
26218,7,4
26223,12,4
26228,12,8
26233,12,1
26238,5,2
26243,9,11
26248,8,2
26253,8,1
26258,8,2
26263,5,2
26268,9,2
26273,10,3
26278,5,7
26283,12,3
26288,8,4
26293,12,8
26298,6,4
26303,8,2
26308,8,7
26313,8,1
26318,9,8
26323,5,1
26328,5,4
26333,12,2
26338,12,8
26343,10,7
26348,8,1
26353,10,4
26358,8,2
26363,3,4
26368,6,1
26373,5,2
26378,7,2
26383,8,3
26388,12,2
26393,7,3
26398,7,0
26403,12,2
26408,8,1
26413,12,7
26418,12,4
26423,10,1
26428,6,0
26433,11,8
26438,7,4
26443,7,4
26448,4,9
26453,7,11
26458,5,9
26463,12,8
26468,5,8
26473,5,6
26478,5,1
26483,7,3
26488,8,9
26493,7,4
26498,5,2
26503,10,11
26508,11,11
26513,5,11
26518,8,9
26523,5,1
26528,11,6
26533,5,8
26538,5,4
26543,7,2
26548,12,4
26553,8,8
26558,12,8
26563,5,2
26568,5,2
26573,5,2
26578,12,2
26583,7,4
26588,12,4
26593,12,9
26598,5,3
26603,5,0
26608,12,7
26613,8,8
26618,4,0
26623,7,11
26628,7,2
26633,8,7
26638,10,11
26643,11,2
26648,12,3
26653,12,8
26658,5,2
26663,4,3
26668,5,2
26673,5,2
26678,4,4
26683,12,7
26688,8,11
26693,7,8
26698,10,2
26703,8,2
26708,9,8
26713,5,1
26718,3,4
26723,12,11
26728,10,1
26733,7,8
26738,8,1
26743,8,1
26748,12,8
26753,11,4
26758,4,9
26763,5,8
26768,4,8
26773,4,7
26778,12,2
26783,8,12
26788,6,1
26793,8,1
26798,8,2
26803,5,1
26808,8,2
26813,9,8
26818,12,8
26823,5,9
26828,8,2
26833,10,1
26838,7,1
26843,5,11
26848,12,1
26853,8,8
26858,5,1
26863,12,2
26868,11,1
26873,11,2
26878,5,2
26883,8,4
26888,8,7
26893,3,1
26898,12,1
26903,7,2
26908,7,3
26913,11,1
26918,10,2
26923,8,12
26928,7,11
26933,7,8
26938,8,1
26943,9,2
26948,5,8
26953,8,8
26958,6,4
26963,12,1
26968,12,8
26973,8,3
26978,5,11
26983,9,4
26988,4,11
26993,8,2
26998,5,4
27003,5,11
27008,4,9
27013,12,5
27018,5,8
27023,8,2
27028,5,2
27033,12,4
27038,5,11
27043,5,4
27048,5,2
27053,11,1
27058,1,8
27063,2,2
27068,5,1
27073,7,3
27078,4,11
27083,8,2
27088,2,7
27093,8,11
27098,8,2
27103,7,4
27108,12,0
27113,8,8
27118,5,2
27123,7,1
27128,8,2
27133,8,2
27138,8,5
27143,4,4
27148,12,8
27153,8,8
27158,9,1
27163,5,2
27168,4,2
27173,7,6
27178,10,9
27183,3,1
27188,4,7
27193,8,1
27198,8,11
27203,8,8
27208,11,2
27213,8,8
27218,5,3
27223,8,8
27228,5,3
27233,8,7
27238,4,2
27243,7,8
27248,11,8
27253,5,2
27258,9,8
27263,11,2
27268,8,2
27273,8,2
27278,7,3
27283,8,4
27288,5,2
27293,7,2
27298,12,4
27303,5,7
27308,12,1
27313,7,8
27318,7,12
27323,8,2
27328,8,8
27333,12,2
27338,3,11
27343,3,2
27348,8,11
27353,7,4
27358,5,8
27363,4,9
27368,5,2
27373,7,1
27378,12,1
27383,7,8
27388,5,3
27393,8,8
27398,7,4
27403,8,8
27408,7,1
27413,9,7
27418,8,8
27423,7,2
27428,8,2
27433,8,8
27438,3,1
27443,12,1
27448,7,4
27453,4,3
27458,8,2
27463,12,8
27468,4,6
27473,8,8
27478,9,2
27483,12,1
27488,7,2
27493,2,9
27498,3,11
27503,8,1
27508,12,4
27513,2,8
27518,8,2
27523,2,1
27528,4,4
27533,12,1
27538,12,4
27543,10,3
27548,8,2
27553,9,2
27558,7,2
27563,8,1
27568,2,1
27573,5,1
27578,8,2
27583,8,2
27588,5,2
27593,5,1
27598,8,8
27603,10,7
27608,10,7
27613,8,2
27618,8,2
27623,8,8
27628,5,2
27633,8,1
27638,8,2
27643,5,2
27648,7,1
27653,5,8
27658,5,9
27663,5,2
27668,8,2
27673,5,1
27678,10,2
27683,8,4
27688,7,8
27693,3,8
27698,4,2
27703,7,3
27708,8,1
27713,10,0
27718,3,2
27723,8,8
27728,7,2
27733,8,4
27738,7,2
27743,12,5
27748,7,2
27753,7,7
27758,12,4
27763,5,8
27768,8,1
27773,4,2
27778,8,11
27783,12,2
27788,12,9
27793,3,7
27798,10,2
27803,8,11
27808,12,2
27813,7,1
27818,4,2
27823,11,4
27828,8,2
27833,7,2
27838,12,8
27843,7,7
27848,7,11
27853,5,7
27858,5,1
27863,5,7
27868,5,8
27873,3,2
27878,8,12
27883,6,8
27888,8,1
27893,7,8
27898,12,2
27903,2,1
27908,12,2
27913,12,8
27918,5,2
27923,9,11
27928,4,8
27933,9,8
27938,8,1
27943,8,9
27948,12,7
27953,8,2
27958,7,2
27963,10,8
27968,8,7
27973,9,11
27978,4,5
27983,5,0
27988,12,1
27993,5,8
27998,5,2
28003,8,2
28008,8,8
28013,8,3
28018,5,4
28023,7,1
28028,4,4
28033,11,9
28038,8,1
28043,5,8
28048,5,2
28053,9,7
28058,5,4
28063,7,7
28068,11,8
28073,6,11
28078,7,11
28083,8,2
28088,12,2
28093,5,1
28098,12,2
28103,11,1
28108,5,7
28113,8,2
28118,7,1
28123,8,0
28128,8,1
28133,5,8
28138,9,2
28143,5,2
28148,8,2
28153,5,9
28158,8,8
28163,8,2
28168,9,2
28173,5,2
28178,7,8
28183,8,2
28188,7,8
28193,5,7
28198,12,2
28203,7,1
28208,5,0
28213,3,2
28218,5,4
28223,8,2
28228,12,8
28233,8,2
28238,11,7
28243,5,7
28248,10,0
28253,8,8
28258,3,4
28263,7,1
28268,5,2
28273,5,2
28278,8,3
28283,4,1
28288,5,8
28293,4,2
28298,8,2
28303,5,11
28308,8,11
28313,5,4
28318,7,2
28323,8,1
28328,8,2
28333,8,1
28338,12,3
28343,8,7
28348,4,1
28353,5,11
28358,7,2
28363,11,2
28368,8,1
28373,12,9
28378,10,8
28383,8,1
28388,8,7
28393,8,2
28398,8,2
28403,8,4
28408,10,7
28413,10,7
28418,2,11
28423,8,8
28428,7,8
28433,12,8
28438,5,2
28443,4,2
28448,12,2
28453,7,11
28458,8,1
28463,11,2
28468,10,5
28473,8,2
28478,2,3
28483,5,11
28488,5,2
28493,12,4
28498,9,9
28503,8,7
28508,8,8
28513,3,11
28518,12,2
28523,5,2
28528,8,12
28533,5,1
28538,8,7
28543,5,0
28548,8,2
28553,12,1
28558,5,1
28563,7,2
28568,4,9
28573,8,8
28578,5,3
28583,5,8
28588,8,2
28593,7,2
28598,5,1
28603,5,4
28608,4,7
28613,12,9
28618,6,3
28623,8,9
28628,12,4
28633,4,9
28638,8,2
28643,7,8
28648,8,1
28653,12,2
28658,8,9
28663,5,2
28668,11,8
28673,3,7
28678,5,1
28683,5,4
28688,5,7
28693,5,2
28698,3,2
28703,2,8
28708,7,2
28713,5,3
28718,12,2
28723,8,8
28728,12,8
28733,12,4
28738,10,11
28743,5,8
28748,5,2
28753,4,2
28758,3,8
28763,12,2
28768,8,8
28773,8,8
28778,10,11
28783,8,8
28788,7,11
28793,9,3
28798,5,7
28803,11,9
28808,8,0
28813,5,11
28818,5,4
28823,2,1
28828,8,2
28833,4,2
28838,5,1
28843,8,1
28848,8,2
28853,7,8
28858,12,8
28863,8,1
28868,9,9
28873,8,2
28878,2,8
28883,5,7
28888,12,11
28893,12,2
28898,8,7
28903,12,8
28908,8,8
28913,5,8
28918,8,1
28923,8,1
28928,8,1
28933,8,2
28938,3,2
28943,12,3
28948,9,8
28953,8,2
28958,12,7
28963,9,1
28968,2,8
28973,8,12
28978,12,11
28983,11,2
28988,5,4
28993,5,1
28998,7,7
29003,5,2
29008,12,7
29013,8,1
29018,8,2
29023,12,1
29028,5,9
29033,7,8
29038,7,2
29043,9,2
29048,11,2
29053,7,2
29058,8,7
29063,12,3
29068,4,7
29073,12,4
29078,7,7
29083,5,2
29088,7,4
29093,9,11
29098,1,9
29103,12,8
29108,12,1
29113,5,8
29118,7,2
29123,10,2
29128,12,2
29133,9,0
29138,8,2
29143,11,11
29148,11,1
29153,8,8
29158,8,2
29163,4,9
29168,8,4
29173,8,2
29178,11,2
29183,4,8
29188,8,2
29193,5,2
29198,11,7
29203,7,4
29208,12,3
29213,8,8
29218,3,2
29223,9,2
29228,11,2
29233,5,1
29238,5,8
29243,3,8
29248,7,11
29253,11,4
29258,3,2
29263,8,8
29268,5,4
29273,5,7
29278,8,2
29283,7,1
29288,7,2
29293,3,2
29298,5,2
29303,8,4
29308,12,0
29313,4,3
29318,12,1
29323,7,2
29328,7,8
29333,8,8
29338,8,1
29343,7,2
29348,6,0
29353,5,0
29358,5,7
29363,11,4
29368,5,9
29373,8,1
29378,12,2
29383,7,2
29388,4,2
29393,9,4
29398,11,2
29403,3,7
29408,4,8
29413,4,7
29418,8,11
29423,12,2
29428,8,8
29433,9,2
29438,11,8
29443,7,9
29448,8,8
29453,8,1
29458,7,11
29463,12,9
29468,12,2
29473,5,1
29478,8,2
29483,8,8
29488,8,8
29493,8,4
29498,8,2
29503,7,4
29508,12,1
29513,5,9
29518,7,1
29523,7,5
29528,12,3
29533,5,1
29538,4,4
29543,11,2
29548,7,8
29553,4,9
29558,5,3
29563,7,2
29568,12,0
29573,7,1
29578,9,3
29583,12,2
29588,4,0
29593,5,2
29598,7,4
29603,7,2
29608,8,8
29613,8,8
29618,5,2
29623,10,8
29628,7,2
29633,7,8
29638,7,2
29643,7,1
29648,8,2
29653,8,2
29658,5,11
29663,11,8
29668,9,2
29673,5,2
29678,2,4
29683,7,8
29688,7,1
29693,5,1
29698,8,1
29703,5,1
29708,11,8
29713,12,8
29718,12,9
29723,9,2
29728,5,8
29733,8,0
29738,7,2
29743,7,11
29748,5,2
29753,7,2
29758,8,8
29763,4,9
29768,5,2
29773,12,8
29778,7,1
29783,8,3
29788,5,1
29793,7,1
29798,9,1
29803,8,3
29808,12,11
29813,8,4
29818,7,8
29823,8,1
29828,12,4
29833,5,2
29838,4,8
29843,12,1
29848,4,1
29853,8,1
29858,8,9
29863,5,2
29868,6,9
29873,5,2
29878,7,2
29883,12,2
29888,8,2
29893,8,2
29898,11,2
29903,8,9
29908,11,8
29913,5,2
29918,0,9
29923,7,2
29928,7,2
29933,4,8
29938,9,9
29943,12,2
29948,8,1
29953,7,2
29958,7,2
29963,8,0
29968,8,7
29973,12,9
29978,4,8
29983,12,2
29988,8,2
29993,7,8
29998,5,2
