1,2,12
8,12,8
15,11,8
16,10,8
17,7,8
22,4,12
23,8,12
28,12,12
30,12,8
33,8,8
35,8,8
42,4,12
52,12,8
63,10,12
65,10,12
67,12,12
72,12,12
76,8,8
80,12,12
81,10,12
84,12,12
85,10,12
91,8,8
94,8,8
95,7,12
96,10,8
98,10,12
103,8,8
110,10,12
120,10,8
121,8,12
128,10,8
130,12,12
131,8,8
134,8,12
135,8,8
137,10,8
144,12,12
145,8,8
150,8,8
152,7,12
153,12,8
158,12,8
160,12,8
170,8,8
174,10,12
180,4,12
197,6,12
200,12,8
206,8,12
207,6,12
210,6,8
212,10,12
219,8,8
225,8,8
233,8,12
239,2,8
243,10,12
246,10,12
248,12,8
255,10,12
257,6,12
260,11,8
266,8,8
268,10,12
273,2,12
282,10,12
292,10,8
304,8,12
311,8,12
312,8,8
318,12,12
330,12,8
332,10,8
334,6,12
345,10,8
351,6,12
353,8,8
356,8,12
357,12,12
368,10,12
369,6,6
371,10,8
373,10,12
378,12,8
379,8,8
387,10,8
396,5,12
407,9,12
448,11,8
449,12,8
450,8,8
451,8,8
460,10,8
468,8,12
480,8,8
483,12,12
488,6,12
490,8,12
491,8,8
494,10,12
508,8,8
524,10,8
529,12,12
536,8,12
542,10,12
543,11,8
551,8,8
556,8,8
562,8,8
570,12,12
580,10,8
583,10,8
589,5,12
590,12,12
596,10,8
597,6,12
606,11,8
608,10,8
610,10,12
617,8,8
620,7,12
621,12,12
628,8,8
632,9,12
638,10,8
640,8,12
643,8,8
645,12,12
647,11,8
657,10,8
658,10,12
662,8,8
669,10,12
670,12,12
672,10,12
673,12,8
675,8,8
676,12,12
677,10,12
685,12,8
687,4,12
693,10,12
699,5,12
700,10,12
704,12,8
709,10,8
737,8,8
742,8,8
744,12,8
745,8,12
746,8,8
748,10,8
749,8,8
753,10,8
756,12,8
764,6,12
768,10,12
769,10,8
775,12,12
777,6,12
778,3,8
780,6,12
781,8,12
783,8,12
788,8,8
800,2,8
804,5,12
813,10,12
817,8,8
828,12,12
836,6,8
839,10,8
840,12,8
841,12,12
843,6,12
845,12,8
847,12,12
859,2,12
860,8,8
864,7,8
865,10,12
869,11,8
877,11,8
884,11,12
886,11,8
887,12,12
889,12,12
892,12,8
896,10,12
902,10,12
909,4,8
910,6,12
912,8,8
919,10,8
922,10,8
923,8,12
933,5,12
934,6,12
935,12,12
936,12,12
948,8,12
951,12,8
954,10,12
957,12,8
958,1,12
959,8,12
965,12,8
970,10,8
972,11,8
980,12,8
985,5,12
988,10,8
993,12,12
995,10,8
997,4,12
1002,8,12
1007,8,8
1012,5,8
1014,8,8
1015,8,8
1022,10,12
1035,11,8
1040,12,12
1048,10,12
1051,12,12
1060,11,12
1062,8,12
1063,6,8
1064,7,8
1068,10,12
1073,12,12
1082,12,8
1095,2,8
1101,10,8
1123,12,12
1134,10,12
1140,12,12
1141,8,8
1148,12,8
1149,8,8
1157,7,8
1163,6,12
1167,8,12
1169,4,12
1181,8,12
1192,8,12
1193,12,12
1196,12,12
1215,8,8
1216,12,12
1219,8,8
1233,12,8
1245,12,12
1259,8,12
1264,10,8
1273,10,12
1281,8,8
1282,6,8
1286,12,8
1288,12,12
1289,10,8
1292,3,8
1303,11,8
1309,6,8
1313,12,8
1317,7,12
1322,3,12
1326,10,12
1327,6,12
1328,10,8
1329,10,8
1333,6,8
1334,10,8
1335,12,8
1336,12,8
1339,10,12
1341,12,8
1347,11,8
1348,10,12
1349,9,12
1351,8,8
1358,7,12
1364,8,12
1365,10,12
1368,9,8
1374,10,12
1378,0,12
1383,10,12
1389,12,8
1395,10,12
1402,8,8
1407,10,8
1408,8,12
1412,12,8
1413,7,6
1427,11,8
1431,5,8
1435,8,12
1439,10,8
1440,12,12
1447,7,8
1450,10,12
1452,12,12
1461,5,12
1464,12,12
1465,8,8
1469,11,8
1472,12,8
1473,8,8
1476,10,12
1482,12,12
1483,10,8
1484,6,12
1489,12,12
1492,4,12
1495,5,12
1496,5,12
1512,10,12
1513,12,8
1525,12,12
1527,5,8
1533,8,8
1535,12,12
1539,8,8
1551,10,8
1555,8,8
1557,12,8
1570,12,8
1578,6,12
1582,6,12
1587,6,12
1604,11,12
1607,11,8
1616,12,8
1617,10,8
1646,12,12
1653,8,8
1658,8,12
1660,8,12
1669,8,12
1672,10,8
1675,10,12
1676,12,8
1682,10,12
1683,10,12
1687,12,12
1693,10,8
1698,10,8
1699,12,12
1709,8,12
1713,6,12
1715,2,12
1721,12,8
1723,12,8
1725,12,8
1726,10,12
1728,12,8
1731,8,8
1732,10,12
1736,5,12
1737,12,12
1738,4,12
1742,12,8
1744,12,8
1749,10,8
1750,12,12
1755,12,12
1762,8,12
1766,8,12
1768,10,8
1776,7,8
1777,11,12
1779,10,8
1781,10,12
1782,7,12
1784,8,12
1786,6,8
1788,12,8
1795,8,8
1801,10,8
1805,6,12
1806,12,8
1812,8,8
1814,6,8
1823,12,8
1828,12,8
1830,12,8
1831,8,8
1832,12,12
1834,8,8
1835,12,12
1842,10,8
1843,2,8
1844,11,8
1856,10,12
1861,8,8
1862,8,8
1864,2,8
1869,10,8
1873,8,12
1877,8,8
1883,5,8
1887,9,12
1902,10,12
1904,11,12
1911,12,12
1915,12,12
1921,10,8
1923,11,12
1925,12,12
1926,10,12
1932,12,12
1934,12,12
1935,8,8
1948,8,12
1951,7,12
1953,11,12
1959,6,12
1960,8,8
1961,6,8
1976,7,12
1996,2,8
2002,12,8
2003,11,8
2005,12,8
2008,10,12
2013,10,12
2016,5,8
2020,12,8
2024,12,12
2026,8,8
2031,12,8
2033,12,8
2038,6,12
2045,10,8
2046,10,12
2050,10,8
2064,10,8
2065,7,12
2072,12,8
2074,12,12
2077,8,8
2081,8,8
2088,5,12
2102,10,8
2106,12,12
2115,10,8
2117,4,12
2118,12,8
2122,5,12
2123,12,8
2125,10,8
2129,10,12
2141,12,12
2143,11,8
2144,12,8
2145,6,12
2148,10,8
2149,8,12
2152,10,8
2155,7,12
2156,12,8
2158,8,12
2159,10,12
2160,5,12
2165,9,12
2173,10,8
2179,8,8
2184,12,8
2188,12,12
2190,10,8
2201,12,12
2202,11,8
2211,10,12
2212,10,12
2227,6,12
2228,11,8
2231,12,8
2237,10,12
2246,12,8
2248,8,8
2250,2,12
2257,12,8
2262,11,8
2272,10,12
2276,12,12
2277,12,8
2283,10,8
2288,12,12
2290,10,8
2292,12,8
2302,12,8
2313,4,8
2325,12,12
2327,12,8
2330,12,12
2334,12,12
2341,12,12
2343,10,12
2365,8,12
2376,8,8
2384,10,12
2385,12,12
2389,8,8
2401,12,12
2403,8,8
2407,10,12
2413,8,12
2415,12,12
2417,8,8
2418,12,12
2419,11,8
2421,8,8
2429,12,8
2443,10,12
2445,10,12
2448,10,8
2449,6,12
2452,8,12
2472,7,8
2475,5,12
2476,8,8
2477,10,8
2478,10,12
2485,12,12
2501,12,8
2507,12,8
2511,11,8
2514,10,8
2517,12,8
2524,7,12
2525,12,8
2528,10,12
2536,8,12
2542,11,8
2543,8,8
2551,10,12
2553,12,8
2554,12,12
2557,10,8
2561,10,12
2565,10,12
2568,8,8
2573,12,12
2574,5,8
2582,8,8
2585,9,12
2594,10,12
2599,12,8
2602,12,12
2605,6,8
2607,11,12
2615,12,12
2633,10,12
2649,12,8
2656,5,8
2657,9,12
2659,6,12
2665,0,8
2671,12,12
2677,5,12
2684,8,12
2690,12,8
2691,12,12
2694,8,8
2700,8,12
2708,10,12
2722,10,12
2725,12,8
2727,3,12
2728,10,12
2731,8,12
2737,10,8
2741,12,8
2744,8,12
2756,12,8
2770,12,8
2774,7,12
2775,8,12
2779,8,12
2785,12,12
2786,10,12
2793,10,8
2801,10,12
2810,11,8
2815,10,12
2818,8,8
2819,8,12
2825,12,8
2827,12,12
2834,12,12
2850,10,8
2853,4,8
2858,8,8
2866,9,12
2877,5,8
2878,12,8
2879,8,12
2882,8,8
2887,8,8
2890,12,8
2893,12,12
2895,12,8
2904,10,12
2910,10,8
2919,8,8
2920,4,12
2922,10,12
2924,8,12
2925,8,8
2926,10,12
2939,8,8
2940,12,12
2951,12,12
2953,12,12
2956,6,8
2963,5,12
2978,12,8
2982,6,12
2987,5,8
3000,8,12
3003,11,12
3006,12,8
3009,12,8
3013,5,8
3015,12,12
3016,11,8
3036,8,8
3042,5,8
3049,10,12
3050,6,12
3053,10,12
3061,12,8
3066,12,12
3075,10,12
3077,11,12
3083,11,12
3086,7,12
3087,8,12
3090,10,12
3091,12,12
3092,12,12
3096,11,12
3097,12,8
3098,12,12
3099,12,12
3102,12,8
3108,10,8
3111,10,8
3113,10,12
3114,12,8
3115,12,8
3116,7,12
3118,8,8
3127,8,8
3129,3,8
3130,12,8
3134,5,8
3135,10,12
3140,10,12
3145,11,8
3150,8,12
3151,12,12
3156,12,12
3158,12,12
3159,10,8
3169,1,8
3174,12,8
3179,12,8
3191,12,12
3192,7,8
3196,12,12
3200,8,12
3204,11,8
3211,12,12
3214,8,12
3223,10,12
3226,5,12
3227,12,12
3231,10,12
3232,10,12
3235,10,8
3245,11,12
3249,8,12
3257,8,12
3261,3,12
3263,10,12
3266,11,8
3268,10,8
3271,9,12
3274,4,12
3291,6,12
3299,10,12
3303,12,8
3308,10,6
3312,9,8
3321,10,8
3337,7,8
3341,12,8
3342,12,12
3356,12,12
3358,10,12
3377,10,12
3390,10,12
3410,8,12
3412,10,8
3415,10,12
3436,11,12
3439,8,8
3445,12,8
3446,11,12
3456,10,8
3459,12,12
3464,2,12
3466,12,8
3471,12,8
3480,11,12
3482,10,12
3487,8,8
3494,2,8
3503,6,12
3507,12,12
3508,5,8
3518,12,12
3525,8,8
3527,11,12
3529,10,12
3532,10,8
3533,12,8
3549,10,12
3560,4,12
3570,7,8
3571,10,8
3574,12,12
3579,12,12
3582,10,12
3590,8,12
3602,10,8
3605,5,12
3620,7,8
3622,5,8
3627,12,8
3628,12,12
3630,9,8
3635,11,12
3647,7,8
3648,10,8
3658,12,12
3665,12,12
3674,8,8
3677,12,12
3679,8,12
3691,12,8
3696,6,8
3700,8,8
3707,8,12
3709,2,12
3712,10,12
3715,8,12
3717,9,8
3722,8,8
3724,12,12
3725,10,12
3726,10,12
3734,10,12
3736,10,8
3741,1,8
3745,10,12
3748,12,12
3754,6,12
3755,11,8
3758,10,12
3775,8,8
3778,12,12
3784,8,12
3790,11,12
3796,8,12
3809,9,8
3813,12,8
3819,7,12
3828,8,8
3838,10,8
3839,10,8
3842,10,12
3844,8,8
3849,10,12
3853,12,12
3856,12,8
3860,12,12
3865,8,12
3867,10,8
3868,10,8
3873,7,8
3874,10,12
3880,12,12
3883,12,12
3905,8,12
3909,12,8
3921,12,12
3927,12,8
3928,9,12
3929,1,8
3931,11,12
3938,6,8
3940,12,8
3950,12,12
3952,5,8
3976,8,8
3982,8,8
3997,8,8
3999,4,12
4005,12,12
4006,3,12
4046,9,8
4054,12,8
4056,12,12
4057,10,12
4059,1,12
4066,8,12
4072,12,8
4077,6,12
4095,10,12
4100,2,8
4119,6,12
4139,11,8
4146,2,8
4148,12,8
4160,10,12
4182,12,8
4190,8,8
4191,9,8
4199,7,12
4203,3,8
4205,12,12
4206,10,8
4208,12,12
4212,12,8
4216,12,12
4219,7,8
4229,10,8
4232,12,8
4233,7,8
4239,8,12
4240,8,8
4246,12,8
4252,12,12
4255,12,8
4259,8,8
4261,10,12
4263,12,12
4265,4,8
4268,10,12
4269,10,8
4277,10,12
4281,12,12
4284,12,12
4295,10,12
4306,8,8
4311,10,8
4312,6,12
4314,12,8
4321,10,8
4324,5,8
4342,4,8
4345,12,12
4347,10,12
4351,12,12
4358,8,8
4376,8,12
4382,11,12
4384,8,8
4386,12,8
4388,11,12
4391,8,6
4398,10,8
4400,12,8
4404,12,12
4415,12,8
4430,12,12
4443,12,12
4449,8,12
4468,5,12
4509,10,8
4511,10,12
4521,12,12
4524,10,8
4525,12,8
4530,8,8
4532,12,8
4538,8,12
4542,4,12
4545,6,12
4555,12,8
4564,7,12
4569,6,12
4575,10,12
4584,10,12
4588,12,8
4594,12,8
4596,7,12
4614,9,12
4615,9,8
4618,10,12
4621,8,8
4622,12,12
4630,12,8
4632,5,12
4634,10,12
4635,8,12
4636,8,8
4645,10,8
4657,5,12
4663,8,8
4669,12,12
4681,8,12
4689,10,8
4700,12,12
4707,4,12
4709,10,8
4711,2,12
4719,10,12
4720,8,12
4722,6,8
4729,12,8
4732,8,12
4735,7,12
4736,10,12
4737,10,8
4746,8,12
4748,8,8
4750,10,12
4753,12,12
4759,10,8
4762,5,12
4764,12,8
4766,10,8
4767,12,12
4777,10,12
4788,12,12
4792,11,12
4804,12,12
4812,5,12
4815,5,12
4824,10,12
4832,8,8
4839,8,12
4844,10,8
4846,10,8
4855,9,8
4856,10,12
4868,8,12
4873,8,8
4877,11,8
4878,10,12
4881,10,12
4887,12,12
4897,8,12
4898,10,12
4900,10,8
4902,4,12
4903,10,12
4905,10,12
4906,10,12
4914,11,12
4915,5,8
4921,12,12
4923,12,12
4935,10,8
4941,12,12
4942,8,12
4943,3,12
4945,6,12
4946,12,12
4948,8,8
4952,6,8
4954,6,12
4955,12,12
4956,10,8
4959,10,12
4960,12,8
4966,8,12
4970,12,12
4975,10,8
4978,12,12
4983,8,8
4984,12,8
4987,8,8
4994,12,8
4996,10,8
5006,10,12
5007,12,12
5015,5,12
5018,11,8
5020,6,8
5043,7,8
5045,10,8
5051,12,8
5058,8,12
5059,8,12
5062,10,8
5064,12,8
5066,12,12
5067,12,8
5071,10,8
5072,4,12
5075,7,12
5081,6,12
5089,12,12
5091,12,12
5095,2,8
5098,4,8
5104,6,8
5107,6,12
5108,11,12
5132,6,8
5134,7,12
5137,12,8
5153,5,8
5158,10,8
5169,12,12
5170,4,12
5172,11,12
5178,12,8
5179,11,12
5196,12,12
5198,2,8
5199,12,6
5205,12,12
5210,12,12
5211,10,8
5221,12,8
5225,10,8
5226,12,12
5228,12,8
5239,8,12
5240,12,8
5245,10,8
5264,10,8
5267,8,8
5275,12,12
5278,12,12
5287,9,12
5293,8,8
5296,5,12
5314,12,8
5320,10,12
5322,10,8
5328,12,12
5330,11,12
5334,10,8
5337,8,12
5345,10,8
5349,10,12
5351,10,12
5353,8,12
5364,10,12
5371,8,8
5374,8,8
5375,10,8
5380,7,12
5393,12,12
5394,5,8
5409,12,12
5411,8,12
5413,6,8
5415,4,8
5422,3,12
5427,5,12
5431,12,8
5434,8,12
5442,12,8
5452,12,12
5473,12,8
5474,8,8
5482,7,12
5495,8,12
5497,10,12
5510,12,8
5511,2,12
5522,5,12
5529,12,12
5534,12,8
5540,5,12
5546,11,8
5547,10,12
5549,12,8
5564,12,12
5568,10,12
5569,12,12
5574,6,12
5579,12,8
5582,12,8
5586,12,12
5588,12,12
5591,12,12
5597,5,12
5600,6,12
5603,12,8
5619,10,8
5622,12,8
5623,12,12
5624,8,8
5632,8,12
5635,10,12
5641,2,8
5649,10,8
5667,8,8
5669,5,8
5674,12,12
5677,12,12
5678,12,12
5681,12,8
5689,10,12
5690,12,12
5691,10,12
5697,8,8
5698,10,8
5700,12,12
5707,11,12
5716,12,12
5727,12,12
5730,12,8
5736,8,12
5738,8,8
5739,10,8
5747,8,8
5750,12,12
5759,12,8
5761,5,8
5764,10,8
5765,8,12
5767,12,12
5771,12,12
5777,6,8
5780,12,8
5784,10,8
5786,8,12
5796,10,12
5799,12,8
5804,4,12
5805,7,12
5809,10,8
5820,8,12
5824,12,8
5828,5,12
5836,8,8
5839,9,12
5844,6,12
5845,12,12
5849,12,12
5856,8,8
5861,12,8
5864,12,12
5865,12,8
5866,12,8
5869,1,8
5870,8,12
5877,10,12
5880,6,12
5887,10,12
5893,7,8
5894,9,8
5898,7,12
5914,11,12
5916,8,8
5918,10,8
5921,11,8
5922,8,8
5923,4,12
5924,12,12
5930,10,8
5939,5,12
5942,12,12
5943,11,8
5946,10,8
5948,10,8
5951,10,12
5963,4,8
5965,6,12
5967,5,8
5968,5,12
5970,12,8
5975,9,12
5980,12,12
5982,10,12
5985,12,8
5999,8,12
6007,10,12
6009,12,8
6023,8,12
6029,8,8
6039,8,8
6043,10,8
6044,12,12
6052,9,12
6056,12,8
6070,8,12
6071,9,12
6074,8,8
6080,6,12
6085,12,12
6088,12,8
6099,8,8
6105,8,8
6107,12,8
6118,12,12
6124,12,12
6125,7,12
6129,12,8
6131,12,12
6138,6,12
6139,12,12
6142,10,12
6148,8,12
6150,12,8
6155,10,12
6162,6,8
6166,12,8
6177,10,8
6186,8,12
6190,12,12
6204,9,12
6207,12,8
6208,7,8
6209,6,8
6210,5,12
6212,12,8
6215,8,8
6221,11,12
6226,8,8
6227,6,8
6229,12,12
6230,10,8
6234,12,8
6239,8,12
6241,12,12
6244,9,8
6251,12,12
6253,8,12
6260,12,8
6262,12,8
6264,12,12
6270,8,8
6273,7,12
6274,7,12
6276,5,12
6284,12,12
6285,10,12
6286,10,12
6291,6,12
6296,11,12
6298,8,12
6303,10,12
6304,7,12
6305,6,12
6314,11,6
6318,12,12
6321,12,12
6324,12,12
6326,8,12
6330,8,12
6331,6,12
6337,7,12
6340,8,12
6347,5,12
6351,12,12
6354,8,8
6355,12,8
6357,8,8
6358,12,12
6372,12,8
6374,10,8
6378,12,8
6384,8,12
6385,12,12
6393,12,12
6399,8,8
6403,10,12
6404,12,8
6407,8,8
6421,12,12
6422,10,12
6425,8,8
6427,6,8
6436,5,12
6443,8,8
6446,10,8
6453,10,8
6455,12,12
6461,12,12
6471,6,8
6476,0,12
6482,8,12
6486,10,12
6491,5,8
6493,10,12
6507,8,8
6509,10,12
6512,11,12
6518,10,12
6522,3,8
6523,7,12
6525,2,12
6528,4,12
6533,11,12
6535,12,8
6536,2,12
6537,8,8
6540,8,8
6541,12,8
6543,2,8
6544,10,8
6545,5,8
6560,8,8
6562,10,8
6568,8,12
6569,8,8
6571,9,12
6572,5,8
6573,11,8
6578,3,12
6581,10,12
6583,12,12
6585,11,12
6586,12,12
6587,12,8
6588,12,8
6590,5,12
6595,12,8
6599,5,8
6602,7,8
6603,5,12
6604,10,8
6627,10,12
6632,12,12
6634,12,12
6639,12,12
6642,12,12
6643,8,12
6644,10,12
6656,10,12
6657,12,12
6658,10,12
6663,11,12
6666,11,12
6677,4,8
6680,12,12
6681,11,12
6690,8,8
6696,12,8
6697,3,12
6698,10,8
6704,10,12
6713,8,8
6715,8,8
6722,10,8
6735,12,12
6737,6,12
6739,8,8
6746,12,12
6747,7,12
6749,12,8
6750,6,12
6751,10,12
6752,8,8
6754,8,8
6757,12,8
6760,2,8
6762,10,12
6770,8,8
6774,10,12
6790,4,12
6792,10,12
6797,10,12
6798,12,12
6803,5,12
6809,8,8
6810,12,12
6813,6,8
6821,12,12
6824,4,12
6826,8,12
6833,7,8
6839,2,12
6856,8,12
6861,12,12
6862,12,12
6865,12,12
6867,6,8
6868,9,12
6869,1,8
6870,10,8
6874,12,12
6877,10,8
6889,10,8
6896,0,12
6912,12,8
6913,12,12
6918,10,8
6927,11,8
6932,8,8
6940,8,12
6945,8,12
6946,10,12
6948,5,12
6950,9,12
6952,8,8
6953,4,8
6957,11,12
6963,12,12
6964,8,12
6965,5,12
6971,5,12
6972,0,12
6975,11,12
6983,5,12
6992,12,12
6994,12,12
7001,8,8
7003,10,8
7027,10,12
7028,6,8
7050,10,12
7052,11,8
7056,10,8
7061,10,12
7068,11,8
7077,7,8
7088,10,8
7106,11,12
7111,5,12
7116,12,12
7121,10,8
7124,5,12
7145,8,12
7156,8,12
7162,2,8
7163,5,12
7205,10,12
7208,12,12
7210,12,12
7213,12,12
7229,8,8
7230,6,12
7231,10,12
7233,11,8
7238,10,12
7242,10,8
7245,5,8
7255,10,12
7269,10,12
7270,12,12
7279,12,8
7280,10,12
7283,4,8
7285,11,8
7301,6,12
7305,9,12
7306,2,8
7313,10,8
7324,12,12
7326,12,12
7327,12,12
7329,10,12
7330,8,12
7333,11,8
7334,8,12
7338,7,12
7339,12,12
7340,10,12
7345,8,8
7353,10,12
7368,12,12
7374,10,8
7378,12,12
7386,12,8
7388,9,12
7397,10,8
7402,10,12
7403,12,12
7405,8,8
7408,7,12
7421,12,12
7422,8,8
7424,5,12
7432,8,12
7437,5,12
7439,3,12
7440,8,8
7444,8,8
7455,10,12
7460,11,12
7468,12,8
7478,12,12
7479,7,12
7482,10,8
7485,7,12
7491,12,12
7513,12,12
7514,3,12
7520,3,8
7532,10,12
7534,12,12
7547,12,8
7550,10,8
7555,2,12
7567,11,8
7568,11,8
7576,12,8
7581,9,8
7590,4,12
7596,5,8
7597,12,12
7599,12,8
7609,10,12
7611,8,12
7614,5,12
7622,12,8
7627,12,8
7630,2,8
7640,10,12
7644,10,8
7646,8,12
7647,12,12
7649,6,8
7650,8,12
7653,10,8
7655,5,12
7656,12,12
7663,12,8
7671,4,12
7680,8,8
7682,7,6
7692,12,12
7700,12,8
7715,8,8
7726,12,8
7735,5,8
7747,12,12
7752,7,12
7762,8,8
7768,0,8
7769,8,8
7770,1,8
7772,10,8
7779,11,12
7782,12,12
7790,8,8
7791,10,12
7795,12,8
7801,6,12
7804,7,8
7813,12,12
7820,10,8
7824,5,12
7845,8,12
7853,12,8
7856,8,12
7864,12,12
7867,8,12
7868,12,8
7870,12,8
7872,8,8
7875,12,12
7882,10,8
7883,10,8
7886,12,12
7896,3,8
7897,6,8
7903,12,8
7904,12,12
7905,10,12
7906,5,12
7911,10,8
7912,12,12
7914,8,12
7925,10,12
7926,8,8
7928,8,8
7929,12,12
7930,10,8
7933,12,8
7934,6,12
7945,12,8
7950,6,12
7970,12,8
7973,11,8
7975,12,8
7981,0,8
7986,10,12
7989,12,12
7990,3,12
7994,10,8
7997,12,12
8001,10,8
8008,5,8
8023,8,8
8036,11,12
8039,10,12
8045,8,8
8047,11,12
8048,10,8
8059,12,12
8060,1,8
8061,11,12
8072,10,12
8073,10,8
8074,3,12
8079,12,8
8086,12,8
8089,12,8
8106,10,8
8121,10,12
8124,5,12
8127,8,12
8131,12,12
8133,12,12
8136,8,8
8139,4,12
8141,10,12
8148,10,8
8149,2,8
8151,10,8
8160,6,12
8162,12,12
8170,8,12
8175,6,8
8180,12,12
8182,12,8
8190,6,12
8191,10,8
8192,12,12
8196,5,12
8210,9,12
8211,8,12
8213,3,12
8220,3,12
8226,8,8
8229,6,12
8232,6,12
8233,12,8
8235,10,12
8240,10,8
8243,12,12
8247,8,8
8251,12,12
8252,0,8
8266,12,12
8269,8,8
8273,6,12
8274,11,8
8277,12,12
8287,8,8
8288,8,8
8295,8,12
8297,12,8
8299,5,12
8302,12,12
8309,11,12
8316,10,12
8317,11,12
8319,10,12
8323,10,12
8325,12,8
8328,5,12
8333,12,12
8340,12,8
8343,12,12
8345,12,8
8356,11,8
8359,12,12
8377,10,12
8382,9,12
8384,4,8
8388,10,12
8389,12,12
8397,10,12
8410,12,12
8417,12,8
8419,12,12
8426,10,8
8429,3,12
8437,10,12
8441,8,8
8446,8,12
8449,12,12
8452,8,8
8462,12,12
8468,12,12
8469,10,8
8470,8,8
8480,10,8
8485,5,12
8487,7,12
8488,5,12
8489,11,12
8497,12,12
8508,8,8
8516,9,8
8518,10,12
8522,12,8
8535,12,12
8551,8,8
8553,9,8
8554,12,12
8556,12,8
8557,9,12
8562,2,12
8565,12,12
8567,10,8
8570,12,12
8580,1,12
8584,12,12
8586,6,8
8588,10,8
8591,12,8
8599,12,12
8601,10,12
8603,12,12
8624,10,8
8625,8,8
8635,10,12
8636,12,8
8637,2,8
8639,8,12
8640,12,12
8641,5,12
8644,10,12
8649,8,12
8653,5,12
8655,10,8
8665,10,12
8666,10,8
8669,11,12
8673,10,8
8675,10,8
8676,10,8
8679,10,12
8683,8,12
8685,12,12
8698,11,8
8705,10,8
8709,10,8
8720,8,12
8722,8,8
8727,7,12
8728,7,8
8733,10,8
8734,6,12
8739,12,12
8742,12,12
8745,10,8
8746,8,8
8747,8,8
8753,10,8
8758,9,8
8767,12,12
8768,10,8
8772,11,12
8773,3,12
8778,10,12
8784,12,12
8792,12,12
8824,8,12
8828,1,12
8833,12,8
8840,12,12
8843,10,12
8861,10,8
8866,6,8
8870,12,12
8875,12,12
8879,12,8
8887,9,12
8900,5,12
8912,12,12
8913,12,12
8917,10,12
8918,12,12
8919,4,12
8924,12,8
8925,8,8
8930,12,12
8932,11,12
8938,12,8
8939,10,12
8948,9,12
8949,10,8
8959,12,12
8969,5,12
8971,6,12
8976,8,8
8980,10,8
8981,10,12
8982,12,8
8990,12,8
9000,11,8
9001,12,8
9004,8,12
9005,8,12
9006,12,12
9015,5,8
9018,10,8
9032,8,12
9033,10,12
9037,12,8
9038,1,12
9050,10,12
9052,12,8
9057,8,12
9059,11,12
9063,8,12
9067,8,12
9070,8,12
9072,5,8
9078,8,12
9082,6,8
9091,12,8
9092,12,12
9098,12,8
9102,12,12
9112,9,12
9114,10,12
9115,10,12
9124,12,8
9126,12,8
9127,12,8
9128,12,12
9130,11,8
9139,4,12
9140,8,8
9143,11,12
9144,10,12
9154,12,12
9155,8,12
9159,12,8
9160,5,12
9170,8,12
9174,6,8
9177,8,8
9179,10,12
9182,11,8
9183,10,8
9188,12,8
9194,12,8
9197,12,12
9198,10,8
9205,8,8
9211,11,12
9212,12,12
9213,7,8
9222,10,12
9227,9,12
9234,12,12
9237,8,8
9240,10,8
9243,8,8
9251,8,12
9257,8,12
9259,11,8
9260,11,8
9263,12,8
9264,8,8
9282,10,12
9284,10,12
9291,10,12
9298,12,12
9307,10,8
9315,12,12
9320,8,8
9322,6,12
9335,4,8
9336,8,8
9338,11,8
9344,10,12
9345,8,8
9346,11,8
9347,8,12
9350,10,12
9356,6,12
9358,12,12
9367,10,12
9368,12,8
9385,8,12
9390,8,12
9399,12,8
9400,1,12
9403,5,12
9411,5,12
9414,12,8
9417,8,12
9423,5,12
9424,6,8
9429,11,12
9434,10,12
9435,7,8
9436,12,12
9438,12,12
9441,9,12
9449,12,8
9455,7,8
9470,10,12
9471,8,8
9474,8,12
9479,5,12
9485,8,12
9489,12,12
9492,12,12
9496,10,12
9506,11,12
9511,12,12
9519,8,8
9520,10,12
9531,12,8
9554,8,8
9557,8,8
9559,10,12
9560,8,8
9561,10,12
9563,10,12
9568,12,8
9569,8,12
9572,10,12
9581,10,12
9585,10,8
9586,9,12
9588,8,12
9589,12,12
9593,12,12
9599,9,12
9602,8,12
9603,10,12
9605,1,8
9613,10,8
9618,2,8
9631,10,12
9632,8,8
9636,10,12
9639,5,12
9651,8,8
9657,5,12
9662,10,8
9664,8,8
9680,12,8
9691,12,12
9692,12,12
9693,8,12
9694,7,12
9696,6,12
9697,10,12
9699,8,8
9706,10,12
9716,8,8
9720,12,12
9721,8,8
9725,5,8
9741,10,8
9745,8,8
9759,12,8
9767,12,12
9771,12,8
9774,5,12
9778,4,12
9783,12,12
9784,8,8
9785,10,12
9788,7,12
9798,8,8
9800,8,12
9806,3,12
9807,11,12
9808,10,12
9811,12,8
9823,8,8
9837,2,8
9841,12,8
9850,8,8
9859,12,12
9860,8,8
9862,12,8
9865,10,8
9871,9,8
9879,10,8
9880,12,12
9883,8,8
9888,12,8
9889,12,12
9912,10,8
9920,5,12
9923,8,8
9924,12,12
9930,8,12
9948,12,8
9949,11,8
9956,12,12
9962,6,12
9964,8,12
9968,12,12
9972,12,8
9976,12,12
9977,8,12
9981,8,12
9985,8,12
9986,10,12
9994,10,12
9995,8,8
10000,6,8
10002,12,8
10003,12,12
10004,10,8
10006,12,8
10014,8,8
10015,12,8
10023,9,12
10035,12,8
10040,8,8
10043,12,12
10045,10,12
10048,12,8
10055,12,12
10062,10,12
10070,12,8
10071,8,12
10073,12,12
10080,8,8
10085,10,12
10088,10,8
10091,10,12
10093,12,8
10103,8,8
10104,11,12
10107,5,12
10114,8,12
10120,2,8
10123,12,8
10125,12,8
10126,12,12
10127,1,8
10128,7,12
10129,8,8
10130,8,12
10132,10,8
10135,8,12
10138,10,12
10139,12,12
10144,10,8
10148,12,12
10153,12,12
10158,10,8
10159,11,8
10167,11,12
10172,10,12
10186,3,12
10188,12,8
10195,8,8
10222,10,12
10227,9,12
10230,12,12
10232,12,8
10235,6,8
10244,2,8
10245,8,8
10246,10,8
10251,11,12
10257,2,8
10259,8,12
10283,6,8
10284,12,12
10287,5,12
10294,10,12
10301,9,12
10302,8,12
10305,10,12
10306,11,12
10322,8,12
10324,10,8
10327,12,8
10332,10,8
10333,3,12
10335,2,12
10337,5,8
10339,10,12
10347,11,8
10358,8,8
10368,5,12
10369,12,12
10377,12,8
10379,7,12
10380,8,8
10383,4,12
10388,12,8
10397,12,12
10401,4,12
10411,10,12
10412,4,12
10420,12,12
10431,12,12
10432,8,12
10437,8,12
10442,12,8
10443,10,8
10446,11,8
10462,10,8
10464,12,12
10465,8,8
10466,12,12
10472,10,12
10490,7,12
10493,7,8
10495,12,8
10500,10,12
10505,12,8
10524,8,8
10527,11,12
10532,12,12
10533,11,12
10536,8,8
10540,8,8
10542,8,8
10543,10,8
10545,10,12
10552,8,8
10554,4,12
10560,12,8
10562,12,12
10566,8,8
10575,12,12
10576,6,8
10588,12,8
10604,3,8
10605,6,12
10608,12,12
10610,10,12
10615,12,8
10618,8,8
10621,12,12
10622,12,12
10627,12,8
10634,12,12
10635,12,8
10639,5,8
10640,4,12
10650,12,12
10661,10,8
10667,7,12
10668,10,12
10670,6,12
10675,12,12
10679,11,8
10681,12,8
10685,12,8
10688,9,12
10696,8,8
10703,8,8
10713,10,8
10715,12,8
10717,8,12
10730,8,8
10733,10,12
10744,12,12
10748,6,8
10753,12,12
10754,10,8
10756,8,12
10762,12,12
10774,12,12
10777,10,8
10780,12,8
10790,11,12
10791,12,12
10794,12,12
10798,8,8
10804,12,8
10805,10,8
10808,6,12
10816,5,12
10825,8,8
10829,12,12
10832,7,8
10835,12,8
10836,10,12
10837,7,12
10839,12,12
10841,7,8
10845,12,8
10846,8,12
10851,12,8
10875,12,8
10876,10,8
10879,8,12
10881,8,12
10883,8,8
10902,8,8
10910,8,12
10925,12,12
10932,12,8
10937,12,8
10950,4,12
10951,10,12
10952,8,12
10956,6,12
10962,12,8
10964,12,12
10969,6,12
10970,7,8
10973,12,12
10974,10,8
10975,6,12
10977,12,12
10984,8,8
10989,5,12
10994,12,12
10999,12,12
11007,10,8
11010,12,8
11013,12,12
11018,12,8
11019,12,8
11020,12,12
11029,10,8
11030,6,8
11053,12,12
11054,12,8
11055,8,8
11057,8,12
11063,12,8
11069,12,12
11072,10,8
11074,10,8
11076,8,8
11077,12,12
11079,12,12
11095,11,12
11109,8,8
11113,8,8
11115,12,12
11119,12,8
11120,12,12
11135,10,8
11138,10,12
11139,12,8
11141,9,8
11142,12,8
11152,12,12
11164,10,8
11169,11,8
11177,4,12
11183,10,8
11191,10,8
11192,10,12
11194,12,8
11200,10,12
11203,10,8
11213,10,8
11219,10,12
11231,10,12
11242,10,8
11249,8,8
11253,10,12
11254,10,12
11255,12,12
11258,8,8
11259,10,8
11262,12,12
11263,10,8
11268,10,8
11269,10,12
11271,10,8
11275,10,12
11277,12,8
11279,10,12
11284,12,12
11285,6,8
11290,10,12
11299,12,12
11306,12,12
11308,1,12
11316,12,12
11318,3,12
11322,1,12
11324,10,12
11331,12,12
11333,12,12
11347,12,8
11364,10,8
11374,8,12
11378,12,12
11398,12,8
11403,12,8
11404,5,12
11405,12,8
11407,8,12
11409,4,12
11411,6,8
11418,12,8
11420,8,8
11429,5,8
11433,10,12
11440,10,8
11441,10,12
11443,12,8
11446,6,12
11467,10,8
11468,12,12
11470,10,8
11472,9,8
11474,10,8
11482,10,8
11488,7,12
11491,12,8
11493,10,8
11498,10,12
11510,11,12
11525,8,8
11533,12,12
11534,8,8
11538,12,12
11554,10,8
11559,6,12
11563,12,12
11566,12,12
11568,12,12
11570,10,8
11576,11,12
11579,2,8
11581,11,12
11584,7,8
11591,8,12
11594,8,12
11597,10,12
11614,8,8
11624,10,12
11628,10,12
11630,5,12
11637,8,12
11639,11,12
11646,8,12
11650,11,8
11662,12,8
11665,12,12
11671,10,8
11677,10,8
11685,8,8
11688,5,12
11693,11,12
11696,10,12
11697,7,12
11700,12,12
11703,12,12
11710,8,8
11716,10,8
11717,10,12
11732,12,12
11735,3,8
11740,7,8
11741,8,12
11749,12,12
11753,12,12
11761,4,12
11765,12,8
11772,12,8
11789,10,8
11791,12,12
11792,7,12
11794,12,12
11798,10,12
11803,12,12
11804,12,8
11808,10,8
11815,7,12
11827,5,8
11831,8,12
11837,7,8
11838,7,12
11842,7,12
11844,11,12
11845,10,12
11854,12,12
11859,8,12
11867,12,8
11868,10,12
11871,8,8
11878,12,8
11884,7,12
11892,10,8
11895,6,12
11912,8,12
11917,1,8
11921,12,12
11926,12,12
11927,12,8
11939,6,12
11954,10,8
11955,8,8
11958,6,12
11966,11,12
11974,7,8
11980,8,8
11985,12,8
11989,8,8
12005,4,12
12029,12,12
12056,8,8
12058,10,12
12059,10,8
12062,2,12
12065,12,12
12082,3,8
12084,12,8
12087,12,8
12088,6,8
12089,10,12
12090,12,12
12103,12,8
12107,8,8
12115,6,12
12120,6,8
12123,12,12
12134,8,8
12137,4,12
12138,12,8
12142,12,12
12146,8,12
12148,5,12
12153,5,12
12165,12,12
12169,10,12
12172,8,12
12176,12,12
12178,9,8
12181,1,8
12191,12,12
12192,12,12
12202,12,12
12205,12,12
12223,12,12
12224,12,8
12225,10,8
12226,8,8
12229,12,8
12231,9,12
12232,8,8
12233,8,8
12234,12,12
12249,8,8
12251,10,8
12255,8,12
12256,12,8
12267,12,8
12273,2,8
12277,1,12
12283,8,8
12285,7,12
12288,7,8
12293,10,8
12295,7,12
12297,10,12
12305,3,12
12312,12,8
12316,12,12
12319,8,8
12324,12,12
12331,12,12
12334,8,12
12341,8,12
12350,8,12
12354,8,12
12356,10,8
12357,3,8
12362,12,8
12364,12,8
12365,12,8
12377,10,8
12378,5,8
12379,12,12
12382,4,12
12385,8,8
12387,8,8
12393,6,8
12401,12,12
12411,5,12
12414,8,8
12415,12,8
12418,10,12
12419,2,8
12421,5,12
12422,8,12
12425,7,8
12439,12,8
12442,10,12
12443,9,8
12450,11,8
12457,10,12
12461,12,8
12462,8,8
12477,10,12
12479,8,8
12484,8,8
12491,12,8
12498,8,12
12503,12,12
12509,12,12
12521,10,12
12522,8,8
12530,8,8
12538,2,8
12539,5,12
12544,8,8
12545,12,12
12547,6,12
12548,8,12
12551,10,12
12553,10,8
12557,5,12
12558,12,8
12559,10,12
12565,10,12
12571,6,12
12572,8,12
12578,8,8
12587,11,8
12593,12,8
12594,8,8
12601,12,12
12604,8,8
12619,9,8
12622,10,12
12625,12,12
12626,12,8
12627,10,12
12633,12,8
12634,5,8
12638,12,12
12646,8,8
12647,5,12
12652,8,8
12654,12,12
12657,8,8
12661,12,12
12668,8,12
12671,10,8
12675,4,12
12679,8,8
12682,12,12
12693,6,12
12694,11,8
12698,2,8
12704,12,8
12705,5,12
12709,8,8
12713,10,12
12715,12,12
12717,8,12
12723,8,8
12733,6,12
12734,2,8
12735,8,8
12744,8,12
12745,12,12
12748,8,12
12752,10,8
12755,12,8
12756,4,8
12768,8,8
12774,12,8
12782,12,12
12789,11,12
12794,12,8
12795,12,12
12805,12,8
12811,11,12
12818,9,12
12821,12,8
12822,10,8
12824,12,12
12828,6,12
12830,10,12
12831,8,8
12835,12,8
12838,12,12
12839,12,12
12853,12,12
12856,12,12
12857,8,12
12860,7,8
12864,10,12
12865,8,8
12867,8,8
12871,12,12
12876,10,8
12895,8,12
12896,8,8
12900,3,8
12902,11,8
12904,12,8
12925,10,12
12928,12,12
12929,12,8
12935,12,12
12944,12,12
12949,12,12
12951,12,8
12971,4,8
12972,8,12
12974,6,12
12988,10,8
12991,12,12
12993,12,8
13023,4,12
13025,6,8
13026,8,8
13029,12,8
13038,8,8
13040,12,8
13043,2,8
13044,10,8
13049,8,8
13056,12,12
13059,10,12
13069,2,12
13070,10,8
13078,12,8
13080,12,8
13081,12,8
13092,12,12
13096,7,12
13103,12,12
13109,10,8
13117,12,12
13124,12,12
13125,7,8
13126,8,12
13132,12,8
13133,8,8
13141,12,12
13145,10,12
13147,8,8
13152,12,8
13153,12,12
13172,10,12
13174,8,8
13175,12,12
13178,12,12
13179,10,8
13180,12,12
13183,12,12
13186,6,12
13194,4,12
13195,5,8
13196,9,12
13201,12,8
13207,10,12
13214,12,12
13219,10,12
13229,11,12
13239,10,8
13244,8,8
13246,12,12
13258,10,8
13261,11,12
13264,12,12
13266,8,8
13273,12,12
13281,12,8
13285,4,12
13288,12,8
13290,12,8
13296,12,8
13310,8,12
13317,11,12
13318,12,8
13319,7,8
13321,11,12
13322,12,8
13323,2,12
13324,10,12
13338,10,8
13340,12,12
13342,5,12
13343,12,12
13345,12,6
13346,12,12
13348,12,12
13353,10,8
13356,12,12
13357,8,12
13358,10,12
13360,10,12
13369,12,12
13377,12,12
13382,12,12
13385,12,8
13389,12,12
13399,12,12
13413,10,12
13419,8,12
13421,8,12
13422,7,12
13424,3,12
13434,12,12
13437,7,8
13439,5,12
13444,12,8
13457,10,12
13463,10,12
13473,12,12
13474,4,8
13483,10,8
13490,10,8
13492,12,8
13498,10,8
13499,12,8
13500,12,8
13501,8,12
13509,10,12
13514,8,12
13518,8,8
13523,10,8
13524,12,8
13528,5,8
13533,3,8
13539,12,8
13545,12,12
13551,12,12
13558,8,8
13563,10,8
13568,10,12
13572,10,12
13575,12,12
13585,9,8
13586,12,8
13595,12,8
13597,5,8
13599,12,8
13609,5,12
13613,10,8
13624,12,12
13629,12,8
13630,6,12
13641,12,8
13642,8,8
13645,10,12
13649,9,8
13651,12,8
13662,12,8
13674,8,12
13676,11,8
13680,10,8
13681,10,12
13686,12,12
13690,12,8
13693,6,8
13715,6,8
13721,4,12
13723,12,8
13724,10,12
13731,12,8
13733,10,12
13734,10,8
13736,12,8
13745,10,12
13760,10,8
13765,12,8
13771,10,12
13773,6,8
13781,12,12
13784,10,12
13787,8,8
13791,12,12
13796,2,8
13814,12,8
13827,12,8
13829,12,8
13836,8,8
13850,10,8
13858,8,8
13859,8,8
13861,6,12
13865,12,12
13869,10,12
13873,12,12
13877,12,12
13887,10,8
13889,10,12
13904,7,8
13912,8,8
13920,8,8
13922,12,12
13931,12,12
13932,10,8
13936,12,8
13938,8,8
13951,12,12
13978,12,8
13983,10,8
13984,10,12
13999,12,8
14004,10,12
14005,9,12
14013,8,8
14014,12,12
14019,5,8
14034,8,8
14035,8,8
14041,10,12
14053,10,12
14060,11,12
14069,10,8
14070,8,12
14073,12,8
14075,8,12
14085,8,12
14088,5,12
14093,12,12
14097,10,12
14098,8,8
14099,10,12
14104,12,8
14110,8,12
14111,4,12
14129,12,12
14140,11,12
14155,5,8
14157,10,8
14162,11,12
14163,10,12
14164,10,12
14171,12,12
14172,4,12
14174,10,12
14176,4,12
14179,10,12
14181,12,12
14185,12,8
14188,8,8
14203,8,12
14205,1,12
14211,2,12
14218,10,12
14223,8,8
14224,10,12
14226,2,12
14227,4,12
14240,10,8
14243,12,12
14246,12,12
14249,6,12
14259,10,12
14260,8,8
14261,8,12
14282,9,12
14284,12,8
14291,8,8
14299,10,8
14302,8,8
14304,4,12
14311,6,8
14319,12,8
14320,12,12
14325,6,12
14327,11,12
14331,10,12
14333,12,8
14338,12,12
14339,5,12
14344,7,8
14352,10,12
14353,6,12
14365,4,12
14368,10,8
14369,11,8
14380,2,12
14381,10,12
14382,12,12
14386,3,12
14393,10,8
14395,10,8
14397,12,12
14400,2,12
14403,4,8
14418,11,12
14421,10,8
14423,8,12
14431,12,12
14439,8,12
14441,10,8
14442,8,8
14444,12,8
14448,2,12
14460,5,12
14461,10,12
14465,10,8
14471,8,8
14474,10,8
14482,12,8
14493,8,8
14496,10,8
14498,8,8
14503,12,12
14505,11,12
14507,10,8
14508,12,8
14509,8,8
14518,10,8
14528,11,8
14536,8,12
14539,12,8
14544,8,8
14548,5,12
14550,2,8
14561,12,8
14565,8,12
14571,12,12
14572,6,12
14580,10,12
14586,10,8
14588,10,8
14590,8,8
14592,12,12
14599,8,12
14606,10,8
14607,8,8
14608,9,12
14614,7,8
14621,6,12
14622,6,12
14627,11,12
14628,7,8
14637,10,12
14640,5,8
14647,10,12
14654,10,8
14655,10,8
14660,8,8
14664,6,8
14665,7,12
14672,11,12
14685,0,12
14687,12,8
14689,11,8
14699,7,12
14702,10,12
14706,10,8
14707,8,12
14709,12,8
14710,12,8
14713,7,8
14718,10,8
14719,6,12
14721,12,12
14726,12,8
14735,12,8
14737,11,8
14739,8,12
14743,10,8
14744,12,8
14745,2,8
14752,6,12
14770,12,8
14771,12,12
14773,4,12
14782,8,12
14795,10,8
14797,10,12
14801,3,12
14822,12,8
14835,12,8
14839,10,8
14847,12,12
14850,12,12
14856,12,8
14864,11,8
14866,8,8
14877,8,8
14883,11,8
14887,8,8
14892,5,8
14893,11,12
14894,6,8
14903,10,12
14908,12,12
14909,8,12
14924,11,12
14926,10,12
14927,10,8
14935,7,8
14940,11,8
14944,12,8
14951,12,12
14956,8,12
14963,8,12
14970,4,12
14971,12,8
14973,10,8
14977,10,12
14986,8,8
14989,10,12
14991,8,8
14994,12,8
14997,12,8
15002,10,12
15007,6,12
15017,12,12
15018,2,8
15028,8,8
15034,10,8
15049,12,8
15054,10,12
15056,10,8
15059,11,12
15062,8,12
15067,10,12
15071,6,12
15074,5,8
15076,12,12
15079,8,8
15081,2,8
15086,8,8
15098,6,12
15103,10,12
15107,5,12
15109,10,12
15121,12,8
15122,12,12
15133,8,12
15139,11,12
15148,6,12
15153,12,8
15155,8,8
15157,12,8
15162,12,8
15175,8,12
15199,9,8
15205,1,12
15212,8,8
15216,12,12
15221,5,12
15224,10,8
15226,7,8
15230,10,12
15239,12,8
15248,12,12
15254,7,12
15259,11,12
15264,10,12
15270,12,12
15277,12,8
15278,12,12
15284,12,8
15291,12,12
15296,12,8
15299,12,8
15302,5,12
15305,2,12
15311,8,8
15314,12,12
15318,8,8
15324,12,8
15327,5,12
15329,12,8
15339,10,12
15346,8,8
15358,12,12
15359,12,8
15361,12,12
15362,12,12
15363,12,12
15364,12,12
15367,10,12
15377,10,8
15384,12,8
15388,10,12
15390,2,8
15391,7,12
15392,10,12
15396,10,8
15399,10,12
15405,5,12
15407,11,8
15409,5,6
15411,10,8
15413,7,12
15415,11,12
15426,10,8
15434,12,12
15445,6,12
15447,5,8
15449,10,8
15450,9,12
15456,10,12
15461,6,12
15464,12,12
15465,12,12
15468,8,12
15482,10,12
15487,5,8
15490,12,8
15492,1,12
15500,8,12
15501,8,8
15502,12,12
15507,0,12
15508,12,8
15510,8,12
15511,8,12
15513,8,12
15519,7,12
15520,12,12
15533,11,8
15549,8,12
15558,8,12
15559,8,12
15564,12,8
15565,8,12
15567,12,12
15571,7,12
15572,8,12
15575,12,12
15577,10,12
15583,8,8
15585,8,12
15590,7,8
15593,8,12
15600,12,8
15608,8,12
15616,8,8
15620,12,12
15623,8,8
15624,11,12
15626,8,12
15636,10,12
15643,10,12
15647,6,12
15648,12,8
15657,3,12
15663,12,12
15666,8,12
15667,10,8
15671,8,8
15674,6,12
15676,8,12
15686,12,12
15687,8,12
15696,3,12
15701,3,8
15703,8,8
15705,1,12
15719,6,12
15730,5,8
15731,12,12
15732,8,8
15734,11,12
15735,10,12
15738,12,8
15744,12,8
15753,5,12
15757,8,12
15759,9,12
15760,4,8
15765,10,12
15774,12,12
15786,10,12
15787,10,8
15788,2,8
15792,10,12
15796,7,12
15798,4,12
15802,9,12
15809,7,12
15812,12,12
15820,4,12
15831,12,12
15835,10,12
15839,3,12
15840,10,12
15844,7,12
15853,12,8
15855,8,8
15858,12,8
15859,10,8
15866,12,8
15876,12,12
15894,12,12
15904,9,8
15907,10,8
15912,3,12
15913,12,8
15915,5,8
15919,5,12
15925,10,8
15928,9,8
15929,12,8
15930,10,8
15932,12,12
15939,10,12
15948,4,8
15949,12,12
15950,12,8
15955,12,12
15958,8,12
15960,10,12
15962,9,12
15966,7,12
15967,10,12
15970,5,12
15975,12,12
15978,12,12
15981,9,12
15985,10,12
15989,8,8
15990,9,12
15998,11,12
16002,11,12
16009,8,12
16023,12,12
16024,10,12
16026,10,8
16027,10,8
16037,8,8
16043,12,8
16045,12,8
16049,12,8
16052,3,12
16053,12,12
16057,12,8
16070,5,12
16072,12,12
16087,12,12
16092,12,12
16095,8,12
16096,12,12
16098,12,12
16101,10,8
16103,5,12
16104,7,8
16106,8,12
16112,6,12
16117,10,12
16119,12,8
16124,4,12
16132,2,8
16133,12,12
16148,6,8
16149,6,8
16150,3,12
16151,11,12
16154,12,8
16173,4,8
16175,6,12
16182,12,12
16183,10,8
16185,10,12
16188,12,12
16189,6,12
16198,12,8
16201,12,8
16206,10,12
16208,11,12
16209,10,8
16221,10,8
16224,8,8
16231,10,12
16232,12,8
16239,11,8
16241,6,12
16242,8,12
16243,8,8
16255,12,12
16268,6,12
16272,10,12
16281,8,8
16283,10,12
16284,9,8
16292,7,12
16295,5,12
16297,10,12
16298,10,12
16305,12,12
16313,6,12
16321,8,8
16331,12,12
16337,12,12
16351,6,12
16354,12,12
16365,11,8
16371,8,8
16372,4,8
16375,10,12
16384,4,8
16390,8,8
16396,10,12
16400,8,8
16404,8,12
16409,11,8
16417,4,12
16419,5,12
16422,1,8
16424,10,12
16425,10,8
16443,10,8
16444,8,8
16448,12,12
16460,6,12
16462,10,12
16463,8,8
16472,6,8
16480,10,8
16492,7,12
16499,10,8
16505,12,8
16511,11,8
16522,5,12
16527,8,12
16539,10,12
16542,8,8
16546,10,8
16549,5,8
16550,12,12
16555,5,12
16562,10,12
16568,6,12
16572,2,8
16579,0,12
16585,12,8
16587,5,8
16589,11,12
16592,12,12
16598,10,8
16613,0,12
16618,10,8
16619,11,8
16622,8,8
16623,8,12
16645,6,8
16648,8,12
16662,12,8
16663,10,12
16665,8,8
16666,10,8
16669,8,8
16670,12,8
16672,8,12
16674,5,12
16676,12,8
16683,8,8
16685,10,8
16688,11,8
16689,7,8
16690,10,12
16693,12,8
16700,8,8
16710,12,12
16711,2,12
16712,9,12
16715,4,12
16721,12,12
16727,10,8
16729,12,8
16730,10,12
16737,4,8
16739,10,12
16749,12,8
16750,6,8
16754,10,8
16758,12,12
16761,12,12
16771,12,12
16774,8,8
16785,12,12
16787,10,8
16792,10,12
16809,8,8
16816,10,8
16818,12,8
16837,11,12
16841,11,12
16843,5,12
16856,11,8
16857,12,12
16862,10,8
16868,12,8
16882,8,8
16883,8,12
16895,8,12
16898,12,12
16899,8,8
16901,12,8
16903,12,8
16914,10,8
16917,2,8
16929,5,6
16931,8,12
16938,2,8
16943,12,8
16949,12,12
16952,12,12
16956,12,8
16963,12,12
16964,7,12
16968,12,8
16969,7,8
16972,12,12
16976,12,8
16984,10,12
16993,12,12
17000,12,12
17007,12,12
17008,2,8
17011,12,12
17016,6,8
17018,2,8
17019,10,12
17020,10,8
17026,12,8
17030,10,12
17034,12,12
17036,12,12
17037,8,8
17040,12,8
17056,1,12
17059,8,8
17064,12,12
17067,7,12
17071,12,12
17074,4,8
17075,5,12
17081,12,12
17087,5,12
17090,12,8
17092,8,12
17102,10,12
17107,10,12
17112,12,8
17113,10,8
17124,0,8
17125,11,8
17134,10,12
17139,11,8
17140,10,12
17141,8,12
17142,9,12
17145,12,8
17152,1,12
17153,4,12
17160,9,12
17171,6,8
17178,8,8
17179,12,8
17185,11,12
17190,12,8
17191,8,8
17196,10,12
17198,10,8
17212,8,8
17214,8,12
17221,12,12
17224,10,12
17232,8,12
17236,7,12
17238,8,12
17243,10,12
17245,10,8
17254,12,8
17256,10,12
17259,12,8
17263,2,12
17267,12,12
17271,12,8
17274,3,8
17275,12,12
17288,7,8
17294,10,8
17296,12,8
17301,8,8
17302,10,8
17303,3,8
17314,6,8
17319,12,8
17321,11,8
17325,7,8
17329,3,12
17332,10,12
17342,10,6
17344,10,8
17345,8,8
17352,8,8
17359,7,12
17361,12,12
17362,12,12
17364,12,12
17367,7,8
17368,5,12
17375,10,8
17388,12,8
17392,2,12
17393,12,12
17394,12,12
17398,8,8
17401,6,12
17408,2,8
17409,10,12
17411,8,8
17413,8,8
17415,2,12
17420,8,8
17441,8,8
17448,9,12
17449,10,12
17453,12,8
17463,12,12
17464,12,8
17482,10,12
17491,11,8
17492,10,8
17509,12,8
17514,12,8
17518,10,8
17527,12,8
17528,12,12
17536,10,12
17548,10,12
17550,12,12
17558,12,8
17588,12,8
17599,10,8
17612,12,8
17617,12,12
17618,10,12
17622,6,8
17631,6,8
17632,5,12
17656,8,8
17664,4,8
17667,11,8
17669,12,12
17678,7,8
17683,12,8
17687,8,12
17688,8,12
17691,7,8
17695,12,12
17705,7,12
17712,8,8
17714,10,12
17718,8,8
17719,10,6
17723,10,8
17733,12,8
17737,11,8
17739,12,12
17741,12,8
17744,12,12
17752,8,8
17754,10,12
17755,11,8
17763,10,12
17768,8,12
17778,10,8
17786,6,8
17794,7,8
17802,2,8
17805,8,8
17807,12,8
17809,12,12
17812,8,8
17825,6,8
17829,8,12
17832,12,8
17843,10,12
17851,12,12
17857,8,12
17859,10,12
17864,5,8
17868,12,12
17869,8,8
17873,12,12
17875,8,12
17879,6,8
17883,12,8
17888,12,8
17889,11,8
17890,12,12
17899,10,12
17904,12,8
17907,5,12
17908,8,8
17910,10,8
17914,7,8
17939,8,12
17944,6,8
17947,12,12
17951,10,8
17953,12,8
17954,10,12
17979,12,8
17981,12,8
17986,10,8
17988,11,12
17989,7,8
18018,12,12
18025,12,12
18034,8,8
18035,12,8
18045,7,8
18046,8,8
18048,10,8
18064,11,12
18066,12,12
18076,7,8
18077,12,12
18079,10,8
18081,6,8
18085,12,12
18089,10,12
18095,12,12
18104,10,8
18105,10,8
18106,10,8
18109,8,8
18112,8,12
18125,12,12
18127,10,8
18130,7,12
18131,12,8
18134,10,12
18136,12,12
18140,12,12
18144,12,8
18147,10,12
18153,10,12
18155,5,6
18156,5,12
18164,8,8
18178,6,12
18180,12,12
18182,11,12
18194,8,12
18195,7,8
18200,9,8
18201,9,12
18203,11,12
18204,8,12
18206,7,12
18211,11,12
18212,6,12
18214,12,8
18220,11,12
18232,10,8
18233,6,12
18237,8,12
18243,12,8
18246,10,12
18248,12,12
18269,11,12
18271,10,12
18278,2,12
18283,12,8
18286,10,12
18289,12,8
18291,8,8
18296,12,12
18302,10,8
18303,10,12
18307,8,12
18308,7,8
18310,10,12
18315,10,8
18319,2,8
18321,7,12
18323,12,12
18327,10,12
18329,9,8
18338,10,12
18345,6,12
18348,8,8
18357,10,8
18361,12,12
18367,8,8
18373,12,8
18377,2,8
18380,3,12
18383,12,8
18385,12,12
18387,12,8
18388,12,12
18391,12,12
18392,3,12
18417,4,12
18418,12,12
18434,11,8
18450,8,12
18451,12,8
18456,8,8
18461,3,12
18463,8,8
18467,10,8
18468,8,8
18481,4,12
18491,10,8
18505,8,12
18509,12,12
18514,9,12
18515,10,8
18518,12,8
18520,12,8
18521,10,8
18528,10,8
18529,10,12
18535,5,12
18553,12,12
18555,11,8
18561,12,12
18562,10,8
18563,8,8
18565,10,8
18570,8,8
18573,8,8
18578,8,8
18586,5,12
18588,10,12
18599,8,8
18602,12,12
18606,12,12
18608,10,8
18617,10,12
18619,8,8
18620,12,12
18630,10,12
18631,10,8
18639,8,8
18640,4,12
18646,10,12
18649,8,12
18650,10,8
18655,12,8
18656,12,12
18665,8,8
18666,8,8
18667,8,8
18669,7,8
18673,5,8
18678,12,12
18683,12,8
18687,8,12
18691,8,12
18694,10,12
18705,12,12
18708,8,8
18718,10,8
18724,12,12
18731,12,8
18745,6,12
18752,10,8
18764,9,12
18766,8,12
18769,12,12
18781,6,12
18788,2,8
18793,10,8
18796,10,12
18805,12,8
18808,8,12
18810,7,12
18814,2,12
18818,10,12
18819,12,8
18828,12,12
18836,10,8
18841,8,12
18845,10,12
18847,12,8
18853,10,8
18862,4,8
18863,4,8
18866,12,8
18873,12,12
18877,12,12
18885,12,8
18886,10,12
18889,12,12
18893,10,12
18895,12,8
18899,5,12
18902,10,12
18903,12,8
18911,10,8
18914,6,12
18918,12,12
18927,10,12
18932,2,8
18934,11,12
18935,10,12
18936,8,8
18939,12,12
18951,12,8
18962,10,12
18966,12,12
18967,8,8
18977,8,8
18979,6,12
18984,12,12
18988,10,8
18989,8,12
18994,6,12
18998,6,8
19000,10,8
19004,12,12
19005,12,8
19013,8,8
19022,10,8
19037,7,8
19044,2,8
19049,8,12
19050,12,12
19056,12,12
19062,10,8
19067,10,12
19070,12,8
19085,10,8
19087,12,8
19091,8,8
19102,12,12
19106,12,8
19113,10,8
19114,12,8
19117,8,12
19123,8,12
19127,10,12
19144,5,12
19146,12,12
19155,10,8
19162,10,8
19166,9,12
19167,12,8
19169,12,12
19171,8,8
19190,6,12
19195,8,8
19197,8,8
19218,10,12
19229,8,8
19235,8,8
19241,4,8
19247,12,8
19248,6,8
19250,12,8
19260,8,12
19265,8,12
19271,10,8
19272,12,8
19286,9,12
19289,8,8
19292,12,8
19296,5,12
19297,10,12
19304,12,12
19321,12,12
19322,11,12
19323,5,8
19325,10,12
19326,7,8
19331,12,8
19340,8,8
19353,8,8
19363,12,8
19368,5,12
19370,12,12
19373,12,12
19384,6,12
19385,10,8
19386,7,8
19387,12,8
19390,8,8
19393,12,8
19398,12,12
19404,10,12
19410,12,8
19413,12,8
19415,6,8
19419,10,8
19420,9,8
19422,8,8
19424,12,8
19425,12,8
19427,11,8
19436,10,8
19437,12,8
19439,6,12
19447,4,8
19452,10,12
19453,1,12
19461,12,12
19462,11,12
19464,8,12
19468,12,8
19469,12,12
19473,11,8
19486,10,12
19492,8,12
19494,12,12
19496,12,12
19503,4,8
19504,8,12
19507,5,12
19509,5,12
19512,8,8
19515,12,12
19517,12,8
19520,8,8
19525,5,12
19542,12,8
19544,8,8
19547,12,12
19551,5,12
19555,12,12
19557,8,8
19561,8,12
19562,12,8
19564,12,12
19572,12,12
19575,2,8
19586,4,12
19590,10,8
19595,8,12
19601,10,12
19602,10,12
19606,12,12
19609,10,12
19611,12,12
19615,10,12
19619,6,8
19623,5,12
19629,12,12
19648,2,6
19649,8,8
19660,12,12
19662,6,12
19665,10,8
19670,10,12
19671,12,8
19681,12,12
19682,12,12
19688,10,8
19698,10,12
19708,12,12
19721,2,8
19740,8,12
19741,12,12
19743,12,8
19749,8,8
19759,8,8
19760,10,8
19761,12,8
19762,10,8
19774,12,12
19788,12,8
19790,7,12
19804,12,12
19811,10,12
19812,8,8
19816,11,12
19819,4,12
19824,7,8
19827,8,8
19829,10,0
19838,4,12
19840,8,12
19849,10,8
19852,8,12
19857,12,12
19860,12,8
19869,12,8
19872,12,8
19877,2,8
19879,10,8
19881,7,8
19885,8,12
19892,10,12
19894,12,12
19904,12,8
19905,8,8
19908,10,12
19914,12,8
19915,6,12
19917,8,12
19923,10,8
19928,2,12
19934,8,8
19946,12,12
19947,8,8
19948,8,12
19954,7,12
19960,8,8
19961,11,8
19963,10,8
19967,10,8
19970,7,8
19971,12,12
19973,12,12
19975,3,12
19979,10,8
19984,12,8
20001,2,12
20007,7,12
20009,7,8
20020,5,8
20026,12,8
20045,7,12
20053,8,8
20054,11,12
20078,8,8
20085,4,8
20090,4,8
20091,12,12
20093,8,8
20094,7,12
20095,5,8
20099,6,8
20100,6,12
20102,5,8
20118,5,8
20121,8,8
20124,3,12
20135,8,12
20147,5,12
20158,7,12
20165,5,12
20169,10,12
20175,10,12
20176,11,8
20179,8,8
20185,5,12
20188,11,12
20189,10,12
20195,8,12
20198,5,8
20199,5,12
20200,8,8
20206,5,12
20211,5,8
20219,10,12
20233,8,12
20249,8,12
20251,8,8
20254,5,8
20258,9,12
20259,8,12
20261,8,12
20265,5,8
20271,10,12
20275,8,8
20276,5,12
20279,8,8
20284,8,8
20285,10,12
20290,10,12
20292,5,12
20293,8,12
20298,8,8
20303,5,12
20304,3,12
20309,4,8
20316,5,12
20322,2,8
20330,8,8
20331,6,8
20332,7,8
20335,8,8
20336,8,8
20337,8,8
20341,5,12
20344,5,12
20353,8,8
20355,8,8
20356,8,8
20357,5,8
20362,8,12
20363,7,12
20370,12,8
20374,8,12
20377,8,8
20378,5,12
20388,7,8
20389,4,8
20390,8,8
20400,7,12
20407,5,12
20416,9,8
20418,5,8
20422,8,8
20424,8,8
20428,4,8
20439,8,8
20448,8,12
20451,7,12
20452,11,12
20456,11,12
20462,12,12
20463,5,8
20471,7,8
20478,12,12
20485,12,12
20487,7,12
20502,7,6
20515,9,8
20524,8,8
20527,7,12
20528,7,12
20530,5,8
20532,0,8
20544,11,12
20545,4,8
20549,7,12
20563,8,12
20569,7,12
20577,8,12
20585,8,12
20586,7,8
20588,10,8
20595,8,12
20605,8,8
20612,5,12
20615,12,8
20617,8,8
20621,7,8
20630,4,8
20637,3,8
20638,8,12
20643,11,8
20657,12,12
20665,5,12
20676,2,12
20685,8,8
20687,5,8
20688,8,8
20690,5,8
20692,9,8
20714,6,8
20725,5,8
20731,7,8
20736,11,12
20739,8,8
20740,5,8
20756,3,12
20757,12,8
20760,4,12
20764,8,8
20767,12,12
20769,9,12
20774,12,12
20779,2,12
20796,5,8
20800,8,12
20808,8,8
20817,4,12
20821,9,8
20823,11,8
20824,7,8
20826,7,8
20841,8,8
20855,8,12
20856,8,12
20861,8,8
20862,9,12
20865,5,8
20876,8,12
20878,12,12
20891,12,8
20894,5,8
20903,11,8
20909,9,8
20910,11,12
20912,9,12
20917,5,12
20933,4,12
20935,4,8
20936,10,8
20947,10,12
20948,5,8
20955,8,8
20957,5,12
20961,5,8
20969,12,8
20977,8,12
20985,7,8
20987,8,8
20989,7,8
20995,8,12
21002,5,12
21004,3,8
21006,8,12
21014,7,8
21025,2,8
21039,11,8
21047,8,8
21048,5,12
21061,7,8
21065,7,8
21069,7,12
21074,5,12
21080,8,8
21081,7,8
21084,7,12
21086,11,8
21088,9,8
21089,9,12
21090,10,12
21092,3,12
21096,7,8
21102,12,12
21110,11,8
21112,7,8
21113,5,8
21115,8,12
21125,2,8
21136,5,12
21144,8,8
21148,5,8
21149,12,8
21159,12,12
21160,11,12
21161,12,8
21162,8,12
21166,4,12
21169,10,12
21171,12,8
21172,4,8
21173,8,12
21175,7,12
21179,10,12
21181,5,8
21183,8,8
21184,10,12
21186,5,8
21188,8,12
21200,3,12
21210,12,12
21211,7,12
21212,6,8
21215,5,8
21218,5,12
21222,8,8
21228,7,8
21229,8,8
21230,12,8
21235,5,8
21241,12,12
21242,8,8
21246,5,8
21249,12,12
21250,8,12
21255,4,12
21284,12,8
21285,12,8
21288,7,12
21306,4,12
21308,10,8
21311,12,12
21323,11,8
21327,12,12
21331,12,12
21334,5,12
21335,10,12
21338,12,12
21341,7,12
21350,5,12
21351,8,8
21354,12,12
21358,8,12
21364,9,12
21365,9,12
21368,5,8
21371,12,12
21372,8,8
21374,7,12
21379,8,12
21386,8,12
21388,8,12
21390,8,12
21393,7,8
21406,8,8
21407,9,8
21415,5,8
21419,4,12
21437,7,8
21439,8,8
21452,7,8
21453,8,6
21454,8,8
21456,4,12
21459,5,12
21466,12,12
21469,12,8
21477,8,8
21493,9,12
21494,9,12
21498,8,8
21499,9,12
21520,8,12
21527,12,12
21531,7,12
21535,8,8
21536,11,8
21537,5,12
21538,8,8
21543,8,12
21548,10,12
21550,5,12
21553,4,12
21560,12,12
21564,2,8
21568,7,12
21570,3,8
21576,8,8
21580,9,12
21593,7,8
21596,11,12
21600,12,8
21607,6,12
21614,12,8
21615,4,12
21622,8,12
21626,8,12
21633,5,12
21636,8,12
21642,12,12
21644,11,8
21645,6,12
21668,4,12
21673,12,12
21675,5,8
21682,5,12
21684,7,8
21685,8,8
21686,5,8
21687,7,12
21691,8,8
21693,8,8
21694,10,8
21705,8,8
21709,11,8
21711,5,8
21713,8,12
21724,12,12
21726,12,8
21733,11,12
21735,3,12
21748,8,8
21749,5,8
21753,5,12
21755,12,12
21756,11,12
21773,12,8
21777,7,8
21778,8,8
21780,5,12
21781,10,12
21783,5,12
21789,7,12
21797,5,12
21802,12,8
21805,10,12
21811,5,8
21819,11,12
21820,12,8
21828,7,8
21838,7,12
21839,9,12
21840,7,8
21847,7,8
21862,5,8
21872,9,12
21884,5,8
21894,4,12
21900,9,8
21903,5,8
21909,3,12
21910,5,8
21911,5,8
21918,8,12
21935,4,8
21936,8,8
21938,8,12
21940,11,12
21950,8,12
21963,11,8
21964,5,12
21969,12,8
21973,6,12
21974,7,12
21977,5,12
21985,2,8
21986,8,12
21991,8,12
21993,8,8
22000,8,8
22012,12,12
22014,4,12
22018,7,12
22026,7,8
22032,7,12
22042,5,8
22043,5,12
22045,8,12
22047,8,6
22048,5,8
22060,4,12
22063,5,12
22072,5,12
22092,5,8
22093,3,8
22094,8,8
22099,5,8
22106,8,12
22110,7,8
22111,5,8
22112,5,8
22115,12,8
22120,5,8
22125,8,8
22126,9,12
22127,12,12
22137,7,8
22143,8,12
22144,12,12
22145,8,8
22153,4,12
22155,5,8
22172,11,8
22192,7,8
22194,8,12
22200,5,8
22201,8,12
22206,7,8
22208,8,8
22216,10,12
22217,9,8
22223,5,12
22225,7,12
22232,8,8
22238,7,8
22242,10,12
22244,5,12
22246,8,12
22253,8,12
22260,5,8
22261,8,8
22269,7,12
22270,8,12
22296,5,12
22302,5,12
22309,7,12
22322,12,12
22328,8,12
22330,11,12
22337,7,8
22338,8,8
22342,5,12
22349,8,8
22354,5,8
22356,11,8
22359,12,12
22360,2,12
22362,9,12
22365,9,8
22376,4,8
22379,7,12
22381,7,8
22382,7,12
22398,8,8
22399,5,8
22405,5,8
22406,8,8
22416,5,8
22420,8,8
22428,7,12
22435,8,8
22437,12,12
22447,12,8
22452,5,8
22454,12,12
22455,10,12
22464,8,8
22466,7,12
22470,5,12
22471,5,12
22476,4,8
22481,5,12
22487,8,12
22493,7,12
22496,12,12
22499,8,8
22505,5,8
22515,11,12
22516,9,8
22524,8,8
22530,7,12
22536,8,8
22540,1,12
22541,11,8
22547,10,8
22554,2,8
22558,7,8
22564,6,12
22568,8,8
22572,5,12
22574,8,12
22579,10,8
22581,11,12
22599,12,8
22607,5,12
22609,4,8
22628,2,8
22629,9,12
22639,5,8
22667,9,12
22669,4,12
22671,5,8
22679,5,8
22700,8,12
22705,5,8
22708,9,8
22710,4,12
22712,5,8
22717,12,12
22719,5,8
22728,5,12
22736,8,8
22738,7,12
22745,5,8
22746,7,12
22749,8,8
22752,11,12
22759,7,12
22770,12,12
22772,5,12
22773,7,8
22774,10,12
22776,4,8
22779,9,12
22796,7,8
22803,5,8
22818,8,12
22827,8,12
22831,5,8
22839,9,8
22849,5,12
22857,7,8
22858,12,12
22861,5,8
22863,12,12
22879,8,8
22886,7,12
22889,12,12
22898,8,8
22899,11,8
22905,8,12
22909,5,12
22915,5,8
22917,12,12
22936,8,8
22937,7,8
22943,8,12
22949,12,12
22951,10,12
22960,8,8
22963,8,12
22979,12,12
22980,5,8
23003,8,8
23005,5,12
23006,10,12
23008,5,8
23010,12,12
23018,5,8
23025,5,8
23028,8,8
23029,5,12
23031,5,12
23034,8,8
23036,9,12
23038,7,8
23040,12,12
23046,0,8
23049,5,8
23052,5,8
23055,9,8
23056,5,8
23059,8,8
23067,7,12
23079,12,8
23084,4,12
23085,8,8
23092,5,8
23093,5,12
23095,5,8
23097,5,8
23098,5,12
23107,5,8
23115,5,8
23116,7,12
23123,5,8
23129,6,12
23134,12,12
23136,3,8
23138,5,8
23141,0,12
23145,5,8
23153,5,12
23155,8,8
23159,5,12
23160,7,8
23162,8,12
23164,8,8
23167,7,8
23177,12,8
23181,4,12
23186,8,12
23187,7,12
23189,12,8
23202,12,12
23206,8,8
23214,4,12
23215,4,8
23251,5,8
23254,11,12
23256,11,12
23260,6,8
23261,9,12
23269,8,8
23270,4,12
23295,8,12
23307,5,12
23325,12,8
23330,5,12
23332,4,12
23336,7,8
23344,8,12
23345,8,12
23354,5,8
23357,12,12
23360,4,8
23368,11,12
23370,2,8
23380,5,8
23383,11,12
23385,12,12
23387,4,8
23388,8,8
23390,8,8
23391,12,12
23397,11,8
23398,4,12
23399,8,12
23405,7,12
23406,3,12
23413,8,8
23414,4,8
23416,8,12
23446,8,8
23450,12,12
23454,8,8
23457,4,8
23464,9,8
23470,8,8
23472,7,12
23474,11,8
23477,9,8
23481,6,12
23498,9,12
23499,8,12
23504,11,12
23505,8,12
23514,8,8
23530,5,12
23532,10,8
23536,5,8
23541,8,12
23545,9,8
23559,7,12
23561,12,12
23571,11,8
23573,10,12
23576,5,12
23577,5,8
23581,4,12
23582,8,8
23595,5,12
23597,4,8
23601,5,8
23608,12,12
23613,8,8
23614,7,8
23627,8,8
23631,5,8
23647,12,8
23648,5,8
23653,11,8
23654,5,8
23662,5,8
23669,12,8
23677,4,12
23678,9,8
23681,4,8
23698,6,8
23704,6,12
23705,7,12
23707,5,8
23711,4,12
23717,11,12
23732,9,8
23734,8,8
23739,5,8
23747,5,8
23757,11,12
23758,5,12
23765,12,8
23766,7,8
23767,2,8
23774,12,12
23779,2,12
23781,5,12
23782,5,12
23788,2,12
23797,8,12
23803,8,12
23808,5,8
23809,4,12
23810,10,12
23811,2,8
23812,5,8
23813,5,8
23820,4,12
23821,5,12
23824,12,12
23836,5,8
23837,8,12
23838,8,12
23840,9,12
23841,7,8
23846,7,8
23849,8,8
23857,8,8
23875,7,12
23877,8,12
23887,4,8
23894,7,8
23896,11,8
23900,5,8
23901,8,8
23906,5,12
23915,5,12
23924,8,8
23926,11,12
23939,8,8
23946,8,8
23960,8,8
23963,9,8
23969,5,8
23973,6,12
23975,4,12
23976,5,12
23977,7,12
23989,8,8
23992,5,12
23993,8,8
23995,7,8
24005,12,8
24007,5,8
24011,8,8
24018,7,8
24019,4,12
24024,8,8
24028,8,8
24037,4,12
24040,12,12
24047,12,12
24052,4,12
24058,9,12
24063,8,8
24064,7,8
24070,8,8
24087,12,8
24089,10,8
24092,9,8
24095,2,8
24097,3,8
24103,12,8
24106,11,12
24111,8,12
24118,2,8
24123,5,8
24124,7,12
24130,5,8
24133,7,12
24136,3,12
24140,8,12
24143,5,12
24151,8,8
24152,11,8
24156,5,12
24160,8,8
24163,11,12
24168,12,8
24173,8,8
24176,12,12
24180,5,8
24183,9,12
24197,5,8
24199,12,12
24210,8,8
24213,5,12
24215,4,12
24219,7,8
24228,4,8
24229,5,8
24233,12,8
24235,5,12
24237,8,12
24241,8,12
24244,12,8
24257,8,12
24261,5,12
24268,5,12
24271,0,6
24272,11,12
24275,10,12
24288,5,12
24290,6,12
24294,8,12
24302,8,8
24307,8,8
24313,5,8
24314,5,12
24316,4,12
24325,7,8
24330,3,8
24334,5,8
24342,10,6
24345,9,8
24348,8,12
24350,5,8
24355,6,12
24364,9,8
24365,4,12
24367,5,8
24368,12,8
24384,2,12
24389,8,8
24397,8,12
24400,10,8
24401,3,8
24404,5,8
24409,7,8
24411,7,8
24412,5,8
24416,12,12
24419,9,12
24422,8,8
24427,5,8
24430,4,8
24431,7,12
24433,3,8
24437,5,8
24441,5,12
24444,3,12
24448,7,8
24452,5,8
24461,7,8
24462,9,8
24464,12,12
24468,8,8
24481,4,8
24483,8,12
24485,9,8
24486,8,8
24487,6,12
24488,8,12
24503,7,8
24504,8,8
24508,8,12
24509,5,8
24518,5,12
24535,4,8
24536,8,8
24553,8,12
24555,8,8
24564,5,12
24578,8,12
24589,12,12
24591,4,8
24593,8,8
24594,8,8
24599,8,12
24600,7,12
24604,5,8
24611,10,12
24614,12,8
24619,4,8
24621,3,12
24624,9,12
24627,5,12
24644,8,8
24662,6,12
24668,7,12
24670,12,12
24673,9,8
24675,12,8
24679,4,8
24684,5,8
24692,5,8
24693,12,12
24696,5,12
24697,4,8
24703,8,8
24706,8,8
24708,8,12
24711,5,12
24724,7,12
24725,5,12
24726,5,8
24730,8,8
24732,10,8
24758,8,8
24770,10,8
24773,8,8
24777,5,8
24780,9,12
24787,5,8
24788,4,12
24793,2,12
24796,8,8
24797,12,8
24803,12,12
24807,8,12
24809,8,8
24816,8,8
24817,12,12
24821,7,8
24824,12,12
24832,8,8
24835,8,8
24836,8,12
24837,5,12
24842,7,8
24844,7,8
24848,8,8
24851,9,8
24853,5,12
24860,12,12
24865,8,8
24867,5,12
24869,5,8
24880,7,8
24886,11,12
24887,9,12
24892,5,8
24904,5,8
24905,8,12
24907,7,12
24908,9,12
24910,5,12
24921,5,12
24929,4,12
24934,12,8
24935,8,12
24941,4,12
24943,8,12
24952,3,12
24959,8,8
24963,5,12
24967,7,12
24968,12,12
24972,11,8
24977,7,12
24981,8,8
24984,10,12
24985,12,8
24987,5,12
24988,5,8
24990,9,8
24991,11,12
24992,8,8
24997,7,12
24998,2,8
25017,8,8
25018,10,12
25028,2,8
25032,12,12
25039,7,12
25050,12,12
25056,0,12
25059,11,12
25070,12,12
25079,8,8
25085,2,8
25088,2,12
25090,5,12
25091,12,8
25113,5,8
25122,9,8
25123,5,12
25132,12,12
25145,5,8
25147,8,8
25156,11,12
25157,8,8
25165,4,12
25168,8,8
25173,5,12
25175,5,12
25177,9,12
25180,12,8
25181,9,12
25182,5,12
25183,5,12
25192,11,12
25202,8,8
25208,5,8
25212,7,12
25215,8,8
25221,7,12
25231,5,12
25242,8,8
25246,7,12
25255,9,12
25266,8,8
25268,12,8
25269,8,8
25273,12,12
25276,3,12
25288,8,8
25289,7,12
25293,5,8
25297,4,12
25305,8,8
25314,9,8
25318,8,8
25325,12,8
25326,7,12
25330,8,8
25333,8,12
25337,3,8
25338,8,8
25342,8,12
25345,7,8
25347,7,12
25350,8,12
25354,4,8
25358,8,8
25366,10,12
25371,11,8
25376,11,12
25377,5,8
25378,12,8
25383,11,8
25390,5,8
25394,12,12
25395,12,8
25397,11,8
25398,7,8
25402,7,8
25403,12,12
25413,5,8
25416,8,8
25417,8,8
25425,12,12
25429,8,8
25430,8,12
25437,8,12
25439,7,12
25450,4,12
25457,8,8
25460,8,12
25462,8,8
25463,12,12
25464,8,8
25466,9,12
25471,3,12
25476,8,12
25477,7,12
25478,8,8
25482,8,8
25483,7,8
25489,4,12
25492,5,12
25500,8,8
25501,5,8
25516,8,12
25519,12,12
25523,9,12
25525,5,8
25526,8,12
25530,2,8
25539,5,8
25543,5,8
25544,8,12
25546,8,8
25549,5,8
25550,12,8
25559,5,8
25565,9,8
25572,8,8
25581,4,12
25587,12,8
25589,11,8
25599,6,12
25600,5,8
25604,9,12
25606,5,8
25614,8,12
25617,7,12
25619,2,8
25621,5,12
25626,7,12
25628,8,8
25629,12,12
25641,12,8
25644,2,8
25648,4,12
25657,7,12
25658,12,12
25663,8,12
25667,7,8
25668,12,12
25669,8,8
25694,9,12
25695,7,12
25696,9,8
25701,7,8
25704,7,12
25728,7,12
25731,5,12
25733,5,8
25740,8,8
25748,11,8
25749,8,12
25755,5,8
25756,8,8
25760,3,8
25761,7,12
25766,8,8
25770,12,8
25771,9,12
25774,8,8
25789,3,12
25792,7,12
25794,3,8
25798,5,8
25800,12,8
25806,12,12
25807,3,8
25809,8,8
25812,10,8
25815,5,8
25818,5,12
25823,11,12
25824,5,12
25830,5,12
25838,7,8
25841,5,8
25843,6,12
25847,5,12
25857,8,12
25863,8,8
25869,8,12
25870,7,8
25882,8,12
25889,8,8
25893,9,8
25901,8,8
25904,2,12
25908,7,12
25913,6,12
25919,7,8
25924,8,12
25930,8,8
25931,4,8
25938,12,12
25951,5,12
25965,5,8
25969,12,12
25972,12,12
25975,7,8
25984,12,12
25987,9,8
25994,12,8
25998,12,8
26000,12,12
26008,4,12
26009,5,12
26010,8,8
26020,12,12
26029,5,8
26030,8,8
26032,11,8
26033,11,8
26045,8,12
26046,4,8
26053,9,8
26057,10,12
26065,11,8
26075,12,8
26081,5,12
26084,11,8
26086,5,8
26089,8,8
26097,8,12
26100,7,8
26105,7,12
26110,5,8
26118,7,12
26120,4,12
26126,8,8
26130,8,8
26133,8,8
26141,2,12
26143,8,12
26144,12,8
26147,5,12
26148,8,12
26154,8,8
26155,11,12
26156,12,12
26167,5,8
26172,8,8
26173,5,12
26179,8,12
26180,8,8
26187,8,8
26188,7,8
26189,9,8
26195,9,8
26214,12,8
26216,8,8
26221,12,12
26222,12,8
26223,12,12
26233,12,8
26244,7,12
26245,3,8
26249,8,8
26251,8,8
26255,10,8
26256,2,12
26259,8,12
26270,5,12
26271,8,8
26276,10,12
26277,8,8
26281,5,8
26284,12,8
26287,11,8
26288,8,12
26291,11,8
26300,8,12
26309,7,8
26312,5,12
26313,8,8
26315,10,8
26316,8,12
26318,9,8
26321,10,8
26324,12,8
26330,8,8
26339,8,8
26347,10,12
26348,8,8
26350,3,8
26353,10,12
26354,5,8
26361,12,8
26365,8,8
26368,6,8
26369,5,8
26370,8,12
26377,8,8
26381,8,12
26382,8,8
26383,8,12
26396,4,8
26399,5,12
26401,7,8
26407,1,12
26418,12,12
26423,10,8
26424,5,8
26429,5,8
26432,12,8
26436,8,12
26443,7,12
26452,5,8
26460,9,12
26474,9,12
26478,5,8
26482,6,12
26494,11,8
26496,7,12
26498,5,12
26499,7,12
26503,10,12
26504,8,8
26508,11,12
26510,5,8
26512,8,8
26515,8,8
26521,8,12
26526,9,8
26537,7,8
26539,8,12
26540,12,8
26546,8,12
26552,8,12
26556,5,8
26562,8,8
26567,8,12
26569,8,8
26573,5,12
26584,8,12
26592,4,12
26595,3,12
26599,11,12
26604,7,12
26608,12,12
26610,2,12
26613,8,8
26620,4,12
26626,6,8
26631,5,12
26632,12,8
26636,3,12
26645,7,12
26646,6,12
26650,8,12
26651,7,12
26656,5,8
26657,8,8
26660,8,12
26683,12,8
26684,4,8
26693,7,8
26698,10,12
26699,8,12
26704,9,8
26708,9,8
26711,5,8
26713,5,8
26718,3,12
26728,10,8
26734,10,12
26737,12,8
26740,12,12
26748,12,8
26753,11,12
26754,12,12
26757,7,8
26770,12,8
26773,4,12
26774,8,12
26799,9,12
26806,12,12
26808,8,8
26812,5,12
26822,5,8
26826,11,12
26829,7,8
26835,7,12
26838,7,8
26839,8,12
26842,8,12
26843,5,12
26849,12,12
26850,11,8
26852,5,8
26863,12,12
26870,8,8
26874,8,8
26884,8,12
26892,6,12
26893,3,12
26896,8,8
26899,5,12
26904,5,8
26905,8,8
26910,5,12
26911,12,8
26918,10,8
26921,3,12
26926,8,12
26930,11,8
26937,8,8
26946,4,12
26948,5,12
26952,12,8
26955,2,8
26957,12,8
26961,12,8
26983,9,12
26986,11,8
26989,8,12
26994,8,12
26995,9,8
27001,2,12
27003,5,12
27004,5,12
27010,12,8
27012,8,12
27015,7,8
27023,8,12
27027,12,12
27034,5,12
27041,11,12
27048,5,12
27054,3,8
27055,8,8
27057,7,12
27060,12,12
27061,5,12
27062,5,8
27077,7,8
27078,4,12
27079,9,8
27080,3,12
27082,5,12
27092,5,6
27095,12,12
27099,4,8
27101,11,12
27124,9,12
27129,10,12
27132,4,12
27134,10,12
27141,7,12
27143,4,12
27146,7,12
27147,4,12
27154,9,12
27155,3,8
27156,7,8
27175,0,12
27176,12,12
27181,3,8
27186,3,12
27192,3,8
27197,8,12
27202,12,8
27205,8,8
27212,11,12
27214,5,8
27217,8,8
27221,8,8
27244,12,12
27245,8,8
27246,8,12
27249,7,12
27257,5,8
27262,11,12
27275,8,8
27281,11,12
27282,7,8
27283,8,12
27288,5,12
27296,9,12
27300,8,12
27302,8,8
27311,5,12
27314,8,8
27319,8,12
27321,4,8
27327,9,8
27332,12,12
27337,2,8
27344,5,12
27354,5,8
27366,8,12
27377,5,8
27379,12,12
27383,7,8
27385,12,12
27387,8,8
27389,12,12
27391,8,8
27393,8,8
27399,4,12
27406,2,8
27417,8,8
27422,5,12
27425,2,8
27426,5,12
27429,5,12
27430,7,8
27431,8,8
27435,11,8
27439,3,12
27441,5,8
27447,7,12
27455,8,8
27457,12,8
27478,9,8
27479,2,12
27488,7,8
27504,2,12
27511,12,12
27515,8,8
27518,8,12
27525,5,8
27532,4,8
27536,12,12
27537,12,12
27539,4,8
27541,4,8
27548,8,8
27549,7,12
27552,8,12
27564,5,8
27566,12,12
27568,2,8
27570,5,12
27573,5,8
27578,8,8
27583,8,12
27593,5,8
27595,8,8
27597,5,8
27598,8,8
27601,11,8
27610,8,12
27615,7,12
27620,12,12
27622,5,12
27635,11,12
27640,7,8
27643,5,12
27651,5,12
27652,8,8
27654,8,8
27659,9,8
27660,8,8
27664,7,8
27670,9,12
27677,4,12
27685,12,8
27686,7,12
27700,9,8
27709,5,12
27717,7,8
27721,4,12
27725,4,12
27728,7,8
27741,5,12
27743,12,12
27752,8,12
27764,5,12
27767,11,8
27777,8,8
27778,8,12
27781,5,8
27784,8,12
27788,12,12
27790,8,8
27803,8,12
27808,12,12
27811,10,12
27813,7,8
27814,10,12
27816,7,12
27817,7,12
27819,7,12
27823,11,12
27825,7,12
27830,7,8
27832,8,8
27834,7,12
27839,8,8
27851,7,8
27854,5,12
27856,8,12
27868,5,8
27870,8,8
27873,3,8
27875,8,12
27880,12,12
27884,5,8
27888,8,8
27891,8,12
27900,4,12
27905,8,8
27909,8,12
27930,8,8
27934,8,8
27936,9,12
27937,5,12
27939,9,8
27976,12,12
27978,4,12
27989,8,12
27991,12,12
27992,8,8
27997,5,8
27998,5,12
28005,10,12
28006,10,12
28021,8,8
28022,12,12
28031,5,12
28034,10,12
28038,8,8
28040,8,12
28041,11,8
28044,7,8
28045,8,8
28052,12,12
28053,9,12
28055,12,8
28060,5,12
28061,5,8
28070,8,12
28077,5,12
28078,7,8
28081,5,8
28091,4,12
28092,4,12
28097,4,12
28098,12,12
28105,4,12
28107,8,12
28109,5,12
28110,5,12
28114,8,8
28116,12,12
28117,9,8
28123,8,8
28128,8,8
28129,7,12
28134,5,12
28149,8,12
28151,6,12
28153,5,12
28164,5,12
28166,5,8
28168,9,8
28170,5,8
28174,5,8
28178,7,8
28179,8,8
28185,5,12
28186,8,8
28188,7,8
28189,7,12
28190,4,12
28196,3,12
28201,9,12
28204,7,12
28210,8,12
28215,5,8
28217,9,12
28226,12,12
28236,5,8
28240,8,8
28248,10,12
28259,7,8
28266,12,12
28268,5,8
28269,5,8
28274,7,12
28285,12,12
28286,7,12
28306,7,12
28310,8,8
28313,5,12
28318,7,8
28334,7,8
28338,12,12
28340,7,12
28345,8,8
28349,4,12
28352,8,12
28354,8,8
28355,9,12
28357,8,8
28358,7,12
28366,12,12
28367,12,12
28368,8,8
28370,8,8
28371,11,12
28376,12,12
28377,12,8
28385,12,8
28390,5,8
28414,4,12
28415,5,8
28416,3,8
28421,8,8
28423,8,12
28426,7,12
28442,7,8
28460,5,12
28465,5,12
28468,10,6
28469,8,8
28471,8,8
28478,2,12
28486,9,8
28489,8,8
28492,10,12
28501,11,8
28505,5,12
28511,12,12
28512,11,8
28518,12,8
28523,5,8
28527,7,8
28535,5,8
28536,5,12
28540,11,12
28547,12,12
28548,8,8
28550,12,12
28564,8,12
28568,4,12
28582,7,8
28585,5,8
28606,7,12
28607,5,12
28608,4,12
28611,12,8
28616,8,12
28620,10,8
28645,5,8
28655,12,12
28660,7,12
28664,8,8
28684,7,12
28686,7,8
28695,10,8
28696,10,12
28697,8,8
28698,3,8
28700,7,12
28706,11,12
28715,8,12
28722,5,12
28724,11,12
28726,7,8
28730,1,8
28743,5,8
28765,5,8
28767,12,12
28768,8,8
28773,8,8
28781,8,8
28784,12,8
28786,11,12
28808,8,8
28811,8,8
28820,8,8
28822,9,8
28831,7,8
28853,7,8
28859,11,12
28860,7,8
28862,8,12
28867,7,12
28871,9,12
28876,8,8
28879,11,12
28881,12,12
28884,7,8
28885,7,8
28888,12,12
28889,2,12
28892,8,8
28901,7,8
28910,5,8
28914,7,12
28922,4,8
28934,4,12
28936,2,12
28942,8,8
28945,5,12
28948,9,8
28949,5,12
28957,5,8
28958,12,12
28961,5,12
28962,7,12
28968,2,8
28969,9,8
28976,5,8
28983,11,8
28985,4,12
28986,8,8
28996,12,12
29001,8,8
29002,12,8
29009,12,12
29011,5,12
29019,7,12
29030,7,12
29050,9,8
29051,8,8
29060,5,12
29070,7,12
29075,7,8
29082,5,8
29084,8,12
29085,5,8
29089,12,12
29091,10,12
29092,5,8
29100,10,12
29101,5,12
29105,5,12
29106,5,8
29114,12,8
29124,3,8
29137,5,8
29138,8,8
29142,7,12
29147,8,8
29151,12,8
29153,8,8
29173,8,12
29177,4,12
29178,11,12
29184,7,12
29192,12,12
29204,3,12
29205,8,8
29210,5,8
29216,5,12
29221,8,8
29244,3,8
29247,12,8
29267,8,6
29272,5,12
29275,5,12
29278,8,12
29281,12,12
29296,8,8
29311,5,8
29315,5,12
29323,7,8
29331,7,12
29334,9,12
29344,9,12
29346,8,8
29347,11,12
29348,6,6
29349,7,8
29350,9,12
29356,12,8
29363,11,12
29368,5,12
29372,5,8
29375,5,12
29378,12,12
29391,4,8
29394,7,8
29401,7,12
29403,3,12
29405,12,8
29406,8,12
29411,12,8
29415,8,8
29422,5,8
29439,5,12
29447,7,8
29451,6,8
29453,8,8
29455,8,8
29458,7,12
29460,8,12
29461,5,8
29471,7,8
29478,8,8
29480,7,8
29485,8,8
29491,8,12
29493,8,12
29494,7,8
29502,8,8
29507,5,8
29511,5,8
29516,4,8
29518,7,8
29520,7,8
29532,12,8
29535,8,8
29542,6,12
29543,11,8
29544,8,12
29548,7,8
29550,11,8
29555,4,8
29566,8,8
29569,3,12
29572,4,8
29574,11,12
29575,7,12
29578,9,12
29581,9,8
29598,7,12
29600,8,8
29607,4,12
29608,8,12
29635,9,12
29639,2,12
29645,12,8
29652,5,8
29658,5,12
29660,7,12
29663,11,8
29664,12,12
29670,8,12
29672,8,8
29676,5,12
29677,8,8
29685,2,8
29686,5,12
29689,7,8
29693,5,8
29695,8,12
29696,5,12
29698,8,8
29712,8,8
29713,12,12
29719,8,8
29720,9,12
29721,11,12
29722,12,8
29724,5,8
29725,12,12
29730,5,8
29731,8,8
29737,12,8
29738,7,8
29739,12,8
29740,5,12
29748,5,8
29749,5,8
29752,5,8
29753,7,8
29757,3,12
29769,8,12
29774,7,12
29793,7,8
29795,9,12
29814,8,8
29815,9,12
29816,8,12
29819,3,12
29820,8,12
29822,5,8
29826,12,8
29827,4,8
29832,8,8
29840,9,8
29842,5,12
29848,4,12
29855,5,12
29860,10,12
29862,8,8
29863,5,8
29866,12,12
29890,12,8
29894,8,8
29896,8,8
29905,8,8
29910,12,8
29916,11,12
29930,12,8
29939,7,8
29951,9,8
29973,12,12
29980,7,8
29981,8,12
29983,12,8
29991,4,12
29998,5,8
