5,8,0
10,10,0
15,11,0
20,10,0
25,10,0
30,12,0
35,8,0
40,8,0
45,2,0
50,8,0
55,8,0
60,10,0
65,10,0
70,5,4
75,12,4
80,12,1
85,10,0
90,12,0
95,7,0
100,6,0
105,12,0
110,10,0
115,8,0
120,10,0
125,6,0
130,12,0
135,8,0
140,12,0
145,8,0
150,8,0
155,12,0
160,12,0
165,11,0
170,8,0
175,10,4
180,4,0
185,12,0
190,11,0
195,11,0
200,12,0
205,10,0
210,6,0
215,10,0
220,6,0
225,8,0
230,12,0
235,5,1
240,12,0
245,2,0
250,12,0
255,10,1
260,11,0
265,8,0
270,10,0
275,12,0
280,8,0
285,8,0
290,11,0
295,12,0
300,6,0
305,10,0
310,6,0
315,10,0
320,12,0
325,10,0
330,12,0
335,12,0
340,2,0
345,10,0
350,12,0
355,12,0
360,8,0
365,10,0
370,12,0
375,8,0
380,11,1
385,6,0
390,12,0
395,11,0
400,10,0
405,6,0
410,2,0
415,12,0
420,9,0
425,3,0
430,10,0
435,8,1
440,7,0
445,3,4
450,8,0
455,12,0
460,10,0
465,8,0
475,12,0
480,8,0
485,12,0
490,8,0
495,0,0
500,10,0
505,10,0
510,8,0
515,12,0
520,10,0
525,9,0
530,12,0
535,8,0
540,8,0
545,3,0
550,10,0
555,11,0
560,12,0
565,10,0
570,12,0
575,10,0
580,10,0
585,12,0
590,12,0
595,8,0
600,12,0
605,10,0
610,10,0
615,8,0
620,7,0
625,5,0
630,5,4
635,10,0
640,8,0
645,12,0
650,11,0
655,10,0
660,8,0
670,12,4
675,8,0
680,9,0
685,12,0
690,12,0
695,12,0
700,10,0
705,8,0
710,10,0
715,12,0
720,8,0
725,8,0
730,10,0
735,10,0
740,3,0
745,8,0
750,8,4
755,10,0
760,8,0
765,12,0
770,10,0
775,12,0
780,6,0
785,7,7
790,12,0
795,6,0
800,2,0
805,12,0
810,4,0
815,12,0
820,4,0
825,3,0
830,12,0
835,8,0
840,12,0
845,12,0
850,10,0
855,10,0
860,8,0
865,10,0
870,8,0
875,10,0
880,7,4
885,10,0
890,10,0
895,8,0
900,10,0
905,8,0
910,6,0
915,8,0
920,11,0
925,8,0
930,7,0
935,12,0
940,8,0
945,8,0
950,12,0
955,12,0
960,10,1
965,12,0
970,10,0
975,7,1
980,12,0
985,5,0
990,11,0
995,10,0
1000,8,0
1005,12,0
1010,8,0
1015,8,0
1020,12,0
1025,9,0
1030,12,0
1035,11,0
1040,12,0
1045,5,0
1050,12,0
1055,12,0
1060,11,4
1065,7,0
1070,2,0
1075,1,0
1080,12,0
1085,6,0
1090,12,0
1095,2,0
1100,10,0
1105,1,0
1110,12,0
1115,10,0
1120,12,0
1125,12,0
1130,10,0
1135,11,0
1140,12,0
1145,8,0
1150,8,0
1155,12,0
1160,1,0
1165,6,0
1170,11,0
1175,8,0
1180,10,0
1185,8,0
1190,10,0
1195,10,4
1200,2,0
1205,8,0
1210,7,0
1215,8,0
1220,11,0
1225,4,0
1230,7,0
1235,6,0
1240,12,0
1245,12,1
1250,9,4
1255,12,0
1260,12,0
1265,7,0
1270,10,0
1275,12,0
1280,9,0
1285,12,0
1290,6,0
1295,10,0
1300,10,0
1305,8,7
1310,10,0
1315,11,0
1320,12,0
1325,5,0
1330,11,0
1335,12,0
1340,12,0
1345,10,0
1350,12,0
1355,12,0
1360,10,0
1365,10,0
1370,10,0
1375,10,0
1380,12,0
1385,0,7
1390,12,0
1395,10,0
1400,10,0
1405,12,0
1410,10,0
1415,12,0
1420,8,0
1425,7,0
1430,12,0
1435,8,0
1440,12,0
1445,12,0
1450,10,1
1455,12,0
1460,8,0
1465,8,0
1470,10,0
1475,10,0
1480,10,0
1485,12,0
1490,8,1
1495,5,1
1500,6,0
1505,10,0
1510,7,0
1515,8,0
1520,10,0
1525,12,0
1530,10,0
1535,12,0
1540,10,0
1545,4,0
1550,12,0
1555,8,0
1560,12,0
1565,12,0
1570,12,0
1575,10,0
1580,12,0
1585,12,0
1590,12,0
1595,10,0
1600,12,0
1605,12,0
1610,4,0
1615,10,0
1620,11,0
1625,12,0
1630,11,0
1635,10,0
1640,12,0
1645,6,0
1650,10,0
1655,6,0
1660,8,0
1665,12,0
1670,12,0
1675,10,0
1680,8,0
1685,9,0
1690,11,0
1695,10,0
1700,12,0
1705,11,0
1710,12,0
1715,2,0
1720,10,0
1725,12,0
1730,6,0
1735,12,0
1740,7,0
1745,12,0
1750,12,0
1755,12,0
1760,8,0
1765,8,4
1770,12,0
1775,12,0
1780,2,0
1785,8,0
1790,8,0
1795,8,0
1800,8,4
1805,6,4
1810,10,0
1815,8,0
1820,12,0
1825,12,0
1830,12,0
1835,12,0
1840,12,4
1845,8,0
1850,8,0
1855,5,0
1860,10,0
1865,10,0
1870,12,0
1875,8,4
1880,8,0
1885,5,0
1890,10,0
1895,11,0
1900,11,0
1905,2,0
1910,12,0
1915,12,0
1920,8,0
1925,12,0
1930,12,0
1935,8,0
1940,12,0
1945,12,1
1950,8,0
1955,10,0
1960,8,0
1965,11,0
1970,6,0
1975,10,0
1980,8,0
1985,10,0
1990,12,0
1995,12,0
2000,8,0
2005,12,0
2010,10,0
2015,10,0
2020,12,0
2025,12,7
2030,10,4
2035,12,0
2040,12,0
2045,10,0
2050,10,0
2055,10,0
2060,12,0
2065,7,0
2070,4,4
2075,12,0
2080,8,0
2085,4,0
2090,6,0
2095,8,0
2100,12,1
2105,12,0
2110,8,0
2115,10,0
2120,10,0
2125,10,0
2130,12,0
2135,12,4
2140,8,0
2145,6,0
2150,10,0
2155,7,0
2160,5,0
2165,9,0
2170,8,0
2175,12,0
2180,10,0
2185,10,1
2190,10,0
2195,3,0
2200,10,0
2205,12,0
2210,6,0
2215,9,0
2220,10,0
2225,5,0
2230,12,0
2235,10,0
2240,10,0
2245,10,0
2250,2,0
2255,6,0
2260,7,0
2265,3,0
2270,8,0
2275,7,0
2280,12,0
2285,10,0
2290,10,0
2295,8,0
2300,10,0
2305,4,0
2310,12,0
2315,12,0
2320,2,0
2325,12,0
2330,12,0
2335,3,0
2340,10,0
2345,12,0
2350,8,1
2355,8,0
2360,12,4
2365,8,0
2370,10,0
2375,12,0
2380,8,0
2385,12,0
2390,11,0
2395,10,0
2400,10,4
2405,10,0
2410,12,0
2415,12,0
2420,8,0
2425,10,0
2430,12,0
2435,12,0
2440,10,0
2445,10,0
2450,12,0
2455,10,0
2460,12,0
2465,8,0
2470,12,0
2475,5,0
2480,11,0
2485,12,0
2490,8,0
2495,5,4
2500,8,0
2505,8,0
2510,10,0
2515,10,0
2520,8,0
2525,12,0
2530,12,0
2535,12,0
2540,10,0
2545,12,0
2550,2,0
2555,12,0
2560,12,0
2565,10,0
2570,12,1
2575,6,0
2580,8,0
2585,9,0
2590,12,0
2595,10,0
2600,12,0
2605,6,0
2610,8,0
2615,12,0
2620,0,0
2625,12,0
2630,0,0
2635,12,0
2640,9,0
2645,10,0
2650,8,0
2655,12,0
2660,10,0
2665,0,0
2670,5,0
2675,1,0
2680,8,0
2685,11,0
2690,12,0
2695,12,0
2700,8,0
2705,12,0
2710,12,0
2715,10,0
2720,12,0
2725,12,0
2730,7,0
2735,10,0
2740,12,0
2745,10,0
2750,2,0
2755,12,0
2760,12,0
2765,11,0
2770,12,0
2775,8,0
2780,12,0
2785,12,0
2790,12,0
2795,6,0
2800,12,0
2805,12,1
2810,11,0
2815,10,0
2820,8,0
2825,12,0
2830,12,0
2835,10,0
2840,8,0
2845,11,0
2850,10,0
2855,4,0
2860,12,0
2865,12,0
2870,11,0
2875,12,0
2880,7,0
2885,12,0
2890,12,0
2895,12,0
2900,10,0
2905,6,0
2910,10,0
2915,8,0
2920,4,4
2925,8,0
2930,12,0
2935,12,0
2940,12,0
2945,10,0
2950,12,0
2955,10,0
2960,12,0
2965,8,0
2970,5,0
2975,8,0
2980,8,0
2985,8,0
2990,10,0
2995,5,0
3000,8,4
3005,8,0
3010,8,0
3015,12,1
3020,10,0
3025,4,0
3030,6,0
3035,11,0
3040,10,0
3045,11,0
3050,6,0
3055,10,0
3060,12,0
3065,10,0
3070,10,0
3075,10,4
3080,12,0
3085,12,0
3090,10,0
3095,12,0
3100,12,0
3105,10,0
3110,10,4
3115,12,0
3120,12,0
3125,6,0
3130,12,0
3135,10,0
3140,10,0
3145,11,0
3150,8,0
3155,12,0
3160,12,0
3165,12,0
3170,11,0
3175,10,0
3180,12,1
3185,12,0
3190,11,0
3195,8,0
3200,8,0
3205,12,0
3210,12,0
3215,10,0
3220,11,0
3225,6,0
3230,7,0
3235,10,0
3240,10,0
3245,11,0
3250,8,1
3255,9,0
3260,8,0
3265,12,0
3270,10,0
3275,12,0
3280,5,0
3285,8,0
3290,5,0
3295,8,0
3300,12,0
3305,12,0
3310,10,0
3315,9,0
3320,12,4
3325,10,0
3330,8,1
3335,10,0
3340,8,0
3345,8,0
3350,8,0
3355,8,0
3360,8,0
3365,12,1
3370,5,0
3375,12,0
3380,12,0
3385,10,0
3390,10,0
3395,10,9
3400,12,0
3405,12,0
3410,8,4
3415,10,0
3420,10,0
3425,12,1
3430,6,0
3435,6,0
3440,10,0
3445,12,0
3450,8,4
3455,8,0
3460,12,0
3465,10,0
3470,12,0
3475,8,0
3480,11,0
3485,10,0
3490,8,0
3495,12,0
3500,12,0
3505,12,0
3510,10,0
3515,3,0
3520,12,0
3525,8,0
3530,11,0
3535,8,0
3540,8,0
3545,7,0
3550,12,0
3555,10,4
3560,4,0
3565,12,0
3570,7,0
3575,8,0
3580,12,0
3585,10,0
3590,8,0
3595,12,0
3600,4,0
3605,5,0
3610,10,0
3615,12,0
3620,7,0
3625,12,0
3630,9,0
3635,11,0
3640,12,0
3645,12,0
3650,12,0
3655,12,0
3660,10,0
3665,12,1
3670,8,0
3675,9,0
3680,12,0
3685,10,0
3690,12,0
3695,6,0
3700,8,0
3705,11,0
3710,12,0
3715,8,0
3720,8,0
3725,10,0
3730,10,4
3735,12,0
3740,8,0
3745,10,0
3750,12,0
3755,11,0
3760,7,0
3765,6,1
3770,10,0
3775,8,0
3780,10,0
3785,8,0
3790,11,0
3795,8,0
3800,8,0
3805,5,0
3810,10,4
3815,8,0
3820,12,0
3825,8,0
3830,10,0
3835,8,0
3840,12,0
3845,12,0
3850,12,0
3855,10,0
3860,12,0
3865,8,1
3870,12,0
3875,12,0
3880,12,0
3885,10,0
3890,8,0
3895,7,1
3900,12,0
3905,8,0
3910,0,4
3915,9,0
3920,10,0
3925,12,0
3930,10,0
3935,8,0
3940,12,0
3945,6,0
3950,12,0
3955,5,0
3960,10,0
3965,8,0
3970,5,0
3975,10,0
3980,8,0
3985,6,0
3990,7,0
3995,7,0
4000,8,0
4005,12,0
4010,10,0
4015,6,0
4020,12,0
4025,11,0
4030,6,0
4035,6,0
4040,12,0
4045,12,0
4050,8,0
4055,6,0
4060,4,0
4065,10,4
4070,12,0
4075,11,0
4080,8,0
4085,8,0
4090,8,0
4095,10,0
4100,2,0
4105,8,0
4110,12,0
4115,7,4
4120,12,0
4125,10,0
4130,10,0
4135,12,0
4140,12,0
4145,12,0
4150,12,0
4155,8,0
4160,10,0
4165,10,0
4170,12,0
4175,12,0
4180,10,0
4185,8,0
4190,8,0
4195,10,0
4200,12,0
4205,12,4
4210,8,0
4215,10,0
4220,12,0
4225,6,0
4230,6,0
4235,12,0
4240,8,0
4245,8,0
4250,8,0
4255,12,0
4260,11,1
4265,4,0
4270,10,0
4275,12,0
4280,12,0
4285,10,0
4290,12,0
4295,10,0
4300,10,0
4305,8,0
4310,8,0
4315,7,0
4320,12,0
4325,8,0
4330,10,0
4335,6,0
4340,10,0
4345,12,0
4350,9,0
4355,10,0
4360,4,0
4365,2,0
4370,10,0
4375,10,0
4380,11,0
4385,8,0
4390,12,1
4395,10,0
4400,12,0
4405,10,0
4410,12,0
4415,12,0
4420,10,0
4425,12,1
4430,12,0
4435,5,4
4440,12,0
4445,6,0
4450,10,0
4455,11,0
4460,12,0
4465,3,0
4470,5,0
4475,7,0
4480,7,0
4485,10,4
4490,10,0
4495,12,0
4500,5,0
4505,8,0
4510,11,0
4515,8,0
4520,12,0
4525,12,0
4530,8,0
4535,7,0
4540,3,0
4545,6,0
4550,12,0
4555,12,0
4560,10,0
4565,10,0
4570,12,0
4575,10,0
4580,10,0
4585,8,0
4590,8,0
4595,10,0
4600,8,0
4605,12,0
4610,5,4
4615,9,0
4620,5,0
4625,8,0
4630,12,0
4635,8,0
4640,8,0
4645,10,0
4650,12,4
4655,5,0
4660,12,0
4665,12,0
4670,10,4
4675,12,0
4680,11,0
4685,10,0
4690,10,0
4695,12,0
4700,12,0
4705,8,0
4710,8,0
4715,7,0
4720,8,0
4725,10,0
4730,12,0
4735,7,0
4740,12,0
4745,10,0
4750,10,0
4755,8,0
4760,12,0
4765,10,0
4770,10,0
4775,8,0
4780,10,0
4785,12,0
4790,11,0
4795,8,0
4800,7,0
4805,8,0
4810,10,0
4815,5,1
4820,10,0
4825,6,0
4830,4,0
4835,12,0
4840,12,0
4845,10,0
4850,12,0
4855,9,0
4860,8,0
4865,12,0
4870,1,0
4875,12,0
4880,9,0
4885,10,0
4890,12,0
4895,8,0
4900,10,0
4905,10,0
4910,10,0
4915,5,0
4920,6,4
4925,10,0
4930,12,0
4935,10,0
4940,12,0
4945,6,0
4950,12,0
4955,12,0
4960,12,0
4965,10,0
4970,12,4
4975,10,0
4980,6,0
4985,8,0
4990,7,0
4995,8,0
5000,12,0
5005,8,0
5010,2,4
5015,5,1
5020,6,0
5025,12,0
5030,9,0
5035,10,0
5040,12,0
5045,10,0
5050,12,0
5055,8,4
5060,12,0
5065,7,0
5070,8,0
5075,7,0
5080,12,0
5085,7,0
5090,7,0
5095,2,0
5100,7,0
5105,10,0
5110,12,0
5115,7,0
5120,10,0
5125,8,0
5130,12,0
5135,12,0
5140,12,0
5145,12,0
5150,7,0
5155,10,0
5160,10,0
5165,10,0
5170,4,0
5175,5,0
5180,10,0
5185,10,0
5190,10,0
5195,12,0
5200,10,0
5205,12,0
5210,12,0
5215,10,0
5220,11,0
5225,10,0
5230,12,1
5235,12,4
5240,12,0
5245,10,0
5250,10,0
5255,12,0
5260,12,0
5265,11,0
5270,10,0
5275,12,0
5280,12,0
5285,10,0
5290,12,1
5295,10,0
5300,12,0
5305,7,0
5310,12,0
5315,12,0
5320,10,0
5325,12,0
5330,11,0
5335,4,0
5340,12,0
5345,10,0
5350,4,0
5355,10,0
5360,8,0
5365,10,0
5370,4,0
5375,10,0
5380,7,4
5385,12,0
5390,5,0
5395,8,4
5400,8,0
5405,12,0
5410,10,0
5415,4,0
5420,8,0
5425,6,0
5430,8,0
5435,12,0
5440,12,0
5445,12,0
5450,12,0
5455,9,1
5460,10,4
5465,12,0
5470,10,0
5475,12,0
5480,8,0
5485,5,0
5490,12,0
5495,8,0
5500,12,0
5505,3,0
5510,12,0
5515,10,0
5520,8,0
5525,5,0
5530,8,0
5535,6,0
5540,5,0
5545,12,0
5550,12,0
5555,1,0
5560,8,0
5565,10,0
5570,12,0
5575,10,0
5580,12,0
5585,7,0
5590,10,0
5595,12,0
5600,6,0
5605,10,0
5610,10,0
5615,8,0
5620,10,0
5625,12,0
5630,12,0
5635,10,0
5640,6,0
5645,12,1
5650,11,0
5655,12,0
5660,10,0
5665,11,0
5670,12,0
5675,6,0
5680,10,0
5685,12,0
5690,12,0
5695,6,0
5700,12,4
5705,10,0
5710,12,0
5715,12,0
5720,6,0
5725,5,0
5730,12,0
5735,5,0
5740,12,0
5745,12,0
5750,12,4
5755,12,0
5760,6,0
5765,8,0
5770,12,0
5775,8,0
5780,12,0
5785,8,0
5790,9,0
5795,12,0
5800,12,1
5805,7,0
5810,9,0
5815,12,0
5820,8,0
5825,8,0
5830,10,0
5835,12,0
5840,12,0
5845,12,0
5850,8,0
5855,8,0
5860,6,0
5865,12,0
5870,8,0
5875,10,0
5880,6,0
5885,10,0
5890,5,0
5895,10,0
5900,2,0
5905,5,0
5910,12,1
5915,5,0
5920,8,0
5925,12,0
5930,10,0
5935,8,0
5940,11,0
5945,8,0
5950,10,0
5955,7,0
5960,10,0
5965,6,4
5970,12,0
5975,9,4
5980,12,0
5985,12,0
5990,12,0
5995,9,0
6000,12,0
6005,8,0
6010,12,0
6015,12,0
6020,12,0
6025,2,4
6030,12,0
6035,6,0
6040,12,0
6045,10,0
6050,4,0
6055,12,0
6060,7,0
6065,12,0
6070,8,0
6075,12,0
6080,6,0
6085,12,0
6090,8,0
6095,12,0
6100,8,0
6105,8,0
6110,3,0
6115,12,0
6120,8,0
6125,7,0
6130,5,0
6135,6,0
6140,12,0
6145,12,0
6150,12,0
6155,10,0
6160,10,0
6165,10,0
6170,4,0
6175,10,0
6180,12,0
6185,12,0
6190,12,0
6195,12,0
6200,5,0
6205,12,0
6210,5,0
6215,8,0
6220,8,0
6225,10,0
6230,10,0
6235,10,0
6240,6,0
6245,12,0
6250,8,0
6255,8,0
6260,12,0
6265,10,0
6270,8,0
6275,12,0
6280,12,0
6285,10,0
6290,10,0
6295,10,0
6300,3,0
6305,6,0
6310,5,0
6315,5,0
6320,6,0
6325,10,1
6330,8,0
6335,8,0
6340,8,0
6345,10,0
6350,12,0
6355,12,0
6360,6,0
6365,5,4
6370,12,0
6375,3,0
6380,5,1
6385,12,0
6390,6,0
6395,12,0
6400,7,0
6405,8,0
6410,6,0
6415,12,0
6420,8,0
6425,8,0
6430,10,0
6435,12,0
6440,10,0
6445,8,0
6450,12,0
6455,12,0
6460,8,0
6465,10,0
6470,5,0
6475,10,0
6480,10,0
6485,12,0
6490,12,0
6495,5,0
6500,6,0
6505,7,5
6510,6,0
6515,10,0
6520,12,0
6525,2,0
6530,10,0
6535,12,0
6540,8,0
6545,5,0
6550,7,0
6555,6,0
6560,8,0
6565,12,0
6570,5,0
6575,10,0
6580,10,0
6585,11,0
6590,5,0
6595,12,0
6600,8,0
6605,10,0
6610,8,0
6615,2,0
6620,12,0
6625,8,0
6630,8,0
6635,8,0
6640,6,1
6645,12,0
6650,12,0
6655,10,0
6660,2,0
6665,8,0
6670,10,0
6675,10,0
6680,12,0
6685,11,0
6690,8,0
6695,6,0
6700,8,0
6705,12,0
6710,10,4
6715,8,0
6720,12,0
6725,8,0
6730,7,0
6735,12,0
6740,12,0
6745,4,0
6750,6,0
6755,10,0
6760,2,0
6765,7,0
6770,8,0
6775,11,0
6780,12,0
6785,10,0
6790,4,0
6795,11,0
6800,12,0
6805,8,0
6810,12,0
6815,11,0
6820,12,0
6825,10,0
6830,10,0
6835,5,0
6840,8,0
6845,12,0
6850,12,0
6855,2,0
6860,10,0
6865,12,0
6870,10,0
6875,8,0
6880,12,0
6885,6,0
6890,10,0
6895,8,0
6900,10,0
6905,11,0
6910,6,0
6915,12,0
6925,9,0
6930,10,0
6935,5,0
6940,8,0
6945,8,0
6950,9,0
6955,8,0
6960,8,0
6965,5,0
6970,11,0
6975,11,4
6980,6,0
6985,11,0
6990,10,0
6995,12,0
7000,10,0
7005,12,0
7010,2,0
7015,12,0
7020,5,0
7025,12,0
7030,10,0
7035,9,0
7040,12,0
7045,10,0
7050,10,0
7055,8,0
7060,8,4
7065,8,0
7070,10,0
7075,10,0
7080,8,0
7085,6,0
7090,6,0
7095,10,0
7100,12,0
7105,9,0
7110,4,0
7115,12,0
7120,8,0
7125,12,0
7130,10,0
7135,8,0
7140,10,0
7145,8,0
7150,10,0
7155,10,0
7160,4,0
7165,8,0
7170,10,0
7175,9,0
7180,8,0
7185,10,0
7190,10,0
7195,12,0
7200,6,0
7205,10,0
7210,12,0
7215,8,1
7220,6,0
7225,12,0
7230,6,4
7235,10,0
7240,12,0
7245,5,0
7250,12,0
7255,10,0
7260,9,0
7265,8,0
7270,12,0
7275,2,0
7280,10,4
7285,11,0
7290,8,0
7295,8,0
7300,11,0
7305,9,0
7310,12,0
7315,8,0
7320,8,0
7325,4,0
7330,8,0
7335,10,0
7340,10,0
7345,8,0
7350,12,0
7355,10,0
7360,10,0
7365,12,0
7370,12,0
7375,12,0
7380,8,0
7385,8,0
7390,12,0
7395,10,0
7400,10,0
7405,8,0
7410,10,0
7415,10,0
7420,10,0
7425,8,0
7430,6,0
7435,12,0
7440,8,0
7445,12,0
7450,8,0
7455,10,0
7460,11,0
7465,6,0
7470,9,0
7475,10,0
7480,10,0
7485,7,0
7490,12,0
7495,12,0
7500,12,4
7505,12,4
7510,2,0
7515,12,0
7520,3,0
7525,10,0
7530,3,0
7535,12,0
7540,12,0
7545,8,0
7550,10,0
7555,2,0
7560,11,4
7565,10,0
7570,6,0
7575,3,0
7580,12,0
7585,12,0
7590,4,0
7595,10,0
7600,12,0
7605,12,0
7610,12,0
7615,7,0
7620,6,0
7625,4,0
7630,2,0
7635,8,0
7640,10,0
7645,12,4
7650,8,4
7655,5,0
7660,5,4
7665,8,0
7670,7,0
7675,8,0
7680,8,0
7685,10,0
7690,8,0
7695,12,0
7700,12,0
7705,11,0
7710,6,2
7715,8,0
7720,12,0
7725,8,0
7730,9,0
7735,5,0
7740,12,0
7745,8,0
7750,10,4
7755,10,0
7760,10,0
7765,12,0
7770,1,0
7775,8,0
7780,12,0
7785,12,0
7790,8,0
7795,12,0
7800,9,0
7805,10,0
7810,10,0
7815,12,4
7820,10,0
7825,12,0
7830,6,0
7835,8,0
7840,12,0
7845,8,0
7850,3,0
7855,12,0
7860,4,0
7865,6,0
7870,12,0
7875,12,0
7880,10,0
7885,8,0
7890,12,0
7895,12,0
7900,10,0
7905,10,0
7910,9,0
7915,10,0
7920,8,0
7925,10,0
7930,10,0
7935,8,0
7940,8,0
7945,12,0
7950,6,0
7955,12,0
7960,12,0
7965,8,0
7970,12,0
7975,12,0
7980,12,0
7985,12,0
7990,3,0
7995,8,0
8000,12,0
8005,12,0
8010,12,0
8015,12,0
8020,7,0
8025,10,0
8030,12,0
8035,5,4
8040,10,0
8045,8,0
8050,8,0
8055,12,0
8060,1,0
8065,12,0
8070,12,0
8075,5,0
8080,6,0
8085,7,0
8090,12,0
8095,10,0
8100,6,0
8105,12,0
8110,2,0
8115,8,0
8120,10,0
8125,12,0
8130,10,0
8135,8,0
8140,10,0
8145,12,0
8150,12,0
8155,8,0
8160,6,0
8165,10,0
8170,8,0
8175,6,0
8180,12,1
8185,5,0
8190,6,0
8195,5,0
8200,8,0
8205,7,0
8210,9,0
8215,12,0
8220,3,0
8225,10,0
8230,8,0
8235,10,0
8240,10,0
8245,10,0
8250,12,0
8255,12,0
8260,10,0
8265,6,0
8270,12,0
8275,12,0
8280,10,0
8285,12,0
8290,12,0
8295,8,0
8300,8,0
8305,10,0
8310,12,0
8315,5,1
8320,7,1
8325,12,0
8330,12,0
8335,12,0
8340,12,0
8345,12,0
8350,8,0
8355,12,0
8360,12,0
8365,10,0
8370,12,0
8375,12,0
8380,4,0
8385,8,0
8390,8,0
8395,5,0
8400,7,0
8405,8,0
8410,12,0
8415,11,0
8420,12,0
8425,12,0
8430,8,0
8435,5,0
8440,12,0
8445,0,0
8450,8,0
8455,11,0
8460,5,0
8465,12,0
8470,8,0
8475,12,0
8480,10,0
8485,5,0
8490,12,4
8495,8,0
8500,12,0
8505,12,0
8510,2,0
8515,4,0
8520,10,0
8525,12,0
8530,5,0
8535,12,4
8540,0,0
8545,12,0
8550,3,0
8555,12,0
8560,8,0
8565,12,0
8570,12,0
8575,12,0
8580,1,4
8585,12,0
8590,12,0
8595,8,0
8600,8,0
8605,12,0
8610,6,0
8615,2,0
8620,12,0
8625,8,0
8630,12,0
8635,10,0
8640,12,0
8645,5,0
8650,8,0
8655,10,0
8660,10,0
8665,10,0
8670,12,0
8675,10,0
8680,10,0
8685,12,0
8690,12,0
8695,8,0
8700,12,0
8705,10,0
8710,8,0
8715,11,0
8720,8,0
8725,11,0
8730,10,0
8735,10,0
8740,8,0
8745,10,0
8750,5,0
8755,6,0
8760,4,0
8765,8,0
8770,8,0
8775,8,0
8780,10,0
8785,12,0
8790,10,0
8795,12,0
8800,10,0
8805,8,0
8810,6,0
8815,12,0
8820,7,0
8825,11,0
8830,10,0
8835,8,0
8840,12,0
8845,10,0
8850,2,0
8855,12,0
8860,12,0
8865,10,1
8870,12,0
8875,12,0
8880,7,0
8885,12,0
8890,12,0
8895,8,0
8900,5,0
8905,10,0
8910,12,0
8915,10,0
8920,10,0
8925,8,0
8930,12,0
8935,6,0
8940,12,0
8945,12,0
8950,1,4
8955,8,0
8960,7,0
8965,12,0
8970,12,0
8975,12,0
8980,10,0
8985,8,0
8990,12,0
8995,11,0
9000,11,0
9005,8,0
9010,12,0
9015,5,0
9020,12,0
9025,12,0
9030,12,0
9035,10,0
9040,10,0
9045,7,0
9050,10,0
9055,11,0
9060,7,0
9065,3,0
9070,8,0
9075,8,0
9080,12,0
9085,12,0
9090,10,0
9095,8,0
9100,12,0
9105,12,0
9110,10,0
9115,10,0
9120,12,0
9125,10,0
9130,11,0
9135,12,0
9140,8,0
9145,12,0
9150,7,0
9155,8,0
9160,5,0
9165,10,0
9170,8,0
9175,2,0
9180,10,0
9185,12,1
9190,12,0
9195,12,0
9200,12,0
9205,8,0
9210,4,0
9215,6,0
9220,1,0
9225,10,0
9230,2,0
9235,11,0
9240,10,0
9245,12,0
9250,12,0
9255,12,4
9260,11,0
9265,12,0
9270,6,0
9275,9,0
9280,12,4
9285,10,0
9290,10,0
9295,6,0
9300,12,0
9305,11,0
9310,11,0
9315,12,0
9320,8,0
9325,10,4
9330,8,0
9335,4,0
9340,12,0
9345,8,0
9350,10,0
9355,12,0
9360,12,0
9365,11,0
9370,9,0
9375,10,0
9380,11,0
9385,8,0
9390,8,0
9395,12,0
9400,1,0
9405,12,0
9410,5,0
9415,7,0
9420,5,0
9425,11,0
9430,12,0
9435,7,0
9440,12,0
9445,7,0
9450,10,0
9455,7,0
9460,12,0
9465,12,0
9470,10,0
9475,8,0
9480,10,0
9485,8,0
9490,9,0
9495,12,0
9500,7,4
9505,3,0
9510,6,0
9515,12,0
9520,10,0
9525,12,0
9530,6,0
9535,12,0
9540,8,0
9545,12,0
9550,10,0
9555,10,0
9560,8,0
9565,12,0
9570,5,0
9575,1,0
9580,9,0
9585,10,0
9590,12,0
9595,12,0
9600,11,0
9605,1,0
9610,8,0
9615,10,0
9620,8,0
9625,12,1
9630,12,0
9635,12,0
9640,10,0
9645,12,0
9650,9,0
9655,8,0
9660,10,0
9665,10,0
9670,6,0
9675,6,4
9680,12,0
9685,12,0
9690,9,0
9695,12,0
9700,11,0
9705,12,0
9710,9,0
9715,10,0
9720,12,0
9725,5,0
9730,10,0
9735,8,0
9740,8,0
9745,8,0
9750,12,0
9755,5,0
9760,5,0
9765,12,0
9770,10,0
9775,7,0
9780,7,0
9785,10,0
9790,10,0
9795,10,0
9800,8,4
9805,12,0
9810,10,0
9815,10,0
9820,6,0
9825,10,0
9830,10,0
9835,12,0
9840,12,0
9845,6,0
9850,8,0
9855,4,0
9860,8,0
9865,10,0
9870,12,1
9875,10,0
9880,12,0
9885,7,0
9890,8,0
9895,8,0
9900,12,0
9905,10,0
9910,12,0
9915,12,0
9920,5,1
9925,9,0
9930,8,0
9935,8,0
9940,10,1
9945,12,0
9950,12,0
9955,8,0
9960,10,0
9965,2,0
9970,12,5
9975,12,0
9980,12,0
9985,8,0
9990,12,1
9995,8,0
10000,6,0
10005,2,0
10010,12,0
10015,12,0
10020,6,4
10025,12,0
10030,10,0
10035,12,0
10040,8,0
10045,10,0
10050,10,0
10055,12,0
10060,6,0
10065,10,0
10070,12,0
10075,10,0
10080,8,0
10085,10,0
10090,4,0
10095,12,0
10100,10,1
10105,8,0
10110,10,0
10115,8,0
10120,2,0
10125,12,0
10130,8,4
10135,8,0
10140,5,0
10145,5,0
10150,8,0
10155,12,0
10160,5,0
10165,11,0
10170,9,0
10175,10,0
10180,8,0
10185,1,0
10190,10,1
10195,8,0
10200,10,0
10205,8,0
10210,9,0
10215,12,0
10220,10,0
10225,12,0
10230,12,0
10235,6,0
10240,5,0
10245,8,0
10250,8,0
10255,10,0
10260,3,0
10265,12,0
10270,12,0
10275,12,0
10280,8,0
10285,10,0
10290,8,0
10295,10,0
10300,3,0
10305,10,7
10310,12,0
10315,10,0
10320,10,0
10325,4,0
10330,8,0
10335,2,0
10340,12,0
10345,8,4
10350,5,0
10355,10,0
10360,8,0
10365,12,0
10370,12,0
10375,12,0
10380,8,1
10390,11,0
10395,3,0
10400,12,4
10405,12,0
10410,10,0
10415,6,0
10420,12,5
10425,8,0
10430,10,0
10435,5,0
10440,10,0
10445,9,0
10450,12,0
10455,8,0
10460,10,0
10465,8,0
10470,10,0
10475,10,0
10480,11,0
10485,8,0
10490,7,4
10495,12,0
10500,10,0
10505,12,0
10510,8,0
10515,4,0
10520,6,0
10525,11,0
10530,12,0
10535,12,0
10540,8,0
10545,10,0
10550,12,4
10555,11,0
10560,12,0
10565,5,4
10570,5,0
10575,12,4
10580,8,0
10585,12,0
10590,12,0
10595,11,1
10600,8,0
10605,6,0
10610,10,0
10615,12,0
10620,2,0
10625,12,0
10630,10,0
10635,12,0
10640,4,0
10645,10,0
10650,12,0
10655,8,0
10660,10,0
10665,12,0
10670,6,0
10675,12,0
10680,12,0
10685,12,0
10690,12,0
10695,12,0
10700,10,0
10705,10,0
10710,5,0
10715,12,0
10720,12,0
10725,10,4
10730,8,0
10735,0,0
10740,12,0
10745,12,0
10750,10,0
10755,8,0
10760,12,0
10765,12,0
10770,8,0
10775,10,0
10780,12,0
10785,10,0
10790,11,0
10795,10,0
10800,10,0
10805,10,0
10810,10,0
10815,8,0
10820,2,0
10825,8,0
10830,10,0
10835,12,0
10840,10,0
10845,12,0
10850,10,0
10855,10,0
10860,6,0
10865,12,4
10870,12,0
10875,12,0
10880,8,0
10885,8,0
10890,11,0
10895,8,0
10900,12,0
10905,12,0
10910,8,0
10915,11,0
10920,8,0
10925,12,0
10930,10,0
10935,7,4
10940,12,0
10945,2,0
10950,4,0
10955,12,0
10960,9,0
10965,10,0
10970,7,0
10975,6,0
10980,7,1
10985,12,0
10990,12,0
10995,12,0
11000,8,0
11005,7,4
11010,12,0
11015,8,0
11020,12,0
11025,2,0
11030,6,0
11035,10,0
11040,12,0
11045,10,0
11050,8,0
11055,8,0
11060,10,0
11065,12,0
11070,12,0
11075,12,0
11080,12,0
11085,12,0
11090,10,0
11095,11,0
11100,12,0
11105,10,0
11110,12,0
11115,12,0
11120,12,0
11125,8,0
11130,5,0
11135,10,0
11140,10,0
11145,8,0
11150,10,0
11155,10,0
11160,8,0
11165,6,4
11170,12,0
11175,9,0
11180,10,0
11185,12,4
11190,8,0
11195,7,0
11200,10,0
11205,8,0
11210,12,0
11215,5,1
11220,12,0
11225,12,0
11230,12,0
11235,2,0
11240,12,0
11245,10,0
11250,11,0
11255,12,0
11260,6,0
11265,10,0
11270,12,0
11275,10,0
11280,12,0
11285,6,0
11290,10,0
11295,8,0
11300,5,0
11305,5,0
11310,10,0
11315,4,0
11320,12,0
11325,12,0
11330,7,0
11335,10,0
11340,12,0
11345,1,0
11350,12,1
11355,12,0
11360,8,0
11365,6,0
11370,8,0
11375,12,0
11380,10,0
11385,12,0
11390,11,0
11395,8,0
11400,12,0
11405,12,0
11410,12,0
11415,10,0
11420,8,0
11425,4,0
11430,9,0
11435,8,0
11440,10,0
11445,12,0
11450,9,0
11455,12,0
11460,6,0
11465,12,0
11470,10,0
11475,12,0
11480,8,0
11485,8,0
11490,3,0
11495,12,0
11500,10,0
11505,8,0
11510,11,0
11515,5,0
11520,11,0
11525,8,0
11530,12,0
11535,5,0
11540,12,4
11545,10,4
11550,12,0
11555,10,0
11560,10,0
11565,10,0
11570,10,0
11575,8,0
11580,5,0
11585,12,0
11590,11,0
11595,4,0
11600,12,0
11605,12,0
11610,10,0
11615,8,0
11620,4,0
11625,5,0
11630,5,0
11635,8,0
11640,11,0
11645,8,0
11650,11,0
11655,8,0
11660,5,0
11665,12,4
11670,8,0
11675,11,0
11680,12,0
11685,8,0
11690,12,0
11695,0,0
11700,12,0
11705,12,0
11710,8,0
11715,12,0
11720,8,4
11725,7,0
11730,12,0
11735,3,0
11740,7,0
11745,6,0
11750,12,0
11755,10,0
11760,2,0
11765,12,0
11770,6,0
11775,2,0
11780,8,0
11785,10,0
11790,6,1
11795,7,0
11800,1,0
11805,8,0
11810,12,0
11815,7,0
11820,12,0
11825,9,0
11830,6,0
11835,12,0
11840,12,0
11845,10,4
11850,6,0
11855,8,0
11860,2,0
11865,10,0
11870,10,4
11875,6,0
11880,12,0
11885,11,0
11890,8,0
11895,6,0
11900,10,0
11905,12,0
11910,8,0
11915,6,0
11920,10,0
11925,5,0
11930,2,0
11935,10,0
11940,10,0
11945,7,0
11950,10,0
11955,8,0
11960,8,0
11965,7,0
11970,12,0
11975,8,0
11980,8,0
11985,12,0
11990,12,0
11995,11,0
12000,10,0
12005,4,0
12010,8,0
12015,10,0
12020,10,0
12025,8,0
12030,10,0
12035,10,0
12040,12,0
12045,1,0
12050,6,0
12055,6,0
12060,8,0
12065,12,0
12070,10,0
12075,10,0
12080,5,0
12085,10,0
12090,12,0
12095,12,0
12100,12,0
12105,10,0
12110,10,0
12115,6,0
12120,6,0
12125,12,0
12130,8,0
12135,12,1
12140,6,0
12145,10,0
12150,8,0
12155,5,0
12160,8,0
12165,12,0
12170,5,0
12175,9,0
12180,12,0
12185,2,0
12190,7,0
12195,10,0
12200,6,0
12205,12,4
12210,3,0
12215,12,4
12220,10,0
12225,10,0
12230,1,0
12235,12,0
12240,8,0
12245,8,0
12250,12,0
12255,8,0
12260,12,0
12265,10,0
12270,4,0
12275,8,0
12280,6,0
12285,7,0
12290,12,1
12295,7,0
12300,5,0
12305,3,0
12310,10,0
12315,12,1
12320,12,0
12325,12,0
12330,12,0
12335,10,0
12340,12,0
12345,7,0
12350,8,7
12355,2,0
12360,4,0
12365,12,0
12370,10,0
12375,10,0
12380,12,0
12385,8,0
12390,12,0
12395,10,0
12400,11,0
12405,12,0
12410,8,0
12415,12,0
12420,4,0
12425,7,0
12430,6,0
12435,7,0
12440,8,0
12445,4,0
12450,11,0
12455,12,0
12460,7,4
12465,12,0
12470,10,0
12475,12,0
12480,2,0
12485,12,0
12490,12,0
12495,11,0
12500,12,0
12505,8,0
12510,8,0
12515,11,0
12520,12,0
12525,12,0
12530,8,0
12535,12,0
12540,10,0
12545,12,0
12550,1,0
12555,8,0
12560,10,0
12565,10,0
12570,12,0
12575,8,0
12580,0,0
12585,6,0
12590,10,0
12595,6,0
12600,8,0
12605,8,0
12610,12,0
12615,10,0
12620,10,0
12625,12,0
12630,6,0
12635,7,0
12640,8,0
12645,10,0
12650,8,0
12655,7,0
12660,6,0
12665,10,0
12670,12,0
12675,4,0
12680,10,0
12685,12,0
12690,7,0
12695,12,0
12700,8,0
12705,5,0
12710,10,0
12715,12,0
12720,12,0
12725,9,0
12730,10,0
12735,8,0
12740,12,0
12745,12,0
12750,7,0
12755,12,0
12760,12,0
12765,12,0
12770,10,0
12775,12,0
12780,5,0
12785,12,0
12790,12,0
12795,12,0
12800,5,0
12805,12,0
12810,8,0
12815,12,0
12820,10,0
12825,11,0
12830,10,0
12835,12,0
12840,10,0
12845,6,0
12850,6,0
12855,7,0
12860,7,0
12865,8,0
12870,10,0
12875,12,0
12880,11,0
12885,2,0
12890,5,0
12895,8,0
12900,3,0
12905,12,0
12910,5,0
12915,6,0
12920,7,0
12925,10,0
12930,12,0
12935,12,0
12940,5,0
12945,10,0
12950,6,0
12955,10,0
12960,2,0
12965,12,0
12970,10,0
12975,7,1
12980,12,0
12985,12,0
12990,10,0
12995,10,0
13000,8,0
13005,12,0
13010,12,1
13015,11,0
13020,10,0
13025,6,0
13030,10,0
13035,12,0
13040,12,0
13045,12,0
13050,10,0
13055,2,0
13060,10,0
13065,12,0
13070,10,0
13075,12,4
13080,12,0
13085,10,0
13090,12,0
13095,12,0
13100,8,1
13110,8,0
13115,1,0
13120,12,0
13125,7,0
13130,8,0
13135,11,0
13140,12,0
13145,10,0
13150,8,0
13155,9,0
13160,12,0
13165,10,0
13170,7,0
13175,12,0
13180,12,0
13185,2,0
13190,12,0
13195,5,0
13200,12,0
13205,10,0
13210,5,0
13215,12,0
13220,8,1
13225,12,0
13230,8,0
13235,8,0
13240,11,0
13245,12,0
13250,3,0
13255,8,0
13260,10,0
13265,9,4
13270,7,0
13275,8,0
13280,12,0
13285,4,0
13290,12,0
13295,12,0
13300,7,0
13305,12,0
13310,8,0
13315,9,0
13320,10,0
13325,10,0
13330,7,1
13335,8,0
13340,12,0
13345,12,0
13350,10,1
13355,12,0
13360,10,0
13365,10,0
13370,10,0
13375,7,0
13380,12,0
13385,12,0
13390,10,0
13395,7,0
13400,12,0
13405,10,0
13410,8,0
13415,5,0
13420,11,0
13425,12,0
13430,8,0
13435,12,0
13440,0,0
13445,12,0
13450,12,0
13455,7,0
13460,12,0
13465,10,0
13470,7,0
13475,9,4
13480,11,7
13485,8,0
13490,10,0
13495,8,0
13500,12,0
13505,11,0
13510,11,0
13515,12,0
13520,11,0
13525,12,0
13530,12,0
13535,10,0
13540,10,0
13545,12,0
13550,12,0
13555,10,0
13560,12,0
13565,12,0
13570,5,0
13575,12,0
13580,9,0
13585,9,0
13590,10,0
13595,12,0
13600,11,0
13605,10,0
13610,7,0
13615,12,0
13620,12,0
13625,12,0
13630,6,0
13635,12,0
13640,10,0
13645,10,1
13650,8,0
13655,12,0
13660,10,0
13665,8,0
13670,12,0
13675,12,0
13680,10,0
13685,4,0
13690,12,0
13695,10,0
13700,0,0
13705,8,0
13710,12,0
13715,6,0
13720,7,0
13725,12,0
13730,8,0
13735,12,0
13740,12,0
13745,10,0
13750,2,0
13760,10,0
13765,12,0
13770,10,0
13775,8,0
13780,12,0
13785,2,0
13790,8,0
13795,10,0
13800,12,0
13805,10,0
13810,4,0
13815,12,0
13820,10,0
13825,10,0
13830,4,0
13835,8,0
13840,12,0
13845,12,0
13850,10,0
13855,8,0
13860,10,0
13865,12,0
13870,11,0
13875,5,0
13880,12,0
13885,11,4
13890,8,0
13895,12,0
13900,10,4
13905,5,0
13910,8,0
13915,6,0
13920,8,0
13925,8,0
13930,12,0
13935,8,0
13940,2,0
13945,4,0
13950,8,0
13955,10,0
13960,11,0
13965,8,0
13970,8,0
13975,12,0
13980,10,0
13985,8,0
13990,10,0
13995,8,0
14000,11,0
14005,9,0
14010,8,0
14015,8,0
14020,8,0
14025,12,0
14030,8,0
14035,8,0
14040,10,0
14045,12,0
14050,8,0
14055,10,0
14060,11,0
14065,12,0
14070,8,0
14075,8,0
14080,10,0
14085,8,0
14090,12,0
14095,10,0
14100,6,0
14105,6,0
14110,8,0
14115,12,0
14120,7,0
14125,1,0
14130,12,4
14135,10,0
14140,11,0
14145,10,0
14150,8,0
14155,5,0
14160,12,0
14165,9,0
14170,4,0
14175,10,0
14180,10,0
14185,12,0
14190,12,0
14195,8,0
14200,8,0
14205,1,0
14210,2,0
14215,12,0
14220,6,0
14225,12,0
14230,6,1
14235,12,0
14240,10,0
14245,10,4
14250,8,0
14255,5,0
14260,8,0
14265,10,0
14270,12,0
14275,12,0
14280,12,0
14285,12,4
14290,11,0
14295,8,0
14300,10,0
14305,10,0
14310,12,0
14315,12,0
14320,12,0
14325,6,0
14330,12,0
14335,6,0
14340,10,0
14345,10,0
14350,10,0
14355,8,0
14360,12,0
14365,4,1
14370,10,0
14375,2,0
14380,2,0
14385,8,0
14390,8,0
14395,10,0
14400,2,0
14405,5,0
14410,10,0
14415,10,0
14420,5,0
14425,9,0
14430,12,0
14435,8,4
14440,11,0
14445,11,0
14450,8,9
14455,8,0
14460,5,0
14465,10,0
14470,12,0
14475,8,1
14480,12,0
14485,12,0
14490,10,0
14495,8,0
14500,10,0
14505,11,0
14510,12,0
14515,2,0
14520,12,0
14525,11,0
14530,11,0
14535,7,4
14540,12,0
14545,8,0
14550,2,0
14555,8,0
14560,5,0
14565,8,0
14570,8,0
14575,8,0
14580,10,0
14585,10,0
14590,8,0
14595,6,0
14600,8,1
14605,10,0
14610,12,0
14615,12,0
14620,8,0
14625,8,0
14630,11,0
14635,10,0
14640,5,0
14645,12,0
14650,9,0
14655,10,0
14660,8,0
14665,7,0
14670,12,0
14675,10,0
14680,10,0
14685,0,0
14690,10,0
14695,12,0
14700,8,0
14705,3,0
14710,12,0
14715,4,1
14720,12,0
14725,10,0
14730,8,0
14735,12,0
14740,2,0
14745,2,0
14750,10,0
14755,12,0
14760,8,0
14765,8,0
14770,12,0
14775,10,0
14780,12,0
14785,10,0
14790,11,0
14795,10,0
14800,7,0
14805,10,0
14810,2,0
14815,8,0
14820,12,4
14825,8,0
14830,10,0
14835,12,0
14840,6,0
14845,9,0
14850,12,0
14855,11,0
14860,12,0
14865,10,4
14870,10,0
14875,8,0
14880,12,0
14885,10,0
14890,10,0
14895,11,4
14900,12,0
14905,10,0
14910,4,0
14915,8,0
14920,12,0
14925,8,0
14930,6,0
14935,7,0
14940,11,0
14945,2,0
14950,12,0
14955,12,0
14960,5,0
14965,10,4
14970,4,4
14975,10,0
14980,10,0
14985,6,0
14990,8,0
14995,2,0
15000,12,0
15005,11,0
15010,8,4
15015,10,0
15020,12,0
15025,6,0
15030,10,0
15035,11,0
15040,8,0
15045,9,0
15050,10,0
15055,12,0
15060,12,0
15065,12,0
15070,12,0
15075,8,0
15080,7,0
15085,12,0
15090,5,4
15095,5,0
15100,8,0
15105,8,0
15110,4,0
15115,12,0
15120,12,0
15125,12,0
15130,4,0
15135,10,0
15140,12,0
15145,8,0
15150,10,4
15155,8,0
15160,12,0
15165,9,0
15170,12,0
15175,8,0
15180,10,0
15185,12,0
15190,9,0
15195,8,0
15200,9,0
15205,1,0
15210,12,0
15215,8,0
15220,10,0
15225,8,0
15230,10,0
15235,10,0
15240,12,0
15245,11,0
15250,7,4
15255,12,0
15260,12,0
15265,10,0
15270,12,0
15275,8,0
15280,12,0
15285,6,0
15290,12,0
15295,12,0
15300,3,0
15305,2,0
15310,8,0
15315,6,0
15320,8,0
15325,8,0
15330,12,0
15335,3,0
15340,10,0
15345,4,0
15350,12,0
15355,8,0
15360,1,0
15365,1,0
15370,11,0
15375,12,0
15380,10,0
15385,10,4
15390,2,0
15395,9,0
15400,8,0
15405,5,0
15410,5,0
15415,11,0
15420,7,0
15425,4,0
15430,8,0
15435,12,0
15440,10,0
15445,6,1
15450,9,0
15455,4,0
15460,12,0
15465,12,0
15470,12,0
15475,10,0
15480,6,0
15485,11,0
15490,12,0
15495,10,0
15500,8,0
15505,12,0
15510,8,0
15515,12,0
15520,12,0
15525,12,0
15530,10,0
15535,8,0
15540,12,0
15545,12,0
15550,12,0
15555,10,0
15560,10,0
15565,8,0
15570,8,0
15575,12,0
15580,9,4
15585,8,0
15590,7,0
15595,12,0
15600,12,0
15605,8,0
15610,11,0
15615,9,4
15620,12,4
15625,10,0
15630,10,0
15635,12,0
15640,11,0
15645,10,0
15650,2,0
15655,6,0
15660,10,0
15665,12,0
15670,2,4
15675,12,0
15680,10,0
15685,8,0
15690,4,0
15695,12,0
15700,12,5
15705,1,1
15710,10,0
15715,10,0
15720,12,0
15725,6,1
15730,5,0
15735,10,0
15740,10,0
15745,12,0
15750,5,0
15755,10,0
15760,4,0
15765,10,0
15770,12,0
15775,8,0
15780,7,0
15785,12,0
15790,8,0
15795,8,0
15800,12,0
15805,8,0
15810,10,0
15815,10,0
15820,4,0
15825,8,0
15830,8,0
15835,10,0
15840,10,0
15845,12,0
15850,12,0
15855,8,0
15860,8,0
15865,12,0
15870,8,0
15875,5,0
15880,8,0
15885,2,0
15890,5,0
15895,11,0
15900,12,0
15905,12,0
15910,8,1
15915,5,0
15920,12,0
15925,10,0
15930,10,0
15935,8,0
15940,11,0
15945,11,0
15950,12,0
15955,12,0
15960,10,0
15965,12,0
15970,5,1
15975,12,1
15980,8,0
15985,10,0
15990,9,0
15995,3,4
16000,3,0
16005,8,0
16010,10,0
16015,6,0
16020,5,0
16025,11,0
16030,12,0
16035,0,0
16040,1,0
16045,12,0
16050,9,0
16055,8,0
16065,10,0
16070,5,0
16075,6,0
16080,7,0
16085,12,0
16090,11,0
16095,8,0
16100,12,0
16105,5,0
16110,6,0
16115,8,0
16120,12,0
16125,7,0
16130,8,0
16135,8,0
16140,12,0
16145,10,1
16150,3,0
16155,10,4
16160,5,0
16165,8,0
16170,8,0
16175,6,0
16180,8,0
16185,10,0
16190,4,0
16195,4,4
16200,8,0
16205,10,0
16210,8,0
16215,11,0
16220,10,0
16225,8,0
16230,7,0
16235,12,0
16240,10,0
16245,10,0
16250,11,0
16255,12,0
16260,2,0
16265,8,0
16270,10,0
16275,11,0
16280,12,0
16285,3,0
16290,8,0
16295,5,0
16300,10,0
16305,12,0
16310,12,0
16315,12,0
16320,12,0
16325,12,0
16330,12,0
16335,12,0
16340,10,0
16345,12,0
16350,11,0
16355,6,0
16360,1,0
16365,11,0
16370,4,0
16375,10,0
16380,12,0
16385,8,0
16390,8,0
16395,12,0
16400,8,0
16405,12,0
16410,12,0
16415,12,0
16420,8,0
16425,10,0
16430,8,0
16435,10,0
16440,5,0
16445,9,1
16450,12,0
16455,12,0
16460,6,0
16465,10,0
16470,10,0
16475,12,0
16480,10,0
16485,10,0
16490,8,0
16495,8,0
16500,10,0
16505,12,0
16510,12,0
16515,12,0
16520,12,0
16525,8,0
16530,12,0
16535,10,1
16540,10,0
16545,12,0
16550,12,0
16555,5,0
16560,12,0
16565,5,0
16570,6,0
16575,10,0
16580,12,0
16585,12,0
16590,7,0
16595,12,0
16600,12,0
16605,7,0
16610,7,0
16615,5,0
16620,8,0
16625,11,0
16630,11,0
16635,10,0
16640,8,0
16645,6,0
16650,10,0
16655,12,0
16660,8,0
16665,8,0
16670,12,0
16675,12,0
16680,11,0
16685,10,0
16690,10,0
16695,8,0
16700,8,0
16705,10,0
16710,12,0
16715,4,0
16720,10,0
16725,12,0
16730,10,0
16735,4,1
16740,11,0
16745,10,0
16750,6,0
16755,12,0
16760,12,0
16765,6,0
16770,8,0
16775,11,0
16780,7,0
16785,12,0
16790,10,1
16795,10,0
16800,10,0
16805,12,0
16810,12,0
16815,6,0
16820,5,0
16825,12,0
16830,8,0
16835,12,1
16840,10,0
16845,6,4
16850,12,0
16855,12,0
16860,12,0
16865,7,0
16870,8,0
16875,7,0
16880,12,0
16885,9,0
16890,12,0
16895,8,0
16900,10,1
16905,12,0
16910,10,0
16915,4,0
16920,12,0
16925,8,0
16930,7,0
16935,8,0
16940,9,0
16945,4,0
16950,7,0
16955,12,0
16960,5,0
16965,10,0
16970,12,0
16975,12,0
16980,1,0
16985,8,0
16990,10,1
16995,11,0
17000,12,0
17005,12,0
17010,8,0
17015,10,1
17020,10,0
17025,11,0
17030,10,0
17035,12,0
17040,12,0
17045,12,0
17050,8,1
17055,2,0
17060,8,0
17065,8,0
17070,2,0
17075,5,0
17080,8,0
17085,11,0
17090,12,0
17095,2,0
17100,8,0
17105,8,0
17110,2,0
17115,8,0
17120,6,0
17125,11,0
17130,8,0
17135,8,0
17140,10,0
17145,12,0
17150,6,0
17155,10,0
17160,9,0
17165,12,0
17170,3,0
17175,8,0
17180,7,0
17185,11,0
17190,12,0
17195,10,0
17200,12,0
17205,2,0
17210,12,0
17215,8,0
17220,6,0
17225,12,0
17230,10,0
17235,8,1
17240,3,0
17245,10,0
17250,10,0
17255,10,0
17260,8,0
17265,12,0
17270,8,0
17280,10,0
17285,6,0
17290,12,0
17295,12,0
17300,6,0
17305,8,0
17310,7,0
17315,11,0
17320,10,0
17325,7,0
17330,12,0
17335,10,0
17340,10,4
17345,8,0
17350,10,0
17355,10,0
17360,8,0
17365,12,0
17370,10,0
17375,10,0
17380,8,0
17385,12,0
17390,10,0
17395,5,0
17400,8,0
17405,8,0
17410,10,0
17415,2,0
17420,8,0
17425,10,0
17430,12,0
17435,12,0
17440,12,0
17445,2,0
17450,2,0
17455,10,0
17460,10,0
17465,8,0
17470,6,0
17475,7,0
17480,12,0
17485,10,0
17490,10,0
17495,10,0
17500,11,0
17505,2,0
17510,12,0
17515,10,0
17520,10,0
17525,12,0
17530,12,0
17535,10,0
17540,8,0
17545,10,0
17550,12,0
17555,6,0
17560,3,0
17565,12,0
17570,10,0
17575,7,0
17580,10,0
17585,3,0
17590,12,0
17595,12,0
17600,2,0
17605,10,1
17610,8,0
17615,12,0
17620,10,0
17625,10,0
17630,5,1
17635,12,0
17640,8,0
17645,8,0
17650,12,0
17655,11,0
17660,8,0
17665,8,0
17670,12,0
17675,8,0
17680,12,0
17685,7,0
17690,10,4
17695,12,4
17700,12,0
17705,7,0
17710,12,0
17715,12,0
17720,3,0
17725,12,0
17730,10,0
17735,10,0
17740,10,0
17745,10,0
17750,12,0
17755,11,0
17760,12,0
17765,7,4
17770,4,0
17775,5,0
17780,12,0
17785,12,0
17790,8,0
17795,6,0
17800,12,0
17805,8,0
17810,12,0
17815,11,0
17820,12,0
17825,6,0
17830,0,0
17835,2,0
17840,10,0
17845,10,0
17850,8,0
17855,12,0
17860,5,0
17865,2,0
17870,11,0
17875,8,0
17880,12,0
17885,10,0
17890,12,0
17895,8,0
17900,10,0
17905,2,0
17910,10,0
17915,12,0
17920,11,0
17925,10,0
17930,10,0
17935,12,0
17940,8,0
17945,10,0
17950,12,0
17955,6,0
17960,7,0
17965,10,1
17970,12,0
17975,12,0
17980,12,0
17985,8,0
17990,10,0
17995,12,0
18000,11,0
18005,12,0
18010,12,0
18015,2,0
18020,12,0
18025,12,0
18030,2,0
18035,12,0
18040,6,0
18045,7,0
18050,12,0
18055,7,0
18060,6,0
18065,10,0
18070,12,0
18075,5,0
18080,12,0
18085,12,0
18090,2,0
18095,12,0
18100,7,0
18105,10,0
18110,10,0
18115,12,0
18120,11,0
18125,12,0
18130,7,0
18135,12,0
18140,12,0
18145,10,0
18150,10,0
18155,5,7
18160,5,0
18165,11,0
18170,8,4
18175,2,0
18180,12,0
18185,9,0
18190,2,0
18195,7,0
18200,9,0
18205,8,0
18210,11,0
18215,12,0
18220,11,4
18225,12,0
18230,10,0
18235,10,0
18240,12,0
18245,6,0
18250,5,1
18255,12,0
18260,12,0
18265,12,0
18270,12,0
18275,11,0
18280,10,0
18285,10,0
18290,10,0
18295,12,0
18300,6,0
18305,9,0
18310,10,0
18315,10,0
18320,12,0
18325,8,0
18330,12,0
18335,10,0
18340,8,0
18345,6,0
18350,12,0
18355,12,0
18360,11,0
18365,10,0
18370,2,0
18375,12,0
18380,3,1
18385,12,0
18390,12,0
18395,10,0
18400,12,0
18405,11,0
18410,10,0
18415,10,0
18420,12,0
18425,8,0
18430,8,0
18435,8,0
18440,4,0
18445,12,0
18450,8,0
18455,10,0
18460,11,0
18465,8,0
18470,10,0
18475,10,0
18480,10,0
18485,10,0
18490,4,0
18495,8,0
18500,10,0
18505,8,0
18510,1,0
18515,10,0
18520,12,0
18525,1,0
18530,8,0
18535,5,0
18540,12,0
18545,12,0
18550,10,0
18555,11,0
18560,10,0
18565,10,0
18570,8,0
18575,8,0
18580,9,0
18585,12,0
18590,10,0
18595,12,0
18600,6,0
18605,10,0
18610,12,0
18615,12,0
18620,12,0
18625,6,0
18630,10,0
18635,12,0
18640,4,0
18645,12,0
18650,10,0
18655,12,0
18660,12,0
18665,8,0
18670,12,0
18675,6,0
18680,8,0
18685,12,0
18690,5,0
18695,6,0
18700,10,0
18705,12,0
18710,12,0
18715,12,0
18720,12,0
18725,10,0
18730,7,0
18735,5,1
18740,6,0
18745,6,0
18750,4,0
18755,12,0
18760,10,0
18765,8,0
18770,10,0
18775,10,0
18780,10,0
18785,11,0
18790,12,0
18795,8,0
18800,12,0
18805,12,0
18810,7,0
18815,6,0
18820,8,0
18825,12,0
18830,12,0
18835,8,4
18840,12,4
18845,10,0
18850,12,0
18855,10,4
18860,12,0
18865,11,0
18870,12,0
18875,10,0
18880,12,0
18885,12,0
18890,8,0
18895,12,0
18900,12,0
18905,10,0
18910,10,0
18915,8,0
18920,12,0
18925,12,0
18930,7,0
18935,10,0
18940,4,0
18945,12,0
18950,8,0
18955,10,0
18960,10,0
18965,11,0
18970,10,0
18975,10,0
18980,12,1
18985,12,0
18990,12,0
18995,12,0
19000,10,0
19005,12,0
19010,3,0
19015,8,0
19020,8,0
19025,12,0
19030,8,0
19035,12,0
19040,9,0
19045,12,0
19050,12,0
19055,11,0
19060,4,0
19065,4,0
19070,12,0
19075,8,0
19080,5,4
19085,10,0
19090,7,0
19095,10,0
19100,9,0
19105,12,0
19110,10,1
19115,12,0
19120,8,4
19125,12,0
19130,12,0
19135,7,0
19140,6,0
19145,8,0
19150,10,0
19155,10,0
19160,12,0
19165,10,0
19170,6,0
19175,12,0
19180,10,0
19185,12,0
19190,6,0
19195,8,0
19200,11,1
19205,12,0
19210,11,0
19215,10,0
19220,10,0
19225,0,0
19230,6,0
19235,8,0
19240,9,0
19245,12,0
19250,12,0
19255,8,0
19260,8,0
19265,8,0
19270,10,0
19275,12,0
19280,4,0
19285,10,0
19290,12,0
19295,8,0
19300,10,1
19305,11,0
19310,12,0
19315,10,0
19320,7,0
19325,10,0
19330,8,0
19335,8,0
19340,8,0
19345,3,0
19350,12,0
19355,12,0
19360,12,0
19365,8,0
19370,12,0
19375,8,0
19380,8,0
19385,10,0
19390,8,0
19395,12,0
19400,10,1
19405,7,4
19410,12,0
19415,6,0
19420,9,0
19425,12,0
19430,6,0
19435,12,1
19440,12,0
19445,10,0
19450,12,1
19455,12,0
19460,10,0
19465,12,0
19470,4,0
19475,8,0
19480,2,0
19485,10,0
19490,12,0
19495,8,0
19500,2,0
19505,4,0
19510,7,0
19515,12,0
19520,8,0
19525,5,0
19530,12,0
19535,7,0
19540,8,0
19545,12,0
19550,12,0
19555,12,0
19560,12,0
19565,9,0
19570,12,0
19575,2,0
19580,12,0
19585,10,1
19590,10,0
19595,8,0
19600,12,0
19605,10,0
19610,12,0
19615,10,0
19620,8,0
19625,8,4
19630,5,0
19635,12,0
19640,10,0
19645,12,0
19650,12,0
19655,10,0
19660,12,0
19665,10,0
19670,10,0
19675,12,0
19680,12,0
19685,12,0
19690,12,0
19695,4,1
19700,10,0
19705,5,0
19710,10,0
19715,7,0
19720,12,0
19725,10,0
19730,10,0
19735,10,0
19740,8,0
19745,9,0
19750,11,0
19755,11,0
19760,10,0
19765,5,4
19770,10,0
19775,2,0
19780,12,0
19785,10,0
19790,7,0
19795,10,1
19800,8,4
19805,12,0
19810,2,0
19815,12,0
19820,2,0
19825,12,0
19830,12,0
19835,12,0
19840,8,0
19845,12,0
19850,1,0
19855,12,0
19860,12,0
19865,8,0
19870,12,0
19875,12,1
19880,6,0
19885,8,0
19890,5,0
19895,7,0
19900,8,0
19905,8,0
19910,12,0
19915,6,0
19920,8,0
19925,10,0
19930,6,0
19935,12,0
19940,10,0
19945,8,0
19950,2,0
19955,12,0
19960,8,0
19965,12,0
19970,7,0
19975,3,0
19980,12,0
19985,10,0
19990,9,0
19995,6,0
20000,12,0
20005,5,0
20010,3,0
20015,8,0
20020,5,0
20025,4,0
20030,11,0
20035,5,0
20040,7,0
20045,7,0
20050,8,0
20055,5,0
20060,4,0
20065,8,0
20070,12,0
20075,7,0
20085,4,0
20090,4,0
20095,5,0
20100,6,4
20105,7,0
20110,5,0
20115,5,0
20120,12,0
20125,5,1
20130,7,0
20135,8,0
20140,7,0
20145,8,0
20150,8,0
20155,5,0
20160,8,0
20165,5,0
20170,8,0
20175,10,0
20180,7,0
20185,5,0
20190,5,0
20195,8,0
20200,8,0
20205,7,0
20210,3,0
20215,12,0
20220,9,5
20225,9,0
20230,8,0
20235,8,1
20240,4,0
20245,8,1
20250,5,0
20255,12,0
20260,8,0
20265,5,0
20270,12,0
20275,8,0
20280,7,0
20285,10,0
20290,10,4
20295,8,0
20300,8,0
20305,2,0
20310,8,7
20315,5,0
20320,8,0
20325,8,0
20330,8,0
20335,8,0
20340,12,0
20345,8,0
20350,5,0
20355,8,0
20360,5,0
20365,2,0
20370,12,0
20375,11,0
20380,8,0
20385,12,1
20390,8,0
20395,5,0
20400,7,0
20405,12,0
20410,5,0
20415,5,0
20420,3,0
20425,3,1
20430,8,0
20435,9,0
20440,8,0
20445,7,0
20450,12,4
20455,7,0
20460,7,0
20465,9,0
20470,8,0
20475,8,0
20480,5,0
20485,12,0
20490,9,0
20495,11,0
20500,8,0
20505,9,0
20510,7,1
20515,9,0
20520,8,1
20525,12,0
20530,5,0
20535,4,0
20540,5,0
20545,4,0
20550,7,0
20555,8,0
20560,7,0
20565,5,0
20570,7,4
20575,8,0
20580,7,0
20585,8,0
20590,7,0
20595,8,0
20600,5,0
20605,8,0
20610,7,0
20615,12,0
20620,8,1
20625,11,0
20630,4,0
20635,5,0
20640,12,4
20645,8,0
20650,4,0
20655,12,0
20660,8,0
20665,5,0
20670,5,0
20675,10,0
20680,5,0
20685,8,0
20690,5,0
20695,5,0
20700,8,0
20705,7,0
20710,8,0
20715,5,4
20720,8,0
20725,5,0
20730,5,0
20735,0,0
20740,5,0
20745,7,0
20750,5,0
20755,12,0
20760,4,0
20765,8,0
20770,10,0
20775,6,0
20780,9,0
20785,11,0
20790,5,0
20795,4,0
20800,8,0
20805,5,0
20810,8,0
20815,7,0
20820,5,1
20825,5,0
20830,8,0
20835,11,0
20840,8,0
20845,8,0
20850,2,0
20855,8,0
20860,8,0
20865,5,0
20870,5,0
20875,8,0
20880,8,0
20885,5,0
20890,4,0
20895,8,0
20900,2,0
20905,12,0
20910,11,1
20915,11,0
20920,5,0
20925,11,0
20930,5,0
20935,4,0
20940,10,1
20945,4,7
20950,8,0
20955,8,0
20960,12,0
20965,5,0
20970,5,0
20975,9,0
20980,5,4
20985,7,0
20990,5,0
20995,8,0
21000,12,0
21005,7,0
21010,5,0
21015,9,0
21020,12,0
21025,2,0
21030,7,4
21035,8,0
21040,7,0
21045,8,0
21050,5,0
21055,9,0
21060,8,0
21065,7,0
21070,9,0
21075,5,0
21080,8,0
21085,10,0
21090,10,0
21095,5,0
21100,8,0
21105,5,0
21110,11,0
21115,8,0
21120,8,0
21125,2,0
21130,8,0
21135,7,0
21140,8,0
21145,5,0
21150,5,0
21155,5,0
21160,11,0
21165,8,0
21170,4,1
21175,7,4
21180,7,0
21185,8,0
21190,8,0
21195,5,0
21200,3,0
21205,8,0
21210,12,0
21215,5,0
21220,11,0
21225,4,0
21230,12,0
21235,5,0
21240,9,0
21245,5,1
21250,8,0
21255,4,0
21260,8,0
21265,11,0
21270,11,0
21275,8,0
21280,8,0
21285,12,0
21290,6,1
21295,5,0
21300,8,0
21305,4,0
21310,5,0
21315,8,0
21320,7,1
21325,12,0
21330,5,0
21335,10,0
21340,9,0
21345,8,0
21350,5,1
21355,8,0
21360,11,0
21365,9,0
21370,8,0
21375,5,0
21380,12,0
21385,5,4
21390,8,0
21395,7,1
21400,5,0
21405,4,0
21410,8,0
21415,5,0
21420,7,0
21425,12,4
21430,7,0
21435,9,0
21440,8,0
21445,3,0
21450,8,0
21455,9,1
21460,8,0
21465,8,0
21470,8,0
21475,8,0
21480,5,0
21485,12,0
21490,5,0
21495,10,0
21500,10,0
21505,5,0
21510,2,0
21515,11,0
21520,8,4
21525,8,0
21530,5,0
21535,8,0
21540,3,0
21545,8,4
21550,5,4
21555,8,0
21560,12,0
21565,8,0
21570,3,0
21575,7,0
21580,9,0
21585,8,0
21590,8,0
21595,4,0
21600,12,0
21605,5,0
21610,12,0
21615,4,1
21620,9,0
21625,10,0
21630,7,0
21635,8,0
21640,8,0
21645,6,0
21650,8,0
21655,12,0
21660,12,0
21665,11,0
21670,9,0
21675,5,0
21680,8,0
21685,8,0
21690,7,0
21695,11,0
21700,8,0
21705,8,0
21710,8,0
21715,12,0
21720,9,0
21725,8,0
21730,5,0
21735,3,0
21740,11,0
21745,4,0
21750,5,0
21755,12,1
21760,11,0
21765,6,0
21770,8,0
21775,8,0
21780,5,0
21785,11,0
21790,12,0
21795,5,0
21800,11,0
21805,10,0
21810,8,0
21815,8,0
21820,12,0
21825,8,0
21830,8,0
21835,8,0
21840,7,0
21845,8,0
21850,8,0
21855,12,0
21860,8,0
21865,4,0
21870,2,0
21875,3,0
21880,8,0
21885,8,0
21890,2,0
21895,4,1
21900,9,0
21905,7,0
21910,5,0
21915,5,0
21920,7,0
21925,7,0
21930,9,0
21935,4,0
21940,11,0
21945,5,0
21950,8,0
21955,12,1
21960,12,0
21965,8,0
21970,4,0
21975,4,0
21980,3,0
21985,2,0
21990,3,0
21995,8,0
22000,8,0
22005,10,4
22010,7,0
22015,12,0
22020,7,0
22025,5,1
22030,8,0
22035,5,0
22040,5,0
22045,8,0
22050,5,0
22055,3,0
22060,4,0
22065,7,0
22070,7,0
22075,11,0
22080,10,0
22085,5,0
22090,8,0
22095,8,0
22100,5,0
22105,8,0
22110,7,0
22115,12,0
22120,5,0
22125,8,0
22130,9,0
22135,3,0
22140,11,0
22145,8,0
22150,12,4
22155,5,0
22160,8,0
22165,8,0
22170,8,0
22175,0,0
22180,5,0
22185,12,0
22190,4,0
22195,0,0
22200,5,0
22205,9,0
22210,10,0
22215,12,4
22220,5,0
22225,7,0
22230,7,0
22235,8,0
22240,12,0
22245,4,0
22250,8,1
22255,11,0
22260,5,0
22265,12,0
22270,8,0
22275,11,0
22280,12,0
22285,8,0
22290,4,0
22295,12,0
22300,7,0
22305,8,0
22310,5,4
22315,11,0
22320,8,0
22325,9,0
22330,11,0
22335,6,0
22340,8,0
22345,4,0
22350,10,0
22355,7,0
22360,2,0
22365,9,0
22370,5,0
22375,10,0
22380,8,0
22385,5,0
22390,8,0
22395,5,0
22400,9,0
22405,5,0
22410,8,0
22415,8,0
22420,8,0
22425,12,0
22430,12,0
22435,8,0
22440,12,0
22445,5,0
22450,9,0
22455,10,0
22460,8,0
22465,5,0
22470,5,0
22475,5,0
22480,8,0
22485,9,0
22490,4,0
22495,8,0
22500,12,0
22505,5,0
22510,12,0
22515,11,0
22520,10,0
22525,8,0
22530,7,0
22535,5,0
22540,1,0
22545,12,0
22550,9,0
22555,7,0
22560,8,0
22565,4,0
22570,8,0
22575,5,0
22580,9,0
22585,8,0
22590,7,0
22595,7,0
22600,8,0
22605,8,0
22610,7,0
22615,3,1
22620,12,0
22625,8,0
22630,12,0
22635,11,0
22640,5,1
22645,7,0
22650,8,0
22655,4,0
22660,8,0
22665,8,0
22670,5,0
22675,8,0
22680,12,0
22685,4,0
22690,11,0
22695,7,0
22700,8,0
22705,5,0
22710,4,0
22715,9,0
22720,8,0
22725,10,0
22730,5,0
22735,4,0
22740,11,0
22745,5,0
22750,7,0
22755,7,0
22760,8,0
22765,11,0
22770,12,0
22775,8,0
22780,5,0
22785,12,0
22790,5,0
22795,11,0
22800,8,0
22805,5,0
22810,7,0
22815,8,0
22820,4,0
22825,5,0
22830,8,0
22835,8,0
22840,8,0
22845,8,0
22850,12,0
22855,8,0
22860,7,0
22865,5,0
22870,9,0
22875,11,0
22880,12,0
22885,11,0
22890,5,0
22895,5,0
22900,5,4
22905,8,0
22910,7,0
22915,5,0
22920,8,0
22925,3,4
22930,5,0
22935,9,0
22940,5,0
22945,8,0
22950,3,0
22955,4,0
22960,8,0
22965,10,7
22970,7,0
22975,5,0
22980,5,0
22985,8,0
22990,12,0
22995,8,0
23000,8,0
23005,5,1
23010,12,0
23015,11,0
23020,8,0
23025,5,0
23030,7,0
23035,12,0
23040,12,0
23045,1,0
23050,5,0
23055,9,0
23060,8,0
23065,2,7
23070,5,0
23075,5,0
23080,8,0
23085,8,0
23090,12,0
23095,5,0
23100,5,0
23105,5,0
23110,4,1
23115,5,0
23120,8,0
23125,7,0
23130,8,0
23135,7,0
23140,7,0
23145,5,0
23150,8,0
23155,8,0
23160,7,0
23165,8,0
23170,7,0
23175,12,0
23180,8,0
23185,8,0
23190,5,0
23195,8,0
23200,9,0
23205,8,0
23210,12,0
23215,4,0
23220,7,1
23225,7,0
23230,9,0
23235,12,0
23240,10,0
23245,5,0
23250,7,0
23255,5,0
23260,6,0
23265,8,0
23270,4,0
23275,8,0
23280,4,0
23285,8,0
23290,7,0
23295,8,0
23300,12,0
23305,12,0
23310,4,4
23315,8,0
23320,5,0
23325,12,0
23330,5,0
23335,9,0
23340,5,4
23345,8,0
23350,8,0
23355,8,0
23360,4,0
23365,5,0
23370,2,0
23375,12,0
23380,5,0
23385,12,0
23390,8,0
23395,12,0
23400,8,0
23405,7,0
23410,5,0
23415,10,0
23420,5,0
23425,12,0
23430,5,0
23435,5,0
23440,12,0
23445,7,0
23450,12,0
23455,2,0
23460,5,0
23465,12,0
23470,8,0
23475,8,0
23480,8,0
23485,8,0
23490,7,0
23495,8,0
23500,8,0
23505,8,0
23510,11,0
23515,7,0
23520,7,0
23525,7,0
23530,5,1
23535,9,0
23540,5,0
23545,9,0
23550,4,0
23555,8,0
23560,7,0
23565,5,0
23570,8,0
23575,4,0
23580,5,0
23585,8,0
23590,5,0
23595,5,0
23600,7,0
23605,8,0
23610,12,0
23615,7,0
23620,9,0
23625,5,0
23630,7,0
23635,8,0
23640,5,0
23645,8,0
23650,9,0
23655,5,0
23660,5,0
23665,5,0
23670,7,1
23675,7,0
23680,12,0
23685,12,0
23690,5,0
23695,10,0
23700,6,0
23705,7,0
23710,4,0
23715,5,0
23720,10,0
23725,7,0
23730,3,0
23735,5,4
23740,11,0
23745,12,0
23750,5,0
23755,12,0
23760,5,0
23765,12,0
23770,4,0
23775,8,0
23780,4,0
23785,11,0
23790,8,0
23795,7,0
23800,8,0
23805,5,0
23810,10,0
23815,12,0
23820,4,0
23825,8,0
23830,5,0
23835,9,0
23840,9,4
23845,8,0
23850,6,0
23855,10,0
23860,8,0
23865,11,0
23870,8,0
23875,7,0
23880,12,0
23885,4,0
23890,4,0
23895,8,0
23900,5,0
23905,8,0
23910,5,0
23915,5,0
23920,5,0
23925,10,0
23930,11,0
23935,7,0
23940,8,4
23945,8,0
23950,12,0
23955,8,0
23960,8,0
23965,8,0
23970,5,0
23975,4,0
23980,8,0
23985,8,0
23990,10,7
23995,7,0
24000,12,1
24005,12,0
24010,8,0
24015,7,0
24020,12,4
24025,12,0
24030,11,0
24035,8,0
24040,12,0
24045,11,0
24050,5,0
24055,8,0
24060,2,0
24065,12,0
24070,8,0
24075,8,0
24080,8,0
24085,4,0
24090,4,0
24095,2,0
24100,7,0
24105,4,0
24110,7,0
24115,7,0
24120,8,0
24125,10,0
24130,5,0
24135,8,0
24140,8,0
24145,2,0
24150,8,7
24155,5,0
24160,8,0
24165,8,0
24170,8,0
24175,3,0
24180,5,0
24185,8,0
24190,12,0
24195,7,0
24200,2,0
24205,8,0
24210,8,0
24215,4,0
24220,12,0
24225,11,0
24230,8,4
24235,5,1
24240,2,0
24245,9,0
24250,2,0
24255,12,0
24260,7,0
24265,8,0
24270,11,0
24275,10,0
24280,12,0
24285,5,0
24290,6,0
24295,5,0
24300,12,0
24305,12,0
24310,10,0
24315,5,0
24320,4,0
24325,7,0
24330,3,0
24335,8,0
24340,5,0
24345,9,0
24350,5,0
24355,6,0
24360,8,0
24365,4,0
24370,4,0
24375,5,0
24380,8,0
24385,10,0
24390,5,0
24395,7,0
24400,10,0
24405,8,0
24410,12,0
24415,8,0
24420,8,0
24425,5,1
24430,4,0
24435,11,0
24440,11,0
24445,8,0
24450,7,0
24455,11,0
24460,12,0
24465,3,0
24470,5,0
24475,5,0
24480,12,0
24485,9,0
24490,8,0
24495,5,0
24500,5,4
24505,8,0
24510,5,0
24515,8,0
24520,12,0
24525,8,0
24530,12,0
24535,4,0
24540,8,0
24545,12,0
24550,5,0
24555,8,0
24560,5,0
24565,10,0
24570,5,0
24575,7,0
24580,5,1
24585,8,0
24590,12,0
24595,8,0
24600,7,4
24605,8,0
24610,5,0
24615,7,0
24620,4,1
24625,8,0
24630,4,0
24635,8,0
24640,11,0
24645,8,0
24650,7,0
24655,11,0
24660,8,0
24665,4,0
24670,12,0
24675,12,0
24680,8,0
24685,8,0
24690,2,0
24695,5,0
24700,4,0
24705,12,0
24710,8,0
24715,8,0
24720,8,0
24725,5,0
24730,8,0
24735,8,0
24740,7,0
24745,9,0
24750,10,0
24755,4,0
24760,12,0
24765,8,0
24770,10,0
24775,9,0
24780,9,0
24785,8,0
24790,5,0
24795,8,4
24800,8,0
24805,8,0
24810,5,0
24815,8,0
24820,11,0
24825,12,0
24830,12,0
24835,8,0
24840,5,0
24845,5,0
24850,10,0
24855,5,0
24860,12,0
24865,8,0
24870,12,1
24875,8,0
24880,7,0
24885,8,0
24890,8,0
24895,12,0
24900,4,0
24905,8,0
24910,5,0
24915,8,0
24920,7,0
24925,3,0
24930,4,0
24935,8,0
24940,8,0
24945,10,0
24950,8,0
24955,8,0
24960,7,0
24965,8,0
24970,8,0
24975,3,0
24980,10,0
24985,12,0
24990,9,0
24995,12,0
25000,4,0
25005,8,0
25010,5,4
25015,10,0
25020,8,0
25025,5,0
25030,12,0
25035,12,0
25040,11,0
25045,8,0
25050,12,0
25055,8,0
25060,12,0
25065,3,0
25070,12,0
25075,8,0
25080,11,0
25085,2,0
25090,5,1
25095,7,0
25100,6,0
25105,9,0
25110,8,0
25115,5,0
25120,5,0
25125,5,0
25130,10,0
25135,9,0
25140,5,0
25145,5,0
25150,9,0
25155,5,0
25160,8,0
25165,4,0
25170,8,4
25175,5,0
25180,12,0
25185,8,0
25190,12,0
25195,7,0
25200,8,0
25205,7,0
25210,8,0
25215,8,0
25220,5,1
25225,5,0
25230,5,0
25235,4,0
25240,4,0
25245,7,0
25250,12,0
25255,9,0
25260,5,0
25265,7,0
25270,5,0
25275,8,0
25280,5,0
25285,5,0
25290,9,0
25295,9,0
25300,8,0
25305,8,0
25310,8,0
25315,11,0
25320,8,0
25325,12,0
25330,8,0
25335,5,0
25340,10,0
25345,7,0
25350,8,0
25355,10,0
25360,5,0
25365,8,0
25370,7,0
25375,2,0
25380,9,0
25385,3,0
25390,5,0
25395,12,0
25400,5,0
25405,5,0
25410,12,0
25415,7,0
25420,12,0
25425,12,0
25430,8,0
25435,8,0
25440,11,0
25445,4,0
25450,4,0
25455,8,0
25460,8,0
25465,8,0
25470,6,0
25475,6,0
25480,6,0
25485,7,0
25490,8,0
25495,8,0
25500,8,0
25505,9,0
25510,8,0
25515,12,0
25520,8,0
25525,5,0
25530,2,0
25535,12,0
25540,8,0
25545,7,0
25550,12,0
25555,8,0
25560,8,0
25565,9,0
25570,4,0
25575,7,0
25580,5,0
25585,8,0
25590,10,0
25595,8,0
25600,5,0
25605,5,0
25610,5,0
25615,8,4
25620,12,0
25625,8,0
25630,8,0
25635,12,0
25640,4,0
25645,2,0
25650,5,0
25655,12,1
25660,8,0
25665,8,0
25670,6,0
25675,11,0
25680,10,0
25685,8,0
25690,8,0
25695,7,0
25700,5,0
25705,5,0
25710,5,0
25715,12,0
25720,5,0
25725,2,0
25730,11,0
25735,5,0
25740,8,0
25745,8,0
25750,7,0
25755,5,0
25760,3,0
25765,8,0
25770,12,0
25775,4,0
25780,7,0
25785,8,0
25790,7,0
25795,9,0
25800,12,0
25805,12,0
25810,5,0
25815,5,0
25820,12,0
25825,10,0
25830,5,0
25835,12,4
25840,4,0
25845,7,0
25850,10,0
25855,12,0
25860,12,0
25865,4,0
25870,7,0
25875,7,0
25880,12,0
25885,7,0
25890,9,0
25895,7,0
25900,7,0
25905,8,0
25910,2,0
25915,5,0
25920,12,0
25925,11,0
25930,8,0
25935,5,0
25940,10,0
25945,7,0
25950,9,0
25955,5,0
25960,7,0
25965,5,0
25970,12,0
25975,7,0
25980,8,0
25985,11,0
25990,4,0
25995,12,0
26000,12,0
26005,8,0
26010,8,0
26015,12,0
26020,12,0
26025,8,0
26030,8,0
26035,10,0
26040,8,0
26045,8,0
26050,5,0
26055,8,0
26060,5,0
26065,11,0
26070,8,1
26075,12,0
26080,12,0
26085,7,0
26090,5,1
26095,7,0
26100,7,0
26105,7,0
26110,5,0
26115,7,4
26120,4,0
26125,8,0
26130,8,0
26135,7,0
26140,4,0
26145,12,0
26150,8,0
26155,11,0
26160,8,0
26165,8,0
26170,10,0
26175,12,0
26180,8,0
26185,12,0
26190,8,0
26195,9,0
26200,8,0
26205,5,0
26210,5,0
26215,8,0
26220,5,0
26225,8,0
26230,7,1
26235,7,0
26240,5,0
26245,3,0
26250,4,0
26255,10,0
26260,2,0
26265,4,0
26270,5,0
26275,8,0
26280,5,0
26285,12,0
26290,8,0
26295,4,0
26300,8,0
26305,5,0
26310,3,0
26315,10,0
26320,9,0
26325,9,0
26330,8,0
26335,8,0
26340,12,0
26345,7,0
26350,3,0
26355,10,0
26360,9,0
26365,8,0
26370,8,0
26375,7,0
26380,12,0
26385,2,0
26390,8,0
26395,5,0
26400,10,0
26405,9,0
26410,5,0
26415,2,0
26420,7,0
26425,5,0
26430,8,0
26435,8,0
26440,8,0
26445,8,0
26450,8,0
26455,11,0
26460,9,0
26465,12,0
26470,8,0
26475,8,0
26480,5,0
26485,8,0
26490,5,0
26495,8,0
26500,12,0
26505,12,0
26510,5,0
26515,8,0
26520,12,0
26525,5,4
26530,8,0
26535,7,0
26540,12,0
26545,5,0
26550,8,0
26555,5,0
26560,4,1
26565,7,0
26570,12,0
26575,4,0
26580,11,0
26585,8,0
26590,5,0
26595,3,0
26600,5,1
26605,11,0
26610,2,0
26615,8,0
26620,4,0
26625,8,1
26630,8,0
26635,5,0
26640,7,0
26645,7,0
26650,8,0
26655,8,0
26660,8,7
26665,4,0
26670,8,0
26675,5,0
26680,5,0
26685,8,0
26690,7,0
26695,7,0
26700,8,0
26705,8,0
26710,10,0
26715,12,0
26720,11,0
26725,8,0
26730,12,4
26735,9,0
26740,12,0
26745,4,0
26750,8,0
26755,8,0
26760,9,0
26765,10,0
26770,12,0
26775,10,0
26780,9,0
26785,8,0
26790,8,1
26795,5,0
26800,12,0
26805,12,0
26810,8,0
26815,7,0
26820,3,0
26825,5,0
26830,7,0
26835,7,0
26840,8,4
26845,9,0
26850,11,0
26855,11,0
26860,8,0
26865,5,0
26870,8,0
26875,8,0
26880,4,0
26885,5,0
26890,4,0
26895,10,0
26900,5,0
26905,8,0
26910,5,0
26915,7,0
26920,10,0
26925,12,0
26930,11,0
26935,5,0
26940,5,0
26945,8,0
26950,3,0
26955,2,0
26960,8,0
26965,8,0
26970,9,0
26975,5,0
26980,8,0
26985,8,0
26990,12,0
26995,9,0
27000,8,0
27005,7,0
27010,12,0
27015,7,0
27020,3,0
27025,5,0
27030,9,0
27035,5,0
27040,5,0
27045,10,0
27050,5,0
27055,8,0
27060,12,0
27065,5,0
27070,8,0
27075,6,0
27080,3,0
27085,8,0
27090,5,0
27095,12,0
27100,12,0
27105,8,0
27110,3,0
27115,5,0
27120,5,1
27125,8,0
27130,10,0
27135,12,0
27140,8,0
27145,4,0
27150,7,0
27155,3,0
27160,12,0
27165,7,0
27170,8,0
27175,0,4
27180,6,0
27185,5,0
27190,8,0
27195,8,0
27200,8,0
27205,8,0
27210,8,0
27215,5,0
27220,5,1
27225,8,0
27230,12,0
27235,4,0
27240,5,0
27245,8,0
27250,7,0
27255,2,0
27260,11,0
27265,7,0
27270,5,0
27275,8,0
27280,5,0
27285,8,0
27290,8,0
27295,12,0
27300,8,0
27305,10,0
27310,5,0
27315,12,0
27320,12,0
27325,7,0
27330,4,0
27335,8,0
27340,5,0
27345,8,0
27350,8,4
27355,4,0
27360,7,0
27365,8,0
27370,5,0
27375,8,1
27380,11,0
27385,12,0
27390,7,0
27395,11,0
27400,8,0
27405,2,0
27410,10,1
27415,4,0
27420,2,0
27425,2,0
27430,7,0
27435,11,0
27440,12,0
27445,7,0
27450,8,0
27455,8,0
27460,3,1
27465,5,0
27470,9,0
27475,8,0
27480,3,4
27485,5,0
27490,5,1
27495,8,0
27500,8,0
27505,12,0
27510,5,0
27515,8,0
27520,12,0
27525,5,0
27530,9,1
27535,8,0
27540,12,0
27545,11,0
27550,4,0
27555,8,0
27560,9,0
27565,12,0
27570,5,0
27575,8,0
27580,9,0
27585,7,4
27590,12,0
27595,8,0
27600,8,0
27605,12,0
27610,8,1
27615,7,0
27620,12,0
27625,8,0
27630,8,0
27635,11,4
27640,7,0
27645,4,0
27650,12,0
27655,2,0
27660,8,0
27665,8,0
27670,9,0
27675,7,0
27680,3,0
27685,12,0
27690,3,0
27695,8,0
27700,9,0
27705,5,0
27710,8,0
27715,7,1
27720,8,0
27725,4,0
27730,4,0
27735,9,0
27740,7,0
27745,5,0
27750,5,0
27755,9,0
27760,8,0
27765,7,0
27770,5,0
27775,11,0
27780,5,0
27785,9,0
27790,8,0
27795,7,0
27800,7,0
27805,5,0
27810,8,0
27815,12,0
27820,4,0
27825,7,0
27830,7,0
27835,7,0
27840,12,0
27845,8,0
27850,4,0
27855,7,0
27860,5,0
27865,5,0
27870,8,0
27875,8,0
27880,12,0
27885,12,0
27890,5,0
27895,8,0
27900,4,0
27905,8,0
27910,8,0
27915,5,0
27920,11,0
27930,8,0
27935,5,0
27940,7,0
27945,7,0
27950,5,0
27955,8,0
27960,5,0
27965,8,1
27970,12,0
27975,8,0
27980,5,0
27985,4,0
27990,8,0
27995,5,0
28000,7,0
28005,10,0
28010,8,0
28015,12,0
28020,10,0
28025,12,0
28030,5,0
28035,9,0
28040,8,0
28045,8,0
28050,8,0
28055,12,0
28060,5,0
28065,12,0
28070,8,0
28075,5,0
28080,4,4
28085,7,0
28090,5,0
28095,5,0
28100,8,0
28105,4,0
28110,5,0
28115,9,0
28120,3,0
28125,12,0
28130,12,0
28135,8,1
28140,12,0
28145,8,0
28150,10,0
28155,9,0
28160,7,0
28165,12,0
28170,5,0
28175,7,0
28180,12,0
28185,5,0
28190,4,0
28195,10,0
28200,5,0
28205,4,0
28210,8,0
28215,5,0
28220,5,0
28225,12,0
28230,5,0
28235,4,0
28240,8,0
28245,7,0
28250,5,0
28255,8,0
28260,12,0
28265,5,0
28270,5,0
28275,5,0
28280,9,0
28285,12,1
28290,5,0
28295,5,0
28300,8,0
28305,5,0
28310,8,0
28315,7,0
28320,11,0
28325,5,0
28330,11,0
28335,8,0
28340,7,0
28345,8,0
28350,11,0
28355,9,0
28360,4,0
28365,8,0
28370,8,0
28375,8,0
28380,8,0
28385,12,0
28390,5,0
28395,8,0
28400,6,0
28405,12,0
28410,12,0
28415,5,0
28420,12,0
28425,5,0
28430,8,4
28435,8,0
28440,10,0
28445,12,0
28450,4,0
28455,5,0
28460,5,0
28465,5,0
28470,12,0
28475,5,0
28480,11,0
28485,8,0
28490,5,0
28495,4,0
28500,10,0
28505,5,0
28510,7,0
28515,5,0
28520,5,0
28525,7,0
28530,8,0
28535,5,0
28540,11,0
28545,12,0
28550,12,0
28555,7,0
28560,4,0
28565,10,0
28570,7,0
28575,8,0
28580,7,0
28585,5,0
28590,4,0
28595,5,0
28600,8,0
28605,3,0
28610,3,0
28615,4,0
28620,10,0
28625,4,0
28630,7,0
28635,7,0
28640,8,0
28645,5,0
28650,7,0
28655,12,0
28660,7,0
28665,7,0
28670,5,0
28675,6,0
28680,6,4
28685,10,0
28690,7,0
28695,10,0
28700,7,0
28705,5,0
28710,11,0
28715,8,7
28720,8,0
28725,8,0
28730,1,0
28735,7,0
28740,11,0
28745,5,0
28750,10,0
28755,5,0
28760,8,0
28765,5,0
28770,11,0
28775,5,0
28780,8,0
28785,11,0
28790,8,0
28795,7,0
28800,10,4
28805,2,0
28810,8,0
28815,8,0
28820,8,0
28825,2,0
28835,4,0
28840,3,0
28845,7,0
28850,12,0
28855,12,0
28860,7,0
28865,11,0
28870,3,0
28875,8,0
28880,8,0
28885,7,0
28890,10,0
28895,8,0
28900,9,0
28905,4,0
28910,5,0
28915,7,0
28920,8,0
28925,5,0
28930,10,0
28935,9,0
28940,8,0
28945,5,0
28950,9,0
28955,7,0
28960,7,0
28965,8,0
28970,10,0
28975,4,0
28980,5,1
28985,4,0
28990,8,0
28995,7,0
29000,8,0
29005,9,0
29010,7,0
29015,11,0
29020,7,0
29025,5,0
29030,7,0
29035,5,0
29040,5,0
29045,7,0
29050,9,0
29055,8,1
29060,5,0
29065,5,0
29070,7,1
29075,7,0
29080,8,0
29085,5,0
29090,5,0
29095,3,0
29100,10,0
29105,5,0
29110,5,0
29115,5,0
29120,7,0
29125,2,0
29130,8,0
29135,8,0
29140,11,0
29145,8,0
29150,6,0
29155,7,0
29160,8,0
29165,5,0
29170,8,0
29175,5,0
29180,11,0
29185,4,0
29190,11,0
29195,10,0
29200,7,0
29205,8,0
29210,5,0
29215,8,0
29220,5,0
29225,7,0
29230,12,0
29235,2,0
29240,9,0
29245,7,0
29250,5,0
29255,9,0
29260,7,0
29265,12,0
29270,12,1
29275,5,0
29280,5,0
29285,4,0
29290,8,0
29295,7,1
29300,5,0
29305,7,0
29310,11,0
29315,5,0
29320,9,0
29325,5,0
29330,4,0
29335,8,0
29340,12,0
29345,5,0
29350,9,0
29355,5,0
29360,3,0
29365,5,0
29370,5,0
29375,5,0
29380,7,0
29385,8,0
29390,5,0
29395,8,0
29400,8,0
29405,12,0
29410,8,0
29415,8,0
29420,7,0
29425,8,0
29430,12,0
29435,5,0
29440,7,0
29445,5,1
29450,4,0
29455,8,0
29460,8,0
29465,8,0
29470,5,0
29475,5,0
29480,7,0
29485,8,0
29490,3,0
29495,5,0
29500,12,0
29505,9,0
29510,8,0
29515,5,0
29520,7,0
29525,8,0
29530,7,0
29535,8,0
29540,4,0
29545,7,0
29550,11,0
29555,4,0
29560,8,4
29565,8,0
29570,5,0
29575,7,0
29580,5,0
29585,7,0
29590,7,0
29595,5,0
29600,8,0
29605,9,0
29610,5,0
29615,8,0
29620,11,0
29625,5,0
29630,7,0
29635,9,0
29640,6,0
29645,12,0
29650,4,4
29655,8,0
29660,7,0
29665,10,0
29670,8,0
29675,11,0
29680,8,4
29685,2,0
29690,6,0
29695,8,0
29700,5,0
29705,5,0
29710,8,0
29715,7,0
29720,9,0
29725,12,0
29730,5,0
29735,5,0
29740,5,0
29745,8,0
29750,9,0
29755,12,0
29760,8,0
29765,5,0
29770,8,0
29780,7,0
29785,12,0
29790,5,0
29795,9,0
29800,10,0
29805,8,0
29810,9,0
29815,9,0
29820,8,0
29825,5,0
29830,12,0
29835,8,0
29840,9,0
29845,5,0
29850,8,0
29855,5,0
29860,10,4
29865,5,0
29870,8,0
29880,8,0
29885,7,0
29890,12,0
29895,11,1
29900,11,0
29905,8,0
29910,12,0
29915,8,0
29920,5,0
29925,5,0
29930,12,0
29935,5,0
29940,12,0
29945,4,0
29950,8,0
29955,8,0
29960,5,4
29965,5,0
29970,12,0
29975,12,0
29980,7,0
29985,4,0
29990,7,0
29995,4,0
30000,5,0
