5,8,2
7,10,12
15,11,8
21,12,0
25,10,4
26,12,4
31,6,1
35,8,2
41,5,4
48,10,8
52,12,8
54,8,4
62,10,0
63,10,4
64,10,8
71,8,2
72,12,4
74,8,1
78,5,0
84,12,4
95,7,0
104,10,0
116,8,8
117,10,4
133,10,3
139,8,0
149,4,2
158,12,1
159,12,5
160,12,2
162,12,8
163,10,2
176,8,8
182,8,8
187,10,8
195,11,2
196,12,0
197,6,2
199,4,0
206,8,0
207,6,0
214,10,1
219,8,0
225,8,3
227,10,8
235,5,4
236,8,0
239,2,8
251,5,10
259,12,9
266,8,2
269,10,8
278,11,2
287,4,0
291,8,12
293,12,4
294,5,2
299,8,8
307,8,2
308,8,4
309,5,9
316,6,4
320,12,2
322,10,8
327,10,4
329,10,10
337,10,0
346,1,2
348,12,3
383,12,0
389,12,8
390,12,8
397,10,8
404,12,8
420,9,2
422,12,2
425,3,2
430,10,6
433,10,8
440,7,4
448,11,0
449,12,2
450,8,8
454,8,8
455,12,2
460,10,2
463,7,2
464,6,0
467,10,9
468,8,0
479,12,0
481,10,8
484,12,3
487,12,8
488,6,3
489,10,8
494,10,4
499,10,9
500,10,8
507,10,0
511,8,8
514,8,3
526,5,0
528,0,8
536,8,0
542,10,0
549,8,2
558,10,9
559,8,2
560,12,2
562,8,8
572,12,1
573,12,8
581,12,2
586,8,0
587,12,0
589,5,0
591,12,8
594,3,4
596,10,8
598,8,8
599,10,3
601,10,8
605,10,0
611,12,0
613,0,8
618,8,8
620,7,4
628,8,8
637,12,0
640,8,2
641,8,8
653,8,8
656,8,9
661,7,1
669,10,5
687,4,0
701,10,8
702,11,8
703,7,8
705,8,0
708,8,8
710,10,0
712,10,1
713,5,0
716,12,8
721,8,0
722,11,8
728,4,4
734,8,0
739,12,2
741,10,0
743,3,2
746,8,0
749,8,2
751,10,2
753,10,2
754,12,1
757,12,2
760,8,8
764,6,9
765,12,2
770,10,2
773,2,12
777,6,0
785,7,5
794,9,3
804,5,4
818,12,1
826,12,8
828,12,0
830,12,2
834,12,8
839,10,1
844,11,1
848,12,0
852,12,8
854,10,3
857,8,4
863,12,0
864,7,2
866,12,1
875,10,8
876,11,2
881,8,0
884,11,0
885,10,8
888,8,2
889,12,4
896,10,2
899,8,2
902,10,5
904,6,4
905,8,4
912,8,2
920,11,8
922,10,8
930,7,12
932,8,8
936,12,9
940,8,8
942,8,8
951,12,2
955,12,12
959,8,4
961,8,4
963,12,3
973,12,2
974,10,2
978,8,3
982,7,5
986,12,4
987,12,8
996,12,2
998,6,2
999,8,3
1004,5,4
1005,12,1
1010,8,0
1015,8,2
1030,12,9
1047,12,2
1049,12,2
1050,12,2
1054,12,0
1057,8,10
1070,2,2
1074,10,2
1078,5,4
1081,11,8
1082,12,4
1083,12,2
1086,6,8
1096,8,8
1099,10,0
1106,8,2
1107,6,12
1108,12,0
1111,6,8
1126,5,1
1127,12,8
1138,8,0
1141,8,1
1144,11,8
1146,12,8
1159,12,2
1163,6,1
1165,6,5
1168,7,4
1169,4,0
1173,10,0
1181,8,3
1187,7,2
1195,10,11
1203,8,2
1211,7,9
1215,8,8
1216,12,0
1221,8,2
1223,12,12
1225,4,8
1232,8,0
1233,12,8
1234,10,2
1236,12,8
1238,9,2
1239,8,0
1242,8,2
1247,8,8
1254,10,3
1258,12,8
1263,12,0
1264,10,1
1271,12,0
1274,10,5
1275,12,8
1276,10,8
1277,5,4
1289,10,8
1292,3,8
1294,12,8
1296,10,4
1297,12,8
1298,12,8
1300,10,8
1301,12,5
1323,12,8
1325,5,8
1343,2,8
1346,10,4
1348,10,1
1349,9,2
1357,5,5
1368,9,8
1371,8,1
1372,8,1
1374,10,3
1376,12,0
1379,10,1
1380,12,2
1383,10,0
1392,12,0
1404,12,0
1412,12,0
1416,12,8
1423,8,8
1425,7,2
1430,12,1
1431,5,2
1432,12,2
1433,12,8
1437,10,4
1446,8,2
1458,6,4
1463,9,2
1464,12,5
1477,8,8
1489,12,4
1491,4,2
1492,4,0
1510,7,0
1513,12,8
1518,10,8
1521,6,0
1527,5,8
1529,12,4
1532,10,3
1548,11,10
1558,7,1
1567,12,4
1577,3,4
1580,12,2
1581,10,8
1582,6,2
1587,6,4
1588,7,0
1589,12,0
1598,10,8
1599,10,2
1603,12,8
1611,11,3
1612,10,2
1625,12,8
1626,7,8
1628,9,0
1629,12,0
1636,10,0
1637,5,4
1638,5,4
1640,12,8
1645,6,8
1648,12,2
1651,10,2
1657,12,0
1661,11,4
1662,6,7
1666,6,0
1667,12,0
1669,8,0
1670,12,0
1674,11,1
1678,12,3
1681,8,0
1696,12,2
1706,8,0
1710,12,12
1720,10,8
1726,10,4
1734,10,8
1736,5,3
1737,12,0
1740,7,0
1742,12,8
1744,12,1
1747,3,10
1750,12,0
1752,12,2
1763,10,0
1771,12,4
1773,7,2
1781,10,0
1788,12,2
1789,6,2
1794,10,4
1801,10,2
1810,10,2
1817,4,0
1820,12,8
1822,8,8
1826,12,4
1835,12,0
1837,8,6
1838,8,0
1844,11,0
1848,12,1
1849,5,8
1854,12,0
1858,1,4
1862,8,8
1872,12,8
1874,11,0
1876,8,1
1877,8,8
1882,8,4
1884,12,0
1888,12,0
1897,12,4
1900,11,0
1903,12,4
1905,2,8
1922,12,2
1923,11,1
1938,12,2
1939,10,2
1940,12,2
1946,10,2
1955,10,2
1956,3,0
1959,6,3
1963,12,4
1964,8,8
1965,11,5
1967,12,9
1969,10,8
1981,11,0
1991,12,8
1995,12,2
2010,10,0
2018,11,3
2040,12,8
2045,10,8
2053,7,2
2055,10,8
2056,8,2
2079,7,0
2084,10,3
2089,6,2
2090,6,8
2092,10,0
2097,5,8
2099,10,2
2101,12,2
2102,10,2
2104,10,12
2109,12,1
2116,3,0
2119,8,2
2126,5,2
2127,12,2
2129,10,0
2130,12,8
2140,8,0
2156,12,8
2161,8,8
2181,6,3
2182,4,0
2183,8,8
2208,10,3
2209,12,8
2210,6,2
2213,8,0
2218,8,1
2221,12,0
2231,12,2
2233,4,0
2236,1,2
2238,8,1
2246,12,8
2256,5,2
2259,8,8
2269,2,2
2270,8,0
2276,12,5
2287,12,2
2293,6,4
2302,12,0
2306,12,2
2311,5,0
2316,10,8
2317,6,5
2320,2,2
2323,8,12
2328,10,9
2335,3,8
2336,4,0
2340,10,0
2342,9,8
2349,12,0
2355,8,12
2362,11,2
2363,12,8
2366,10,2
2380,8,0
2389,8,8
2400,10,9
2406,7,4
2410,12,9
2412,7,8
2413,8,2
2417,8,8
2423,10,0
2427,11,0
2431,12,2
2433,8,2
2438,11,2
2442,8,8
2447,10,4
2448,10,8
2454,12,0
2460,12,2
2462,12,2
2464,8,2
2471,12,8
2475,5,9
2491,2,4
2501,12,2
2504,10,2
2506,8,12
2508,2,9
2515,10,2
2516,10,1
2518,5,2
2523,10,4
2527,12,9
2529,12,8
2534,12,0
2538,10,8
2541,11,8
2551,10,5
2555,12,2
2559,10,5
2563,6,1
2569,12,8
2577,10,8
2578,9,4
2584,10,2
2586,11,8
2587,12,8
2599,12,8
2602,12,2
2606,12,9
2607,11,4
2613,12,8
2617,12,10
2618,5,2
2621,10,12
2622,11,8
2625,12,1
2627,10,8
2629,10,3
2631,8,4
2642,10,4
2644,2,0
2648,8,0
2654,8,2
2655,12,0
2656,5,8
2662,5,8
2665,0,2
2668,12,0
2672,12,2
2673,12,0
2677,5,0
2685,11,0
2688,7,3
2703,12,5
2707,10,0
2722,10,0
2724,12,4
2726,10,9
2728,10,1
2730,7,2
2736,11,8
2738,12,4
2743,12,0
2744,8,0
2761,12,2
2762,8,2
2763,10,4
2769,3,0
2770,12,2
2771,12,0
2772,12,12
2780,12,2
2793,10,8
2795,6,8
2801,10,9
2802,8,0
2808,10,2
2809,8,8
2813,11,3
2817,10,8
2840,8,0
2846,8,1
2847,12,5
2849,10,8
2854,12,8
2855,4,8
2858,8,8
2863,10,8
2866,9,0
2869,5,8
2877,5,8
2888,5,4
2889,12,4
2902,12,0
2912,8,8
2913,11,1
2915,8,2
2924,8,2
2926,10,0
2937,12,3
2940,12,0
2944,7,0
2945,10,8
2950,12,8
2951,12,0
2952,12,0
2954,12,2
2962,10,5
2975,8,0
2979,10,0
2980,8,8
2982,6,0
2983,8,7
2992,11,2
2994,8,8
2998,6,2
3002,12,0
3004,6,8
3006,12,3
3012,8,0
3017,10,2
3023,12,5
3024,2,8
3026,12,3
3039,6,4
3040,10,0
3050,6,4
3056,7,4
3060,12,8
3070,10,2
3071,12,9
3096,11,4
3108,10,0
3112,12,0
3115,12,8
3117,8,8
3121,9,8
3122,5,5
3127,8,2
3129,3,2
3130,12,8
3134,5,8
3140,10,0
3141,12,0
3152,11,4
3157,6,0
3158,12,4
3160,12,1
3163,9,0
3165,12,8
3174,12,1
3178,8,12
3184,7,8
3186,12,2
3189,3,0
3202,12,8
3203,12,1
3213,0,8
3214,8,0
3220,11,0
3221,11,1
3233,10,2
3234,12,8
3240,10,8
3248,3,0
3255,9,0
3264,12,4
3271,9,12
3272,8,8
3273,12,1
3286,12,2
3290,5,2
3292,10,4
3293,9,1
3298,10,1
3306,12,0
3309,10,8
3322,12,4
3329,7,9
3331,12,0
3332,8,1
3334,12,8
3337,7,8
3343,12,3
3348,12,0
3354,12,4
3366,8,8
3373,12,0
3374,8,0
3382,12,0
3385,10,2
3393,8,0
3395,10,5
3400,12,8
3402,8,8
3406,8,8
3408,12,8
3412,10,8
3416,12,8
3417,12,3
3418,12,0
3437,8,0
3446,11,0
3449,12,2
3462,7,10
3463,10,0
3464,2,5
3474,4,5
3480,11,5
3493,8,2
3494,2,2
3497,12,0
3499,12,0
3500,12,5
3501,10,9
3505,12,12
3506,7,8
3517,10,8
3522,8,8
3523,10,9
3533,12,1
3536,12,1
3545,7,8
3554,11,2
3555,10,4
3561,12,4
3578,10,2
3581,6,4
3582,10,0
3585,10,2
3588,8,4
3589,2,4
3597,12,2
3598,8,8
3602,10,0
3609,3,0
3610,10,9
3614,10,8
3620,7,2
3628,12,0
3632,9,2
3637,5,2
3646,8,0
3648,10,2
3651,8,2
3653,12,8
3662,12,0
3664,12,2
3669,12,8
3672,11,2
3673,12,2
3677,12,2
3696,6,2
3699,10,2
3701,8,8
3703,12,1
3707,8,5
3710,12,4
3716,8,2
3722,8,8
3725,10,0
3730,10,5
3736,10,8
3742,12,4
3744,1,0
3758,10,2
3760,7,0
3764,12,5
3771,12,4
3773,8,8
3785,8,8
3792,10,0
3794,12,2
3800,8,8
3801,8,2
3802,8,8
3803,8,4
3805,5,0
3807,10,2
3817,3,9
3818,12,1
3826,6,9
3838,10,1
3841,10,0
3844,8,2
3846,8,2
3849,10,4
3859,5,0
3861,10,0
3872,10,0
3877,12,2
3878,8,0
3882,10,0
3885,10,2
3888,12,1
3890,8,0
3893,12,4
3903,12,9
3916,10,8
3922,10,2
3924,10,0
3935,8,8
3949,12,8
3950,12,0
3956,7,4
3958,8,8
3965,8,5
3968,12,0
3984,8,8
3989,12,0
3990,7,2
4004,12,8
4007,5,0
4022,5,9
4026,11,8
4029,12,2
4031,11,8
4033,10,0
4037,12,0
4039,8,1
4049,3,2
4050,8,8
4056,12,4
4059,1,2
4061,8,2
4068,5,8
4071,12,8
4077,6,0
4079,10,0
4083,10,8
4085,8,8
4087,8,0
4096,12,4
4099,12,3
4101,4,2
4117,10,2
4120,12,2
4124,7,4
4133,6,8
4134,12,2
4138,10,8
4143,8,1
4155,8,8
4156,10,4
4162,12,2
4163,8,8
4175,12,8
4178,10,2
4182,12,2
4188,3,8
4191,9,1
4193,10,4
4197,10,2
4209,12,12
4214,10,0
4217,8,5
4224,12,9
4228,12,8
4232,12,8
4235,12,0
4237,6,9
4242,12,8
4253,8,2
4262,12,9
4276,12,0
4283,12,2
4285,10,0
4293,10,0
4303,6,4
4304,8,0
4310,8,8
4312,6,12
4317,10,8
4323,10,0
4329,10,2
4333,8,2
4334,6,0
4336,8,2
4337,8,0
4341,8,0
4343,12,0
4345,12,0
4353,12,2
4355,10,0
4358,8,8
4369,12,4
4386,12,12
4391,8,4
4396,8,0
4404,12,0
4408,8,8
4410,12,8
4417,11,3
4426,12,0
4428,8,8
4431,10,1
4432,12,2
4435,5,0
4441,12,8
4442,7,2
4445,6,2
4448,5,0
4460,12,1
4467,3,2
4468,5,4
4471,8,8
4477,12,4
4481,6,0
4482,12,10
4485,10,4
4490,10,8
4492,12,8
4494,2,2
4497,12,0
4502,8,8
4506,2,2
4516,7,4
4525,12,2
4526,7,0
4536,12,4
4539,10,8
4546,8,0
4557,10,8
4566,2,0
4577,8,8
4578,10,0
4582,12,0
4595,10,5
4597,10,2
4602,6,8
4604,8,0
4620,5,4
4622,12,2
4624,12,12
4625,8,8
4627,8,4
4632,5,8
4634,10,0
4638,2,8
4650,12,5
4653,4,0
4658,10,4
4664,10,5
4665,12,0
4667,10,0
4668,3,0
4674,12,5
4675,12,8
4677,4,0
4680,11,8
4692,10,4
4693,11,12
4695,12,0
4699,12,2
4719,10,4
4724,7,4
4729,12,8
4734,8,0
4737,10,2
4743,10,1
4744,10,0
4745,10,8
4752,8,8
4756,8,1
4757,11,0
4758,10,2
4762,5,4
4765,10,5
4770,10,8
4771,12,3
4772,10,2
4777,10,2
4785,12,8
4795,8,8
4798,12,9
4800,7,4
4805,8,0
4811,12,2
4817,12,8
4818,6,4
4839,8,0
4841,8,2
4842,12,2
4845,10,6
4854,11,0
4856,10,2
4859,12,8
4860,8,0
4862,11,8
4865,12,0
4867,6,4
4868,8,9
4870,1,8
4872,7,0
4874,8,8
4876,10,0
4883,10,2
4887,12,0
4891,0,8
4892,8,4
4893,10,8
4894,12,2
4895,8,4
4904,4,3
4910,10,2
4912,6,8
4913,10,2
4923,12,1
4924,10,2
4925,10,0
4926,12,8
4930,12,12
4932,8,0
4933,12,0
4936,11,0
4943,3,0
4954,6,0
4969,12,1
4982,12,1
4985,8,0
5002,12,0
5003,12,5
5005,8,2
5009,7,0
5010,2,4
5014,11,8
5023,11,4
5033,10,2
5039,0,5
5046,12,4
5048,12,0
5050,12,0
5053,4,5
5058,8,4
5061,12,2
5063,1,4
5074,12,3
5077,12,4
5080,12,8
5081,6,5
5084,10,2
5086,12,2
5089,12,4
5098,4,8
5102,10,2
5109,12,2
5113,12,4
5118,8,2
5126,6,9
5131,8,0
5134,7,3
5138,8,12
5145,12,3
5163,10,4
5164,9,2
5165,10,2
5169,12,4
5175,5,8
5179,11,1
5180,10,3
5185,10,2
5186,10,0
5195,12,4
5202,10,2
5204,8,0
5211,10,2
5216,9,0
5219,12,3
5229,10,8
5233,9,0
5234,12,0
5235,12,4
5238,12,8
5239,8,8
5244,8,12
5247,5,8
5249,10,4
5251,10,3
5258,7,4
5260,12,0
5261,10,8
5263,10,0
5269,10,4
5275,12,3
5277,7,1
5308,10,2
5314,12,8
5317,10,4
5324,2,8
5325,12,8
5326,6,8
5328,12,8
5330,11,4
5343,6,9
5346,12,2
5350,4,2
5370,4,4
5375,10,3
5388,0,0
5390,5,2
5400,8,8
5402,12,1
5405,12,2
5411,8,2
5412,10,2
5415,4,8
5419,10,8
5428,10,2
5435,12,4
5436,12,4
5440,12,8
5444,8,2
5448,11,2
5449,5,2
5463,8,2
5465,12,0
5470,10,2
5471,6,4
5475,12,8
5476,7,8
5478,12,0
5485,5,9
5488,10,2
5497,10,0
5500,12,5
5502,8,8
5503,12,4
5506,10,8
5513,6,12
5517,10,0
5524,10,2
5528,10,3
5530,8,2
5541,10,2
5546,11,8
5554,12,0
5555,1,8
5567,12,8
5573,1,2
5575,10,8
5578,11,3
5580,12,2
5584,12,0
5590,10,2
5597,5,0
5600,6,2
5619,10,2
5628,10,2
5633,4,2
5634,12,4
5637,12,8
5639,7,0
5644,10,4
5647,12,4
5654,8,8
5655,12,8
5659,11,0
5675,6,0
5676,11,8
5679,12,2
5682,12,0
5685,12,4
5687,12,8
5688,10,8
5692,4,2
5696,12,0
5703,12,4
5708,12,9
5717,6,8
5719,12,8
5722,10,5
5727,12,4
5730,12,2
5735,5,4
5739,10,2
5743,9,8
5746,12,8
5786,8,0
5791,10,8
5794,6,2
5797,10,2
5807,2,8
5813,9,8
5823,8,2
5827,10,8
5830,10,8
5831,12,12
5833,8,4
5834,3,5
5835,12,2
5842,10,8
5850,8,8
5852,8,2
5855,8,9
5856,8,4
5857,9,4
5865,12,8
5867,8,8
5872,5,3
5874,10,0
5881,8,2
5885,10,4
5906,10,3
5909,12,4
5918,10,8
5924,12,8
5925,12,9
5929,5,12
5936,2,8
5937,8,8
5938,10,0
5944,6,2
5956,8,0
5958,10,2
5960,10,2
5964,12,0
5967,5,8
5970,12,0
5980,12,0
5984,5,0
5998,12,2
6008,8,8
6014,10,9
6030,12,2
6041,8,8
6043,10,8
6044,12,0
6047,8,8
6049,4,0
6050,4,2
6062,10,4
6065,12,2
6067,10,0
6072,10,8
6073,3,2
6080,6,4
6084,11,0
6087,10,8
6091,10,8
6092,9,4
6094,8,4
6108,12,0
6119,8,0
6120,8,2
6125,7,0
6129,12,0
6137,8,3
6139,12,0
6146,8,8
6154,10,2
6169,12,8
6178,8,8
6181,8,4
6189,8,8
6192,12,2
6198,11,12
6199,12,2
6211,9,8
6223,11,9
6224,4,8
6229,12,0
6232,6,1
6234,12,9
6236,7,2
6246,12,0
6247,10,8
6259,8,2
6264,12,4
6267,6,2
6271,10,8
6272,12,8
6274,7,0
6275,12,2
6277,10,8
6279,6,0
6281,5,2
6287,8,0
6293,7,8
6300,3,0
6302,12,4
6309,8,1
6310,5,9
6311,10,2
6312,10,8
6316,1,2
6318,12,0
6321,12,0
6325,10,5
6327,11,0
6329,10,2
6334,10,3
6335,8,8
6340,8,3
6341,8,0
6345,10,0
6346,8,3
6347,5,2
6350,12,9
6351,12,2
6353,11,9
6362,5,2
6363,8,8
6372,12,2
6378,12,8
6383,10,0
6384,8,0
6386,12,3
6391,2,8
6395,12,8
6399,8,8
6400,7,8
6404,12,8
6408,11,4
6409,10,8
6412,12,2
6414,8,0
6415,12,3
6425,8,2
6426,10,4
6427,6,8
6433,12,4
6436,5,4
6447,10,1
6450,12,2
6458,10,0
6460,8,8
6462,8,8
6464,10,0
6469,8,2
6477,8,8
6483,8,4
6487,12,1
6497,5,2
6502,12,9
6509,10,1
6510,6,0
6517,4,4
6518,10,3
6525,2,0
6533,11,5
6537,8,8
6543,2,8
6546,11,3
6550,7,1
6551,12,0
6555,6,0
6557,11,9
6558,12,0
6566,8,3
6569,8,2
6571,9,5
6577,12,2
6578,3,2
6584,9,8
6600,8,8
6601,3,9
6609,9,2
6611,12,4
6614,10,2
6617,8,8
6624,12,1
6626,2,2
6637,10,8
6638,7,0
6639,12,5
6641,12,2
6655,10,0
6657,12,4
6670,10,8
6673,7,8
6679,2,8
6683,12,0
6684,10,4
6686,4,1
6689,10,8
6691,8,2
6695,6,8
6696,12,2
6700,8,3
6713,8,8
6721,7,0
6739,8,8
6740,12,0
6742,10,0
6749,12,2
6751,10,5
6754,8,8
6768,5,8
6771,12,0
6774,10,0
6779,11,0
6782,12,8
6783,9,2
6787,12,2
6788,10,8
6789,10,2
6794,10,0
6795,11,8
6801,10,2
6802,8,0
6813,6,0
6815,11,9
6823,12,8
6827,6,0
6829,12,2
6841,12,8
6853,12,4
6854,5,8
6855,2,8
6859,10,4
6870,10,2
6883,12,4
6890,10,3
6891,7,0
6892,12,0
6894,10,5
6902,12,0
6903,12,0
6904,10,0
6906,4,5
6915,12,12
6919,12,0
6923,8,4
6930,10,2
6938,12,8
6939,12,2
6942,6,0
6946,10,4
6948,5,4
6949,12,0
6950,9,12
6972,0,4
6974,8,12
6989,8,0
7000,10,8
7007,10,0
7013,8,8
7014,8,2
7016,12,0
7021,8,2
7028,6,8
7034,12,2
7040,12,0
7050,10,9
7056,10,8
7059,5,2
7060,8,4
7064,8,2
7065,8,8
7068,11,2
7088,10,8
7090,6,3
7091,10,8
7092,12,0
7111,5,0
7113,10,8
7114,8,8
7118,10,2
7121,10,8
7125,12,8
7126,6,9
7127,12,0
7129,12,8
7140,10,8
7141,4,2
7153,11,8
7154,8,2
7157,8,0
7159,12,8
7160,4,0
7164,5,4
7168,11,2
7169,12,8
7170,10,0
7182,10,0
7188,10,8
7211,4,12
7212,11,2
7219,12,8
7225,12,8
7227,6,2
7241,8,0
7245,5,8
7246,12,4
7249,11,8
7260,9,2
7263,8,8
7265,8,8
7269,10,4
7281,10,2
7285,11,2
7293,8,0
7300,11,8
7305,9,1
7319,12,3
7322,12,1
7328,6,0
7348,10,9
7355,10,9
7357,6,8
7358,10,0
7362,9,4
7380,8,8
7386,12,8
7388,9,2
7390,12,3
7392,8,4
7394,10,4
7403,12,0
7404,12,2
7412,10,0
7419,12,0
7426,12,4
7428,9,5
7429,8,2
7430,6,0
7432,8,2
7436,11,8
7437,5,5
7446,12,4
7448,12,2
7451,12,8
7452,8,12
7455,10,9
7463,12,1
7467,12,4
7471,8,1
7476,8,12
7478,12,0
7484,10,8
7490,12,8
7494,12,9
7503,8,2
7510,2,12
7511,8,8
7513,12,1
7515,12,2
7518,6,0
7522,10,1
7526,12,4
7532,10,2
7534,12,2
7539,12,4
7540,12,12
7541,11,0
7543,10,8
7545,8,8
7557,8,4
7564,12,0
7565,10,8
7567,11,10
7569,12,0
7580,12,2
7586,12,0
7597,12,4
7602,8,2
7606,8,8
7607,12,2
7608,10,12
7609,10,12
7619,4,8
7623,12,0
7625,4,0
7626,5,3
7628,8,2
7631,12,12
7634,10,0
7639,8,1
7642,8,1
7644,10,2
7645,12,0
7646,8,4
7647,12,0
7648,12,4
7650,8,4
7654,10,8
7655,5,0
7658,10,2
7668,10,9
7670,7,8
7677,12,1
7682,7,4
7683,9,0
7687,10,0
7688,12,8
7692,12,1
7697,8,2
7704,10,8
7707,10,2
7716,12,0
7725,8,2
7732,5,0
7733,10,1
7736,9,0
7742,6,9
7751,10,9
7756,11,2
7757,10,8
7764,10,0
7766,12,12
7768,0,8
7777,8,0
7780,12,2
7781,8,8
7784,12,5
7785,12,0
7786,10,1
7788,11,2
7797,12,8
7798,8,8
7800,9,1
7818,12,8
7820,10,8
7824,5,8
7830,6,8
7831,12,2
7838,3,8
7842,12,8
7851,10,4
7856,8,8
7879,7,5
7886,12,1
7892,10,0
7898,4,4
7906,5,7
7912,12,2
7915,10,1
7916,10,12
7927,12,2
7928,8,8
7935,8,2
7936,8,3
7938,12,9
7939,4,8
7944,10,2
7951,4,4
7952,10,1
7956,10,2
7958,10,8
7960,12,8
7972,5,1
7975,12,8
7977,12,8
7984,12,8
7985,12,3
7986,10,2
7987,12,12
7995,8,0
7996,5,2
7998,12,0
8012,8,8
8023,8,8
8034,11,8
8036,11,0
8047,11,0
8050,8,0
8053,12,0
8054,5,0
8068,5,2
8069,12,0
8071,8,8
8074,3,0
8076,12,0
8080,6,4
8090,12,2
8095,10,5
8100,6,3
8103,12,4
8104,8,8
8109,10,8
8111,10,8
8115,8,0
8137,8,8
8142,5,0
8144,12,0
8149,2,0
8156,10,9
8162,12,1
8163,8,8
8168,10,4
8171,8,2
8173,6,8
8176,12,8
8181,12,4
8188,7,4
8192,12,2
8194,3,0
8195,5,9
8197,12,0
8208,12,3
8215,12,2
8228,10,4
8229,6,0
8261,12,0
8271,6,4
8278,7,6
8280,10,3
8283,12,2
8284,10,0
8285,12,8
8294,12,2
8295,8,8
8299,5,0
8300,8,8
8303,12,8
8304,11,4
8306,8,0
8315,5,4
8325,12,1
8326,8,4
8334,12,2
8341,10,8
8347,6,2
8348,11,8
8359,12,2
8366,2,8
8372,10,0
8373,5,4
8376,12,8
8384,4,0
8389,12,0
8390,8,2
8392,10,8
8396,7,9
8398,12,0
8399,6,4
8400,7,0
8401,11,1
8402,12,5
8406,6,12
8414,9,0
8417,12,8
8419,12,0
8422,12,8
8426,10,2
8428,7,5
8435,5,8
8440,12,0
8441,8,2
8449,12,0
8451,11,0
8452,8,8
8453,12,4
8455,11,12
8456,12,4
8464,10,0
8471,12,2
8475,12,2
8489,11,0
8493,12,2
8499,10,0
8501,10,0
8514,8,2
8516,9,2
8519,12,0
8521,2,2
8538,8,1
8539,12,2
8558,10,8
8562,2,4
8564,0,4
8566,10,12
8568,10,2
8578,12,2
8595,8,2
8603,12,1
8610,6,0
8613,12,2
8624,10,8
8629,4,0
8630,12,8
8639,8,4
8645,5,4
8647,11,9
8655,10,12
8658,11,0
8661,10,1
8663,12,2
8673,10,8
8674,11,0
8678,10,8
8685,12,0
8698,11,8
8700,12,9
8706,5,0
8715,11,2
8718,12,0
8719,10,9
8720,8,0
8721,12,5
8724,7,0
8730,10,2
8743,8,8
8747,8,8
8757,12,1
8760,4,2
8765,8,0
8769,8,5
8771,12,12
8780,10,2
8783,4,2
8785,12,4
8796,7,2
8798,12,8
8799,8,8
8803,10,0
8804,8,8
8810,6,12
8816,12,2
8818,10,3
8830,10,4
8837,6,9
8841,10,2
8846,12,5
8851,5,4
8857,10,4
8858,0,2
8860,12,9
8872,8,3
8875,12,0
8881,10,0
8890,12,8
8897,8,2
8899,10,2
8900,5,9
8910,12,2
8919,4,2
8929,10,8
8932,11,4
8933,11,8
8950,1,11
8953,8,1
8959,12,2
8967,12,0
8968,12,8
8982,12,0
8983,7,8
8985,8,1
8986,1,4
8990,12,8
8994,12,1
9002,12,8
9003,6,1
9008,5,0
9011,8,2
9013,8,8
9024,12,8
9037,12,8
9047,8,0
9048,7,0
9053,9,3
9059,11,8
9076,11,4
9082,6,2
9084,10,0
9086,12,8
9094,12,2
9095,8,2
9096,11,8
9100,12,8
9121,12,8
9124,12,0
9127,12,0
9128,12,4
9132,10,8
9136,8,8
9146,12,8
9149,11,8
9157,7,4
9159,12,8
9178,8,2
9181,12,4
9191,12,0
9193,8,0
9200,12,2
9201,12,2
9207,2,8
9224,8,3
9228,8,9
9230,2,12
9240,10,2
9253,8,2
9255,12,4
9257,8,2
9267,10,4
9273,12,5
9284,10,0
9288,12,2
9291,10,2
9300,12,2
9302,8,2
9305,11,1
9316,11,2
9320,8,0
9329,6,2
9334,10,2
9336,8,2
9338,11,2
9342,12,2
9343,10,8
9344,10,0
9345,8,2
9356,6,8
9357,12,4
9361,12,2
9364,12,3
9366,12,0
9368,12,2
9372,5,8
9387,10,8
9396,8,2
9397,9,8
9398,10,0
9399,12,8
9400,1,0
9406,12,8
9407,10,4
9411,5,0
9414,12,2
9418,12,8
9425,11,4
9431,12,0
9434,10,12
9438,12,4
9451,12,8
9452,10,1
9457,8,0
9465,12,8
9467,12,8
9475,8,2
9481,12,1
9482,11,3
9491,8,8
9492,12,0
9510,6,0
9511,12,4
9517,12,0
9518,7,0
9521,12,9
9527,2,0
9534,8,0
9535,12,8
9542,8,10
9543,10,0
9550,10,8
9556,12,8
9557,8,8
9560,8,8
9577,8,1
9582,8,8
9586,9,1
9603,10,0
9607,2,2
9613,10,8
9616,3,2
9618,2,8
9625,12,5
9626,9,8
9642,8,1
9645,12,0
9650,9,8
9651,8,2
9658,11,1
9659,4,2
9669,12,3
9688,3,3
9692,12,2
9699,8,8
9702,12,0
9713,11,9
9714,8,8
9719,5,1
9728,4,8
9729,5,12
9736,10,9
9738,5,8
9740,8,8
9742,12,2
9743,11,0
9749,10,0
9767,12,4
9776,12,0
9777,12,0
9790,10,0
9795,10,2
9806,3,0
9812,10,4
9819,8,4
9820,6,4
9821,10,2
9823,8,8
9829,12,0
9830,10,2
9832,4,2
9841,12,8
9855,4,0
9858,7,8
9867,12,2
9873,12,2
9891,10,8
9899,10,4
9908,5,4
9914,12,0
9916,8,4
9922,10,1
9926,5,0
9930,8,9
9935,8,8
9937,8,2
9940,10,1
9941,12,0
9946,8,8
9950,12,0
9953,12,1
9957,3,2
9958,12,4
9973,8,0
9977,8,5
9978,4,0
9979,10,0
9983,5,0
9987,8,4
9990,12,1
9995,8,8
10001,7,8
10009,8,2
10011,8,8
10017,10,4
10018,6,5
10019,12,0
10040,8,8
10048,12,8
10052,11,2
10058,10,0
10071,8,0
10075,10,0
10085,10,12
10087,8,2
10090,4,2
10100,10,1
10103,8,0
10110,10,0
10112,10,2
10114,8,5
10115,8,2
10129,8,8
10131,5,4
10142,8,0
10143,8,9
10145,5,2
10146,10,4
10161,10,8
10163,9,1
10166,10,4
10169,10,0
10184,8,2
10185,1,4
10187,10,1
10189,10,4
10194,11,8
10205,8,2
10207,8,2
10231,12,2
10233,8,12
10234,12,8
10239,6,9
10244,2,8
10250,8,8
10254,10,2
10255,10,8
10258,12,4
10279,10,2
10282,10,0
10286,8,2
10289,10,2
10300,3,2
10301,9,1
10305,10,4
10313,10,0
10317,7,0
10320,10,2
10326,11,0
10329,11,0
10333,3,1
10341,9,8
10348,12,0
10349,6,1
10362,10,1
10364,12,4
10366,5,2
10370,12,0
10383,4,4
10385,10,4
10391,7,5
10392,11,8
10394,12,8
10403,10,0
10406,12,8
10409,12,8
10415,6,8
10423,8,0
10424,10,12
10425,8,1
10427,8,2
10432,8,2
10433,8,8
10436,12,8
10441,9,0
10443,10,1
10453,12,8
10461,10,2
10463,12,2
10475,10,8
10478,8,4
10479,12,12
10484,10,3
10485,8,1
10490,7,4
10491,10,0
10493,7,2
10495,12,8
10519,12,8
10524,8,8
10527,11,2
10532,12,0
10534,9,9
10538,10,12
10542,8,12
10545,10,2
10552,8,8
10554,4,12
10560,12,0
10569,8,8
10574,12,2
10575,12,5
10588,12,8
10592,10,9
10602,8,8
10605,6,0
10608,12,0
10610,10,0
10612,8,2
10614,12,9
10620,2,8
10621,12,0
10622,12,9
10643,2,2
10650,12,8
10656,12,1
10657,12,0
10658,10,8
10660,10,2
10666,10,2
10667,7,0
10668,10,0
10674,10,8
10678,12,2
10683,12,0
10685,12,2
10691,12,8
10704,12,4
10705,10,2
10706,12,8
10708,12,2
10732,8,8
10739,8,8
10745,12,3
10754,10,8
10767,12,8
10770,8,2
10772,8,2
10774,12,9
10777,10,8
10780,12,2
10785,10,2
10803,12,0
10805,10,2
10807,10,8
10816,5,1
10818,8,2
10823,12,2
10824,12,2
10826,7,12
10827,12,0
10847,10,8
10855,10,8
10859,10,0
10870,12,1
10873,10,0
10877,12,2
10881,8,0
10912,8,2
10917,12,8
10922,12,0
10924,10,2
10925,12,4
10927,4,0
10929,7,8
10934,12,0
10940,12,9
10947,12,0
10948,8,8
10952,8,5
10956,6,0
10964,12,0
10966,8,1
10967,10,12
10980,7,5
10981,12,8
10986,10,4
10988,10,4
10990,12,0
10991,12,2
10998,11,8
10999,12,2
11002,8,3
11005,7,0
11016,8,0
11020,12,0
11027,10,0
11032,12,0
11036,12,12
11037,8,2
11049,9,8
11054,12,8
11067,7,4
11071,10,2
11086,12,2
11090,10,0
11092,10,3
11095,11,0
11102,8,8
11103,8,12
11107,1,8
11109,8,8
11112,8,12
11118,8,2
11126,8,2
11128,10,4
11142,12,8
11145,8,8
11158,7,8
11161,5,4
11169,11,2
11170,12,8
11173,12,1
11186,10,8
11193,5,4
11229,12,2
11231,10,0
11232,10,12
11235,2,2
11240,12,8
11249,8,8
11255,12,0
11256,1,1
11258,8,3
11263,10,2
11270,12,0
11275,10,0
11277,12,0
11279,10,12
11280,12,0
11286,6,9
11294,8,8
11295,8,8
11297,10,9
11304,11,2
11305,5,9
11312,4,12
11313,8,8
11320,12,0
11327,11,0
11329,10,8
11335,10,8
11337,8,8
11355,12,1
11358,8,5
11360,8,2
11362,7,8
11376,10,2
11378,12,1
11380,10,8
11381,12,2
11382,11,1
11393,10,0
11394,12,5
11397,10,2
11422,10,4
11423,8,2
11424,12,2
11432,10,8
11435,8,2
11437,8,8
11441,10,0
11444,8,8
11448,5,2
11455,12,8
11462,8,8
11465,12,12
11466,12,0
11470,10,8
11482,10,2
11486,5,2
11501,12,4
11507,5,0
11527,12,8
11537,11,2
11538,12,5
11542,12,4
11548,2,8
11555,10,2
11559,6,0
11561,12,0
11565,10,2
11567,11,9
11572,12,2
11579,2,1
11580,5,0
11581,11,12
11583,10,0
11587,11,1
11591,8,0
11594,8,4
11602,6,8
11604,10,2
11626,12,4
11627,10,2
11633,12,0
11635,8,8
11636,8,4
11638,8,8
11640,11,9
11641,8,8
11644,12,4
11659,8,8
11661,10,8
11665,12,4
11668,8,4
11672,9,8
11673,10,4
11674,10,0
11676,8,8
11679,12,2
11691,7,0
11697,7,5
11698,12,2
11703,12,0
11708,10,2
11710,8,2
11714,11,4
11721,12,2
11724,12,0
11726,10,1
11740,7,8
11752,11,0
11756,12,2
11766,12,2
11770,6,8
11771,8,0
11778,11,8
11780,8,8
11786,8,4
11798,10,0
11799,10,0
11804,12,2
11805,8,8
11807,9,4
11808,10,8
11811,10,8
11813,10,2
11814,10,2
11815,7,3
11827,5,8
11837,7,3
11842,7,0
11850,6,8
11853,8,2
11858,6,2
11861,10,4
11872,12,8
11881,8,2
11889,6,4
11890,8,4
11917,1,2
11923,10,0
11928,12,3
11931,10,0
11940,10,0
11944,12,2
11949,12,8
11954,10,8
11956,10,0
11962,12,8
11966,11,4
11973,8,8
11980,8,2
11992,12,9
11994,8,8
11995,11,8
11996,10,0
11999,8,8
12003,10,3
12009,3,0
12012,12,2
12019,12,8
12020,10,1
12021,11,3
12024,8,1
12030,10,0
12034,6,2
12047,12,0
12053,8,2
12092,8,12
12095,12,12
12115,6,3
12121,9,3
12127,8,8
12133,12,0
12137,4,0
12138,12,2
12147,11,0
12156,10,1
12162,8,1
12166,1,1
12171,7,4
12176,12,8
12187,8,2
12196,12,4
12202,12,2
12204,12,0
12209,12,0
12213,12,4
12222,8,0
12223,12,3
12228,8,0
12237,10,0
12238,10,0
12240,8,9
12244,3,2
12257,6,0
12267,12,2
12270,4,5
12277,1,4
12285,7,0
12287,10,8
12288,7,2
12299,12,0
12321,12,0
12322,12,0
12323,8,8
12325,12,8
12330,12,3
12333,6,9
12348,10,9
12358,12,8
12361,12,2
12366,12,0
12373,5,0
12374,12,2
12376,11,1
12389,4,8
12391,9,0
12393,6,8
12400,11,8
12416,7,0
12422,8,2
12423,12,2
12429,11,8
12445,4,4
12446,10,2
12451,12,9
12452,6,8
12453,8,8
12455,12,2
12463,12,0
12468,10,8
12469,12,4
12470,10,4
12486,12,4
12488,4,4
12493,12,12
12502,12,4
12508,8,8
12510,8,5
12514,3,5
12519,8,8
12521,10,1
12528,8,8
12533,5,2
12538,2,8
12543,12,2
12549,8,8
12561,6,0
12573,12,5
12577,5,0
12582,11,9
12583,8,0
12589,12,0
12593,12,8
12612,10,2
12613,9,2
12614,10,2
12621,12,2
12623,6,0
12625,12,4
12636,2,4
12639,8,8
12640,8,2
12648,12,8
12650,8,11
12661,12,2
12671,10,2
12674,7,1
12675,4,3
12680,10,4
12687,5,2
12693,6,4
12697,12,0
12700,8,8
12706,10,2
12709,8,2
12710,10,2
12715,12,9
12725,9,8
12727,2,2
12730,10,0
12731,10,2
12735,8,2
12741,12,8
12752,10,2
12760,12,3
12761,10,2
12764,10,2
12767,8,4
12772,12,2
12774,12,2
12775,12,0
12777,12,10
12782,12,0
12784,8,2
12789,11,4
12795,12,2
12797,10,4
12801,5,0
12803,12,2
12804,8,3
12819,8,8
12823,12,2
12825,11,8
12827,12,0
12829,11,8
12834,7,2
12837,10,2
12839,12,0
12840,10,8
12841,12,8
12842,8,1
12846,12,4
12858,8,9
12865,8,8
12875,12,8
12878,7,9
12879,12,2
12885,2,8
12888,7,12
12893,10,8
12894,2,9
12905,12,9
12931,10,8
12932,6,4
12937,10,11
12946,10,2
12950,6,8
12951,12,8
12953,4,9
12954,10,8
12962,10,2
12965,12,2
12975,7,4
12976,10,9
12990,10,2
12992,12,2
12996,12,8
12999,8,0
13005,12,4
13008,12,8
13012,10,4
13016,10,4
13020,10,5
13023,4,4
13025,6,2
13028,7,3
13029,12,2
13035,12,8
13040,12,2
13043,2,2
13049,8,8
13050,10,0
13074,12,1
13077,12,9
13078,12,2
13083,12,9
13085,10,12
13108,6,8
13110,8,0
13117,12,5
13118,12,2
13121,5,0
13122,8,8
13124,12,1
13126,8,0
13127,12,4
13128,8,0
13132,12,8
13135,11,2
13136,7,2
13147,8,8
13151,12,2
13155,9,2
13158,3,8
13160,12,2
13161,8,9
13165,10,8
13168,12,2
13172,10,0
13173,8,0
13176,12,4
13177,10,0
13182,10,2
13183,12,4
13186,6,0
13187,10,4
13189,12,5
13199,1,2
13200,12,2
13202,12,2
13208,8,0
13209,10,2
13211,9,2
13215,12,0
13217,12,2
13218,11,8
13223,6,3
13224,10,8
13238,6,1
13244,8,8
13254,8,2
13261,11,0
13265,9,1
13267,6,8
13270,7,0
13273,12,5
13274,12,10
13277,10,2
13280,12,8
13286,10,2
13288,12,2
13291,11,2
13302,12,0
13305,12,2
13307,10,2
13309,10,8
13311,10,12
13312,12,10
13313,10,0
13329,0,8
13336,11,1
13343,12,9
13344,10,8
13349,12,2
13368,10,4
13369,12,0
13372,12,8
13376,10,0
13384,10,0
13391,12,0
13397,6,2
13399,12,2
13400,12,2
13401,12,0
13402,7,2
13405,10,3
13409,5,0
13416,7,8
13417,5,1
13418,10,2
13419,8,0
13428,8,0
13429,7,0
13432,12,8
13438,12,0
13447,10,0
13448,8,8
13457,10,4
13459,4,8
13465,10,2
13473,12,4
13475,9,4
13480,11,4
13485,8,2
13487,11,1
13488,7,4
13492,12,8
13494,2,8
13496,10,4
13504,10,2
13507,8,2
13510,11,2
13511,12,3
13512,7,2
13513,8,2
13515,12,9
13516,12,2
13518,8,8
13532,8,2
13533,3,2
13536,3,3
13538,12,1
13540,10,0
13543,10,2
13557,8,4
13566,9,2
13595,12,8
13604,2,8
13609,5,2
13621,9,8
13632,10,4
13635,12,0
13645,10,4
13648,11,2
13655,12,2
13660,10,0
13661,10,0
13665,8,2
13668,10,5
13669,10,2
13671,10,8
13673,7,2
13681,10,4
13688,12,0
13691,5,8
13698,12,3
13714,8,0
13716,8,0
13725,12,0
13730,8,8
13733,10,4
13734,10,8
13739,8,2
13744,3,2
13750,2,12
13751,8,4
13754,12,0
13755,12,0
13762,12,0
13765,12,1
13768,11,10
13803,10,8
13810,4,0
13811,8,8
13814,12,2
13815,12,2
13816,11,1
13822,8,8
13830,4,8
13832,12,4
13840,12,8
13847,10,8
13848,5,2
13857,12,5
13864,8,0
13870,11,2
13877,12,2
13880,12,2
13883,8,2
13888,10,0
13892,3,0
13894,10,4
13896,12,0
13897,12,2
13898,12,8
13900,10,1
13901,6,2
13902,12,8
13904,7,8
13905,5,2
13907,5,2
13908,8,9
13912,8,8
13924,12,8
13933,7,2
13935,8,0
13941,12,2
13942,2,5
13943,10,8
13945,4,3
13948,12,12
13951,12,9
13952,11,12
13957,12,8
13960,11,0
13964,8,8
13965,8,8
13975,12,4
13985,8,0
13989,8,0
13998,8,8
14002,11,3
14007,10,0
14009,12,2
14010,8,0
14016,12,2
14019,5,8
14024,9,2
14027,8,1
14034,8,8
14048,12,9
14057,5,0
14058,3,4
14063,10,8
14066,12,0
14073,12,8
14081,10,2
14098,8,12
14111,4,4
14113,0,9
14123,4,2
14127,12,2
14130,12,4
14137,10,2
14138,8,2
14141,12,4
14149,12,0
14150,8,3
14154,10,1
14171,12,0
14173,10,0
14175,10,8
14176,4,4
14192,7,1
14193,12,0
14199,10,2
14200,8,1
14203,8,5
14205,1,3
14210,2,4
14211,2,8
14215,12,12
14217,7,1
14223,8,8
14229,12,2
14232,12,8
14233,8,2
14239,8,8
14253,10,4
14254,12,2
14266,12,4
14278,12,2
14284,12,8
14289,8,8
14292,11,2
14293,8,8
14302,8,2
14303,10,10
14307,10,4
14308,8,8
14322,10,8
14323,10,7
14326,10,3
14335,6,2
14340,10,8
14344,7,8
14349,8,2
14350,10,0
14353,6,2
14368,10,2
14375,2,2
14380,2,2
14383,8,8
14386,3,0
14391,10,2
14393,10,2
14396,12,2
14407,12,0
14413,12,9
14420,5,8
14421,10,8
14424,7,0
14429,8,0
14434,10,8
14444,12,0
14449,11,4
14452,8,2
14453,12,4
14457,6,0
14460,5,4
14465,10,8
14478,10,8
14479,11,2
14481,12,0
14482,12,0
14486,8,2
14491,10,0
14492,12,8
14494,12,8
14507,10,2
14510,12,8
14516,6,0
14520,12,8
14521,10,4
14523,3,4
14525,11,4
14531,10,4
14560,5,0
14568,5,0
14573,10,3
14579,10,2
14582,6,9
14588,10,3
14590,8,8
14591,8,2
14595,6,2
14599,8,5
14601,8,3
14606,10,2
14609,8,8
14615,12,8
14617,10,2
14619,8,12
14620,8,8
14622,6,4
14626,10,5
14628,7,2
14633,10,8
14635,10,2
14644,8,8
14652,8,0
14654,10,2
14655,10,8
14658,10,4
14660,8,8
14669,6,2
14672,11,0
14673,8,2
14676,10,8
14686,12,1
14700,8,1
14702,10,3
14706,10,8
14707,8,2
14713,7,5
14714,10,2
14715,4,4
14717,2,8
14719,6,2
14725,10,0
14727,2,2
14741,10,5
14755,12,2
14756,10,0
14777,3,0
14780,12,0
14783,10,8
14785,10,2
14793,10,2
14798,6,4
14802,3,3
14805,10,8
14806,10,2
14808,12,2
14809,10,8
14824,8,2
14837,12,0
14838,8,2
14839,10,8
14842,12,2
14843,12,0
14844,10,3
14857,8,10
14862,10,8
14873,10,8
14883,11,2
14884,12,5
14885,10,0
14894,6,2
14895,11,4
14897,12,8
14898,12,0
14899,10,0
14905,10,0
14907,12,2
14908,12,5
14912,12,0
14916,5,2
14924,11,9
14925,8,1
14926,10,4
14932,10,2
14934,6,4
14951,12,0
14954,12,3
14955,12,2
14956,8,4
14957,11,4
14958,12,0
14959,8,2
14961,12,1
14967,10,9
14968,10,8
14976,10,4
14977,10,0
14979,7,2
14991,8,2
14992,10,8
14994,12,8
14995,2,9
14999,8,4
15001,11,0
15003,10,2
15007,6,2
15009,12,9
15011,6,12
15014,12,8
15027,12,3
15035,11,8
15041,2,0
15044,8,8
15058,6,2
15062,8,0
15070,12,2
15072,4,4
15076,12,0
15086,8,8
15087,8,2
15088,8,8
15095,5,5
15100,8,2
15102,6,0
15103,10,0
15112,11,8
15115,12,4
15116,8,8
15117,8,9
15119,5,0
15125,12,8
15129,8,1
15133,8,0
15138,12,8
15139,11,0
15141,12,4
15146,12,0
15147,9,1
15152,12,0
15158,5,4
15159,6,8
15161,10,2
15166,12,2
15168,12,10
15173,12,4
15177,10,0
15182,12,3
15183,6,8
15186,8,0
15189,4,8
15194,10,9
15197,10,1
15199,9,8
15201,8,8
15203,6,2
15204,12,1
15205,1,0
15212,8,8
15214,12,2
15224,10,8
15225,8,8
15230,10,10
15233,10,12
15242,10,1
15248,12,9
15250,7,4
15253,10,4
15256,4,8
15260,12,0
15268,10,0
15270,12,0
15274,12,8
15277,12,2
15293,10,1
15297,10,8
15307,7,8
15312,12,8
15318,8,8
15321,8,2
15323,12,8
15333,8,9
15344,8,0
15345,4,0
15347,10,4
15357,8,4
15362,12,4
15370,11,9
15372,7,4
15380,10,2
15386,11,9
15388,10,0
15391,7,0
15394,5,4
15395,9,8
15396,10,2
15401,8,0
15411,10,2
15412,10,0
15414,2,8
15418,10,0
15421,10,0
15422,8,2
15427,5,0
15437,10,2
15438,10,5
15444,11,0
15446,12,4
15449,10,8
15457,12,0
15462,10,2
15466,2,0
15469,10,8
15470,12,4
15472,12,8
15478,10,0
15483,3,0
15489,5,2
15498,4,2
15499,10,0
15510,8,10
15511,8,0
15516,2,12
15525,12,1
15526,5,9
15535,8,2
15540,12,0
15542,11,8
15543,12,3
15545,12,2
15546,6,4
15554,6,0
15559,8,0
15560,10,0
15563,8,8
15566,12,0
15579,12,8
15583,8,8
15585,8,1
15589,1,3
15591,12,4
15596,10,2
15616,8,8
15620,12,4
15624,11,3
15628,10,8
15630,10,2
15634,10,8
15638,12,2
15642,8,9
15650,2,8
15652,10,9
15655,6,0
15657,3,3
15659,12,3
15662,10,2
15663,12,1
15669,10,0
15675,12,2
15677,9,2
15680,10,8
15682,7,8
15683,3,2
15687,8,2
15696,3,3
15700,12,7
15702,12,2
15704,10,8
15706,12,4
15707,6,9
15710,10,2
15712,12,0
15717,12,0
15718,12,12
15728,8,8
15735,10,2
15738,12,8
15741,5,0
15742,5,4
15766,6,8
15769,10,0
15771,12,4
15775,8,8
15789,10,0
15790,8,2
15794,10,8
15795,8,8
15800,12,0
15803,6,8
15805,8,9
15816,7,0
15819,10,4
15820,4,0
15822,2,9
15835,10,0
15837,7,4
15842,6,8
15844,7,0
15845,12,8
15859,10,2
15861,8,4
15863,12,2
15866,12,2
15869,10,2
15876,12,2
15877,12,2
15880,8,6
15894,12,0
15896,1,8
15898,10,2
15900,12,0
15904,9,8
15910,8,4
15923,5,0
15930,10,8
15936,10,3
15957,10,1
15970,5,4
15972,12,9
15974,8,8
15975,12,4
15978,12,0
15981,9,4
15984,10,3
15988,8,3
15989,8,8
15996,12,2
15998,11,2
16001,6,8
16015,6,9
16024,10,0
16028,9,8
16030,12,0
16031,10,0
16032,8,2
16039,3,0
16046,12,12
16054,12,4
16056,12,5
16064,12,0
16069,12,0
16072,12,9
16076,8,8
16080,7,2
16083,10,0
16086,10,2
16088,11,0
16091,11,3
16094,12,12
16097,8,8
16098,12,8
16099,12,2
16101,10,2
16105,5,0
16112,6,3
16115,8,8
16121,4,1
16127,6,4
16131,10,0
16148,6,8
16149,6,2
16154,12,1
16155,10,4
16157,9,4
16158,11,8
16165,8,8
16167,10,8
16171,12,2
16175,6,0
16176,8,8
16182,12,0
16186,8,3
16187,6,0
16188,12,0
16193,10,2
16194,5,3
16202,6,2
16205,10,2
16206,10,2
16208,11,1
16212,12,2
16219,12,2
16220,10,1
16221,10,2
16222,10,1
16226,6,2
16229,5,2
16230,7,0
16234,10,9
16235,12,0
16236,12,8
16240,10,2
16244,10,0
16247,12,0
16251,2,8
16254,8,0
16258,8,0
16260,2,2
16261,10,0
16262,10,2
16263,4,0
16272,10,4
16285,3,0
16286,10,0
16292,7,5
16298,10,0
16305,12,2
16306,9,0
16307,7,8
16315,12,0
16321,8,8
16323,6,8
16325,12,8
16327,5,0
16330,12,3
16331,12,5
16335,12,2
16336,6,0
16338,8,1
16346,6,8
16352,8,2
16357,1,4
16358,4,4
16359,10,0
16377,10,0
16382,10,4
16390,8,2
16393,11,1
16394,11,2
16396,10,0
16404,8,1
16414,8,0
16423,6,4
16428,10,8
16431,10,2
16433,10,2
16434,12,8
16437,7,8
16439,12,4
16440,5,8
16442,6,2
16450,12,2
16461,12,2
16463,8,2
16465,10,8
16476,12,8
16477,12,0
16481,12,2
16484,10,2
16487,10,9
16488,12,0
16490,8,2
16492,7,9
16494,12,8
16497,12,8
16503,8,8
16508,12,4
16512,5,4
16524,10,1
16530,12,8
16531,6,2
16535,10,1
16547,10,8
16550,12,3
16556,10,8
16560,12,2
16563,5,2
16564,8,0
16568,6,1
16569,8,3
16576,11,12
16584,12,8
16587,5,8
16589,11,1
16592,12,4
16606,12,4
16608,12,0
16624,12,2
16626,12,3
16628,10,3
16630,11,0
16633,10,8
16634,8,8
16639,12,0
16644,11,4
16646,12,5
16658,8,0
16664,12,8
16668,4,2
16669,8,8
16674,5,0
16677,10,2
16680,11,2
16682,12,6
16685,10,8
16686,8,2
16687,7,2
16695,8,2
16699,8,12
16702,10,0
16707,12,0
16715,4,9
16722,8,2
16723,12,2
16735,4,4
16738,10,2
16741,3,4
16742,12,0
16746,11,2
16748,12,12
16755,12,8
16756,8,8
16765,6,8
16773,4,4
16775,11,3
16783,12,8
16785,12,3
16790,10,4
16791,11,1
16800,10,8
16803,12,0
16810,12,2
16817,3,8
16824,8,8
16844,10,0
16851,6,9
16858,12,12
16865,7,0
16870,8,8
16884,8,0
16885,9,8
16886,12,0
16894,9,4
16896,12,3
16913,2,8
16922,12,2
16924,2,8
16933,12,5
16934,5,0
16935,8,8
16936,12,0
16938,2,2
16949,12,4
16960,5,2
16967,12,8
16971,12,0
16979,11,2
16980,1,0
16985,8,0
16986,8,8
16996,12,8
16997,12,8
17003,12,8
17004,6,2
17012,12,0
17014,6,8
17015,10,4
17017,7,2
17025,11,8
17030,10,4
17037,8,8
17041,8,4
17052,12,4
17054,8,2
17057,12,8
17059,8,2
17061,10,0
17066,8,0
17071,12,10
17074,4,8
17081,12,0
17085,11,0
17105,8,3
17108,12,2
17109,8,8
17113,10,2
17131,10,12
17137,10,2
17139,11,0
17140,10,0
17146,8,8
17159,10,2
17167,12,8
17168,12,0
17169,12,2
17182,6,2
17194,8,8
17204,10,2
17205,2,8
17208,10,2
17210,12,2
17212,8,8
17214,8,0
17216,10,9
17227,10,8
17236,7,1
17237,12,1
17239,10,2
17243,10,5
17244,0,8
17254,12,8
17272,2,2
17273,12,8
17276,11,12
17280,10,4
17281,9,9
17283,10,0
17291,10,2
17312,8,4
17342,10,1
17348,8,9
17351,7,0
17354,5,2
17356,7,0
17361,12,4
17365,12,1
17367,7,8
17379,10,2
17381,10,12
17389,4,8
17390,10,9
17394,12,0
17395,5,0
17397,12,4
17400,8,8
17405,8,8
17412,12,2
17415,2,4
17423,12,5
17429,8,8
17432,12,1
17454,6,0
17458,8,8
17461,5,0
17464,12,8
17471,10,8
17473,12,0
17488,10,3
17494,12,2
17501,9,0
17502,5,2
17507,6,9
17511,8,2
17513,12,0
17517,8,8
17527,12,0
17532,12,8
17541,7,4
17547,8,8
17550,12,0
17556,8,3
17560,3,0
17575,7,9
17578,2,8
17586,8,8
17598,11,0
17601,12,2
17618,10,0
17623,11,8
17632,5,10
17640,8,1
17641,6,8
17643,7,0
17651,8,8
17657,3,2
17662,8,8
17664,4,2
17674,10,8
17689,12,1
17693,4,1
17694,6,3
17700,12,5
17707,3,0
17708,12,2
17710,12,0
17711,12,8
17713,10,2
17718,8,3
17721,8,4
17724,12,2
17728,12,4
17729,10,4
17737,11,2
17744,12,2
17753,12,1
17755,11,2
17756,7,0
17758,6,8
17766,5,0
17768,8,4
17769,10,4
17776,12,9
17779,9,0
17785,12,8
17791,10,0
17801,12,2
17804,12,1
17805,8,12
17806,12,9
17811,10,9
17819,1,8
17820,12,4
17824,12,2
17829,8,4
17833,5,2
17835,2,2
17842,10,0
17843,10,12
17851,12,0
17861,12,8
17862,12,1
17873,12,4
17875,8,2
17877,10,0
17883,12,2
17889,11,8
17897,12,0
17906,12,8
17907,5,0
17909,6,4
17910,10,8
17919,10,4
17926,3,2
17932,8,8
17934,11,4
17936,12,9
17949,5,8
17950,12,2
17976,10,2
17988,11,4
17991,10,0
17998,10,4
18011,10,8
18015,2,2
18019,5,2
18020,12,4
18024,10,0
18025,12,0
18028,8,2
18036,2,1
18042,10,0
18048,10,8
18056,11,8
18061,12,2
18069,2,8
18080,12,8
18089,10,0
18098,8,0
18102,2,2
18103,6,1
18107,10,0
18109,8,8
18110,10,8
18113,8,2
18114,12,2
18119,7,0
18125,12,3
18126,10,2
18130,7,4
18132,8,1
18134,10,2
18137,10,4
18139,12,2
18141,12,9
18143,10,4
18146,12,2
18159,8,8
18165,11,2
18167,12,8
18170,8,4
18181,10,0
18188,5,0
18196,8,8
18199,10,2
18210,11,4
18217,8,12
18220,11,4
18225,12,2
18227,10,0
18228,12,8
18233,6,0
18237,8,2
18255,12,8
18261,11,2
18265,12,0
18271,10,1
18277,12,4
18297,8,0
18305,9,8
18308,7,2
18314,10,8
18317,8,2
18325,8,0
18326,12,0
18331,7,2
18333,12,8
18336,5,8
18339,5,4
18340,8,8
18341,7,4
18343,5,12
18354,2,2
18358,8,8
18361,12,4
18363,5,2
18368,12,2
18369,10,9
18383,12,8
18391,12,2
18398,9,5
18401,12,8
18404,12,0
18408,6,2
18409,12,8
18410,10,12
18412,11,4
18415,10,4
18417,4,4
18418,12,4
18424,8,2
18426,8,8
18431,4,0
18433,10,2
18440,4,1
18462,10,8
18466,12,8
18473,12,8
18482,8,2
18484,4,8
18503,12,2
18505,8,1
18511,12,9
18518,12,2
18530,8,1
18531,8,8
18540,12,4
18542,10,8
18544,12,8
18545,12,12
18549,12,2
18550,10,0
18559,12,9
18562,10,8
18567,12,3
18573,8,8
18577,6,1
18580,9,4
18585,12,0
18597,12,2
18599,8,8
18607,10,0
18612,12,8
18616,10,2
18619,8,8
18625,6,2
18665,8,8
18670,12,8
18671,6,8
18673,5,0
18676,11,2
18686,10,2
18689,4,0
18695,6,8
18696,12,8
18697,12,0
18701,10,8
18702,10,0
18708,8,8
18717,10,1
18720,12,9
18737,12,0
18762,5,5
18763,10,2
18764,9,2
18769,12,2
18776,7,9
18782,6,4
18792,8,12
18802,10,8
18808,8,4
18813,12,8
18818,10,4
18823,5,1
18830,12,2
18832,12,0
18840,12,4
18852,0,8
18855,10,4
18857,10,3
18859,8,8
18877,12,4
18882,8,5
18883,8,6
18885,12,0
18886,10,4
18889,12,0
18890,8,8
18893,10,0
18894,6,9
18895,12,2
18900,12,1
18902,10,8
18917,8,9
18919,10,12
18922,7,2
18924,4,0
18929,12,1
18931,10,2
18933,10,2
18939,12,0
18943,12,8
18947,12,2
18954,6,8
18956,8,8
18958,10,0
18960,10,2
18962,10,0
18969,12,4
18974,12,8
18985,12,8
18986,10,4
18991,8,2
18995,12,12
18997,7,0
19003,10,0
19013,8,8
19020,8,8
19024,11,0
19026,10,8
19027,8,2
19036,10,8
19047,2,8
19054,11,2
19056,12,0
19059,9,8
19080,5,5
19103,8,8
19117,8,4
19120,8,9
19124,12,8
19139,6,4
19141,12,8
19143,12,9
19150,10,4
19159,8,0
19165,10,8
19167,12,2
19170,6,2
19180,10,8
19186,8,4
19188,1,0
19199,5,8
19202,12,4
19210,11,0
19217,6,8
19222,8,8
19227,5,0
19228,6,9
19229,8,2
19239,8,5
19240,9,2
19246,8,8
19267,12,8
19268,12,2
19269,12,4
19281,12,9
19283,12,0
19284,10,2
19287,8,1
19289,8,8
19290,12,8
19295,8,8
19306,5,0
19308,10,0
19313,12,4
19323,5,2
19329,12,8
19330,8,8
19331,12,0
19333,10,2
19337,12,8
19338,5,0
19347,12,8
19349,8,2
19353,8,2
19354,4,9
19357,7,8
19363,12,0
19365,8,2
19371,12,0
19377,12,8
19387,12,8
19390,8,8
19400,10,5
19403,8,8
19406,5,2
19412,4,2
19413,12,2
19415,6,8
19419,10,8
19422,8,8
19425,12,8
19426,10,0
19433,10,2
19441,12,3
19447,4,2
19448,10,2
19450,12,1
19455,12,0
19490,12,1
19493,8,2
19500,2,2
19511,12,0
19515,12,0
19519,8,12
19526,5,9
19527,12,4
19535,7,1
19537,12,8
19546,10,0
19555,12,4
19559,12,2
19561,8,9
19562,12,8
19566,10,0
19568,8,5
19569,8,8
19572,12,4
19574,10,0
19575,2,2
19588,10,2
19589,12,0
19594,5,2
19600,12,8
19612,11,9
19618,8,8
19621,5,9
19622,12,8
19640,10,8
19644,12,8
19648,2,5
19649,8,2
19652,10,9
19661,11,0
19664,12,2
19666,12,12
19667,12,2
19674,12,4
19678,12,3
19679,11,0
19682,12,0
19689,8,2
19690,12,0
19692,6,2
19694,12,0
19700,10,4
19702,12,8
19703,11,8
19704,6,0
19709,10,8
19717,4,0
19722,10,2
19726,12,4
19730,10,1
19731,10,0
19734,8,3
19740,8,2
19743,12,2
19751,12,2
19759,8,8
19768,11,9
19771,6,12
19775,2,2
19791,2,8
19798,12,2
19801,12,8
19802,8,8
19805,12,2
19807,8,5
19815,12,2
19816,11,4
19822,6,8
19823,8,4
19824,7,1
19827,8,8
19835,12,9
19841,8,2
19843,12,8
19844,12,8
19845,12,2
19846,5,3
19851,6,0
19852,8,0
19858,12,0
19870,12,0
19872,12,2
19873,12,8
19876,11,0
19882,1,4
19886,12,2
19888,6,8
19894,12,3
19900,8,8
19908,10,9
19911,10,9
19914,12,8
19915,6,0
19923,10,8
19938,5,0
19940,10,0
19943,12,0
19952,9,0
19956,10,2
19959,12,2
19964,10,8
19965,12,0
19966,12,8
19969,12,9
19973,12,2
19976,8,0
19984,12,8
19988,8,0
19994,10,1
20017,5,8
20019,8,8
20022,5,2
20034,5,8
20037,8,9
20044,9,8
20055,5,2
20057,9,0
20064,10,4
20078,8,8
20086,11,4
20097,12,8
20099,6,0
20100,6,0
20103,6,0
20116,8,8
20144,5,0
20146,11,4
20147,5,0
20151,5,2
20156,12,8
20159,12,4
20161,8,8
20170,8,0
20173,8,2
20182,5,2
20190,5,8
20192,4,8
20193,5,0
20197,8,8
20206,5,4
20214,5,5
20215,12,4
20218,8,2
20223,6,0
20252,9,5
20263,12,2
20264,8,2
20270,12,4
20274,8,0
20280,7,0
20288,12,0
20296,9,2
20300,8,2
20311,4,0
20313,4,4
20317,5,0
20322,2,8
20332,7,2
20333,7,8
20340,12,9
20342,9,2
20352,8,0
20360,5,4
20364,12,0
20375,11,3
20401,12,0
20404,7,0
20413,8,3
20419,7,2
20425,3,1
20430,8,4
20431,7,2
20432,7,8
20433,8,0
20443,11,8
20450,12,1
20455,7,2
20462,12,0
20463,5,8
20469,12,1
20476,5,2
20491,12,2
20492,8,2
20496,8,2
20501,4,0
20506,8,0
20510,7,4
20518,8,8
20519,8,8
20520,8,4
20522,9,0
20535,4,8
20539,4,8
20556,12,2
20559,8,2
20567,8,8
20578,12,4
20584,8,8
20591,4,4
20594,8,0
20596,8,8
20604,3,4
20610,7,0
20614,4,8
20615,12,0
20617,8,8
20626,8,8
20627,5,4
20640,12,1
20646,8,3
20648,8,0
20653,10,1
20655,12,8
20659,4,11
20668,10,3
20674,8,12
20675,10,8
20679,9,8
20682,11,2
20687,5,2
20688,8,8
20711,5,8
20722,7,8
20740,5,0
20751,7,1
20753,5,4
20770,10,2
20786,5,8
20797,7,9
20799,5,2
20802,5,2
20807,7,2
20812,8,8
20819,5,0
20828,11,4
20837,12,4
20842,8,8
20845,8,4
20849,4,1
20850,2,4
20851,5,8
20852,10,0
20866,7,2
20873,12,4
20874,5,1
20881,8,8
20884,7,6
20887,8,4
20888,1,4
20889,5,4
20890,4,4
20893,12,4
20896,8,8
20900,2,9
20903,11,8
20910,11,9
20912,9,0
20913,11,8
20918,8,0
20922,8,8
20941,4,0
20948,5,8
20958,7,2
20965,5,9
20966,8,8
20968,8,8
20976,4,8
20982,5,4
20985,7,0
20995,8,5
21000,12,8
21006,8,0
21016,9,5
21019,7,2
21028,8,8
21031,5,2
21046,10,8
21047,8,8
21048,5,0
21054,4,2
21060,8,1
21073,5,8
21080,8,8
21086,11,8
21088,9,8
21094,8,9
21108,12,8
21109,9,0
21110,11,8
21115,8,8
21123,7,8
21124,2,10
21128,10,1
21131,8,8
21139,8,2
21163,5,8
21166,4,4
21175,7,4
21179,10,0
21181,5,8
21185,8,8
21188,8,4
21194,12,9
21196,8,8
21197,5,0
21199,12,0
21210,12,0
21213,9,0
21214,8,8
21220,11,9
21240,9,12
21242,8,8
21248,8,8
21249,12,4
21250,8,9
21267,4,2
21275,8,8
21282,12,8
21292,9,0
21298,9,8
21303,5,2
21310,5,2
21318,8,0
21341,7,5
21344,8,8
21347,8,2
21356,5,1
21357,8,8
21362,9,4
21364,9,0
21369,8,2
21376,8,4
21378,8,8
21379,8,0
21382,7,5
21384,2,3
21397,5,8
21404,5,8
21406,8,2
21410,8,8
21416,8,2
21418,5,0
21423,8,2
21433,7,4
21435,9,2
21439,8,8
21446,4,2
21450,8,10
21452,7,2
21458,5,4
21462,5,8
21463,11,8
21468,12,4
21469,12,2
21474,7,0
21480,5,8
21484,10,0
21501,5,0
21505,5,0
21514,12,8
21520,8,9
21521,12,0
21532,8,1
21535,8,8
21543,8,0
21547,7,4
21552,8,4
21555,8,4
21556,5,1
21558,7,8
21571,8,4
21579,5,8
21582,5,10
21590,8,2
21593,7,8
21597,5,8
21602,8,3
21618,8,0
21619,5,8
21620,9,0
21625,10,8
21632,7,2
21636,8,4
21647,8,8
21649,5,8
21651,9,1
21656,5,4
21659,5,0
21661,5,8
21674,5,8
21680,8,8
21695,11,8
21697,8,8
21704,11,2
21706,5,8
21714,5,8
21716,8,8
21725,8,8
21745,4,8
21748,8,8
21750,5,8
21761,8,4
21783,5,4
21784,8,2
21788,8,8
21802,12,3
21804,9,8
21810,8,3
21814,5,0
21824,7,4
21834,8,1
21835,8,0
21847,7,2
21848,8,0
21856,12,0
21857,8,8
21859,4,4
21862,5,8
21865,4,2
21870,2,2
21877,4,2
21881,5,2
21885,8,8
21891,3,2
21893,7,1
21900,9,12
21915,5,8
21924,3,0
21931,5,0
21933,11,2
21934,8,8
21935,4,8
21943,8,2
21946,8,5
21948,12,8
21950,8,9
21953,8,8
21961,12,3
21965,8,1
21966,8,2
21973,6,0
21975,4,12
21982,8,0
21986,8,0
21988,5,9
21991,8,5
21992,7,3
22004,11,2
22007,8,8
22008,5,12
22010,7,6
22016,8,2
22024,12,1
22032,7,5
22035,5,8
22036,9,0
22044,8,3
22045,8,0
22050,5,0
22053,8,2
22063,5,3
22067,4,4
22069,7,1
22074,8,4
22076,8,0
22078,5,4
22084,8,1
22087,11,0
22092,5,8
22093,3,2
22107,6,4
22120,5,2
22123,8,4
22126,9,3
22128,10,8
22140,11,0
22142,5,2
22145,8,1
22163,7,2
22169,9,4
22175,0,2
22176,12,8
22186,11,9
22188,5,8
22190,4,0
22191,5,12
22195,0,0
22196,12,4
22201,8,0
22211,7,0
22214,8,8
22222,7,8
22223,5,0
22226,3,5
22227,5,0
22235,8,0
22240,12,0
22245,4,3
22247,8,0
22251,4,3
22261,8,2
22263,12,4
22267,5,5
22271,11,4
22274,8,2
22286,7,2
22288,8,2
22292,4,2
22298,5,2
22301,7,2
22312,9,8
22317,12,8
22332,12,9
22333,8,0
22342,5,0
22344,4,8
22356,11,2
22357,7,8
22366,4,0
22371,5,0
22372,7,1
22381,7,1
22390,8,2
22396,7,2
22403,4,2
22406,8,8
22407,12,2
22412,2,2
22417,5,2
22431,9,0
22435,8,8
22438,2,0
22458,5,2
22467,12,0
22471,5,0
22489,8,8
22501,8,9
22506,8,8
22512,8,4
22517,11,0
22525,8,8
22528,12,2
22534,4,2
22536,8,2
22538,8,0
22546,8,10
22548,5,8
22559,4,8
22562,12,4
22565,4,0
22571,7,4
22574,8,2
22577,8,2
22583,8,4
22590,7,8
22594,4,9
22600,8,0
22606,8,2
22609,4,8
22620,12,0
22621,11,1
22624,10,1
22630,12,0
22634,11,8
22636,7,1
22639,5,8
22641,8,8
22642,8,2
22644,3,0
22648,5,0
22649,5,0
22651,11,8
22655,4,9
22658,5,0
22668,8,8
22674,8,2
22676,7,8
22679,5,2
22688,5,0
22692,8,8
22694,8,8
22695,7,4
22698,8,2
22699,11,2
22704,10,3
22711,12,0
22712,5,1
22714,5,2
22717,12,4
22721,8,8
22722,7,2
22724,9,1
22725,10,12
22727,5,4
22735,4,2
22736,8,8
22742,7,0
22749,8,8
22750,7,4
22751,12,8
22756,10,0
22758,8,3
22759,7,12
22766,5,2
22767,5,2
22775,8,8
22776,4,0
22787,8,0
22793,11,0
22807,9,0
22810,7,1
22812,5,1
22813,9,2
22815,8,12
22817,7,4
22831,5,2
22832,5,0
22833,5,4
22835,8,0
22838,2,4
22840,8,0
22841,7,8
22850,12,0
22851,5,4
22865,5,9
22869,5,2
22871,4,9
22873,12,9
22875,11,0
22881,8,8
22882,8,8
22883,12,0
22887,12,4
22889,12,0
22892,7,9
22893,8,8
22904,5,8
22909,5,1
22914,5,8
22918,8,8
22919,12,0
22922,12,4
22924,8,0
22941,6,0
22942,10,0
22946,9,0
22950,3,9
22958,7,2
22959,5,2
22966,7,1
22971,5,2
22976,3,8
22977,12,0
22984,2,8
22989,5,9
23015,11,4
23020,8,8
23021,8,2
23022,8,8
23023,9,4
23025,5,8
23030,7,0
23042,5,8
23056,5,8
23063,2,12
23065,2,0
23069,8,8
23072,11,4
23073,10,0
23076,2,2
23086,8,7
23093,5,0
23095,5,0
23101,9,3
23108,9,8
23109,9,4
23112,9,8
23124,8,0
23127,5,2
23143,8,8
23150,8,8
23152,7,0
23153,5,4
23161,8,8
23162,8,1
23163,2,2
23166,4,2
23171,12,4
23172,5,4
23181,4,10
23184,2,8
23187,7,0
23205,8,8
23208,5,5
23211,8,8
23217,5,0
23218,8,1
23219,8,9
23220,7,7
23224,9,4
23227,3,8
23229,9,3
23233,7,0
23234,7,5
23235,12,2
23247,12,8
23257,5,8
23260,6,0
23264,7,8
23265,8,8
23272,12,5
23273,9,0
23277,8,8
23283,10,1
23291,12,2
23293,7,0
23295,8,2
23301,5,8
23303,8,9
23304,8,8
23305,12,1
23312,7,4
23316,8,8
23318,8,10
23321,5,2
23325,12,8
23328,8,8
23329,7,0
23330,5,2
23337,12,4
23338,4,0
23339,4,8
23340,5,4
23341,11,8
23343,5,2
23351,8,8
23353,8,2
23357,12,0
23374,11,8
23378,12,2
23380,5,8
23381,11,4
23384,8,2
23393,8,5
23394,4,9
23399,8,4
23401,11,2
23407,4,8
23408,10,8
23410,5,8
23411,3,1
23419,4,10
23423,5,0
23437,8,8
23451,7,2
23461,9,0
23464,9,8
23467,12,0
23470,8,0
23471,5,0
23480,8,8
23486,7,9
23488,8,8
23489,7,4
23509,6,2
23511,11,2
23515,7,8
23519,5,0
23522,8,8
23541,8,12
23542,7,4
23554,5,2
23556,12,8
23563,8,8
23569,7,2
23575,4,8
23577,5,1
23582,8,10
23584,12,4
23593,12,2
23599,12,3
23600,7,1
23610,12,4
23611,10,3
23634,7,8
23642,12,8
23646,8,0
23647,12,3
23648,5,2
23666,8,0
23673,4,2
23675,7,8
23676,5,8
23685,12,0
23697,4,8
23707,5,1
23713,3,4
23714,6,8
23715,5,2
23724,8,0
23725,7,0
23734,8,2
23737,8,8
23741,5,2
23742,7,0
23747,5,8
23751,7,0
23754,8,8
23755,12,8
23760,5,0
23767,2,8
23768,8,4
23769,7,2
23779,2,2
23781,5,0
23782,5,2
23783,5,0
23802,11,1
23803,8,1
23808,5,8
23810,10,0
23835,9,4
23852,5,2
23861,8,2
23864,5,4
23872,8,8
23874,8,0
23875,7,0
23877,8,4
23882,12,2
23890,4,0
23892,5,4
23907,12,8
23910,5,4
23912,9,0
23919,12,3
23921,12,5
23923,8,1
23924,8,2
23926,11,1
23935,7,8
23936,8,8
23938,7,4
23944,5,8
23946,8,2
23947,8,2
23948,11,4
23949,5,8
23959,5,0
23966,12,4
23968,5,9
23969,5,2
23973,6,0
23982,9,1
23983,9,1
23995,7,1
23996,11,1
23999,7,4
24002,11,4
24008,10,8
24013,8,2
24014,10,12
24018,7,8
24020,12,4
24022,4,0
24026,12,0
24031,8,8
24036,11,8
24044,7,2
24052,4,9
24061,8,8
24063,8,2
24068,9,1
24082,4,8
24090,4,2
24091,8,2
24100,7,2
24102,8,8
24108,11,8
24118,2,8
24121,7,4
24124,7,1
24137,7,0
24140,8,0
24141,12,2
24151,8,8
24154,5,9
24159,4,8
24162,5,8
24168,12,8
24170,8,8
24174,3,0
24176,12,1
24177,5,8
24179,11,0
24189,7,8
24193,8,0
24210,8,8
24213,5,2
24230,8,4
24236,9,3
24238,3,8
24245,9,0
24246,7,8
24247,10,0
24252,12,5
24254,5,2
24255,12,2
24259,12,8
24260,7,8
24272,11,4
24276,7,1
24277,5,0
24278,3,8
24308,8,8
24314,5,3
24321,8,1
24327,9,8
24330,3,0
24333,5,2
24335,8,0
24344,8,8
24345,9,2
24347,12,2
24349,10,0
24358,11,2
24366,5,4
24369,8,0
24374,4,0
24375,5,5
24378,12,1
24384,2,0
24387,12,2
24392,5,8
24395,7,2
24396,12,0
24397,8,0
24401,3,8
24404,5,8
24408,12,0
24413,12,0
24414,5,4
24418,5,6
24421,5,2
24426,9,2
24432,7,8
24433,3,2
24439,8,2
24442,8,5
24453,8,0
24456,7,9
24460,12,2
24461,7,8
24474,5,0
24488,8,0
24492,11,8
24496,7,2
24499,8,8
24510,5,8
24517,7,1
24524,8,10
24530,12,9
24539,12,2
24545,12,9
24549,7,8
24550,5,8
24562,7,0
24572,7,2
24573,6,4
24582,5,0
24587,8,8
24589,12,0
24594,8,8
24595,8,5
24597,12,0
24600,7,4
24602,8,0
24604,5,2
24609,4,0
24622,9,8
24625,8,2
24627,5,2
24639,5,10
24651,8,9
24654,5,0
24661,8,2
24668,7,0
24672,10,9
24682,0,2
24691,11,4
24692,5,8
24693,12,0
24701,10,9
24704,5,6
24707,8,0
24711,5,0
24726,5,0
24735,8,0
24747,8,2
24758,8,8
24760,12,4
24766,5,9
24768,5,2
24769,5,0
24771,12,4
24773,8,8
24774,10,5
24783,12,4
24785,8,4
24786,8,2
24788,4,4
24789,9,5
24794,12,8
24795,8,2
24801,12,2
24811,7,4
24822,5,9
24825,12,8
24827,5,0
24831,5,4
24839,4,0
24840,5,0
24843,8,0
24845,5,2
24847,5,1
24848,8,1
24855,5,4
24856,8,8
24857,5,0
24859,5,0
24860,12,3
24862,5,2
24873,4,4
24874,4,2
24877,4,2
24879,12,7
24882,8,8
24885,8,2
24898,7,0
24900,4,4
24906,5,0
24911,5,7
24913,5,9
24915,8,1
24928,7,3
24933,12,8
24936,8,2
24940,8,8
24945,10,0
24951,9,8
24952,3,0
24959,8,8
24960,7,2
24965,8,8
24966,2,2
24976,8,0
24981,8,2
24989,7,8
24993,8,2
25002,5,0
25005,8,2
25010,5,1
25013,8,0
25023,9,8
25026,7,2
25027,7,8
25030,12,2
25034,7,1
25045,8,8
25051,8,0
25055,8,8
25061,5,2
25064,8,8
25072,11,4
25073,10,1
25074,2,8
25082,3,8
25096,9,2
25100,6,2
25106,2,8
25108,5,0
25115,5,8
25121,8,8
25123,5,3
25124,7,8
25127,11,8
25128,7,8
25132,12,9
25133,9,4
25135,9,1
25136,5,8
25138,7,0
25149,10,2
25161,5,2
25164,8,2
25177,9,4
25180,12,2
25181,9,4
25182,5,4
25183,5,0
25189,12,1
25193,11,3
25195,7,2
25196,2,12
25213,5,0
25218,8,0
25225,5,8
25229,8,8
25230,5,3
25231,5,5
25237,7,2
25239,5,8
25249,4,2
25253,7,0
25256,7,2
25260,5,8
25263,11,1
25265,7,0
25266,8,2
25269,8,0
25271,7,8
25276,3,0
25278,7,2
25286,8,8
25287,3,1
25294,5,0
25296,12,4
25298,5,2
25301,10,2
25304,5,2
25307,12,4
25309,7,2
25311,8,0
25315,11,0
25316,9,0
25318,8,2
25324,4,1
25330,8,2
25332,5,2
25334,10,2
25337,3,8
25339,7,9
25340,10,8
25341,12,1
25342,8,1
25353,5,2
25358,8,8
25360,5,8
25364,8,2
25370,7,4
25373,8,0
25375,2,8
25379,8,8
25388,8,9
25410,12,3
25414,5,0
25415,7,0
25417,8,8
25418,8,2
25422,5,0
25426,10,5
25456,8,9
25457,8,3
25463,12,0
25467,12,8
25468,12,8
25474,8,0
25476,8,8
25479,4,2
25481,12,0
25482,8,8
25484,12,12
25488,12,10
25490,8,2
25497,6,0
25500,8,8
25505,9,2
25514,7,1
25527,9,9
25531,5,8
25532,8,0
25534,5,8
25538,4,5
25539,5,1
25543,5,12
25544,8,4
25545,7,2
25564,10,8
25572,8,2
25577,8,8
25582,10,0
25583,5,1
25585,8,2
25612,2,8
25613,8,8
25619,2,0
25623,7,2
25626,7,0
25632,8,12
25633,8,12
25634,7,0
25644,2,12
25646,12,4
25649,8,2
25651,7,3
25655,12,7
25656,8,8
25662,5,2
25669,8,8
25677,8,12
25683,8,4
25692,5,2
25694,9,0
25697,5,2
25698,4,2
25702,9,8
25710,5,8
25722,9,8
25735,5,4
25743,5,0
25744,5,0
25747,8,8
25749,8,7
25750,7,2
25751,8,8
25759,8,2
25767,11,8
25773,8,0
25777,7,8
25780,7,1
25785,8,8
25787,9,8
25790,7,8
25794,3,8
25800,12,8
25803,3,0
25811,11,8
25818,5,4
25821,10,0
25822,3,8
25829,3,8
25835,12,4
25836,9,5
25847,5,4
25852,11,0
25857,8,10
25867,7,0
25868,4,4
25869,8,2
25872,12,6
25887,2,2
25888,4,0
25896,8,5
25902,8,0
25903,8,1
25906,9,4
25907,11,4
25915,5,12
25919,7,8
25926,5,2
25934,5,2
25935,5,5
25936,6,8
25947,7,0
25949,10,4
25950,9,0
25956,5,2
25957,5,2
25959,9,0
25965,5,2
25967,5,0
25970,12,0
25973,9,1
25974,10,9
25976,12,0
25981,5,4
25986,10,8
25989,5,8
25994,12,8
25995,12,8
25999,7,9
26001,11,4
26008,4,0
26009,5,5
26020,12,11
26032,11,2
26035,10,2
26040,8,8
26042,5,9
26050,5,8
26058,7,9
26060,5,8
26069,11,9
26070,8,4
26072,11,2
26076,5,0
26077,5,0
26078,11,8
26080,12,1
26086,5,1
26089,8,2
26090,5,5
26106,8,3
26107,4,4
26112,2,4
26115,7,0
26117,7,1
26119,7,8
26129,11,5
26131,8,8
26137,4,4
26144,12,8
26151,9,0
26152,8,8
26156,12,2
26161,4,9
26162,8,8
26165,8,4
26167,5,8
26168,4,5
26169,8,4
26172,8,8
26174,8,8
26188,7,3
26194,7,4
26197,7,5
26200,8,8
26203,3,0
26206,6,0
26208,11,3
26210,5,2
26214,12,8
26218,7,1
26226,12,12
26230,7,5
26233,12,2
26241,4,1
26244,7,0
26245,3,2
26248,8,0
26254,10,8
26271,8,8
26276,10,0
26291,11,8
26292,12,9
26294,12,0
26307,8,8
26315,10,2
26319,5,8
26322,8,8
26323,5,8
26329,5,2
26334,5,0
26343,10,0
26345,7,2
26352,5,4
26355,10,8
26356,7,2
26361,12,1
26362,5,8
26363,3,0
26365,8,2
26373,5,0
26374,12,0
26381,8,1
26395,5,0
26396,4,8
26397,5,5
26400,10,5
26406,5,0
26409,10,8
26413,12,0
26426,7,4
26438,7,5
26439,8,8
26440,8,3
26449,8,8
26457,5,3
26459,9,0
26463,12,8
26466,8,2
26471,11,8
26473,5,4
26476,7,1
26477,7,9
26478,5,2
26481,8,0
26482,6,0
26492,3,8
26505,12,8
26506,7,8
26508,11,1
26512,8,8
26513,5,5
26523,5,2
26529,7,4
26536,8,8
26537,7,2
26539,8,0
26540,12,8
26542,9,2
26546,8,0
26555,5,8
26569,8,8
26587,8,4
26592,4,12
26596,11,5
26598,5,8
26613,8,8
26616,7,8
26623,7,4
26627,5,8
26632,12,1
26637,8,3
26640,7,8
26642,9,8
26653,12,8
26654,8,2
26655,8,0
26657,8,8
26671,3,0
26675,5,8
26676,6,8
26682,5,8
26684,4,2
26686,7,4
26687,5,3
26697,8,9
26701,5,0
26714,7,9
26719,12,8
26720,11,2
26722,9,8
26723,12,4
26738,8,8
26739,5,8
26743,8,8
26747,12,9
26765,10,8
26769,5,0
26773,4,4
26776,7,8
26778,12,0
26787,8,8
26790,8,4
26794,5,0
26795,5,2
26812,5,2
26824,8,8
26829,7,8
26838,7,8
26846,8,0
26854,5,8
26859,12,0
26864,4,4
26869,11,4
26879,5,0
26897,5,9
26900,5,4
26901,8,0
26902,5,2
26911,12,2
26925,12,9
26932,11,5
26937,8,8
26939,8,9
26941,5,2
26946,4,12
26951,8,0
26953,8,3
26955,2,8
26962,8,0
26964,8,8
26970,9,0
26973,8,2
26975,5,4
26978,5,4
26994,8,3
26995,9,2
26999,12,0
27002,12,0
27004,5,0
27010,12,8
27013,12,4
27014,5,0
27015,7,8
27016,11,9
27017,8,8
27020,3,2
27021,4,4
27027,12,7
27036,7,0
27037,9,2
27041,11,1
27049,8,2
27053,11,8
27066,5,8
27067,11,1
27082,5,9
27086,5,0
27088,2,2
27099,4,2
27101,11,0
27106,5,2
27108,12,0
27112,7,1
27113,8,8
27119,5,8
27123,7,12
27129,10,1
27130,10,2
27131,8,2
27134,10,0
27135,12,0
27137,4,4
27144,2,8
27154,9,3
27160,12,1
27165,7,2
27175,0,4
27177,2,2
27180,6,0
27181,3,0
27183,3,2
27195,8,8
27204,8,0
27207,8,0
27222,5,0
27229,7,9
27235,4,2
27244,12,5
27250,7,9
27254,8,1
27255,2,8
27258,9,8
27269,11,2
27278,7,5
27279,8,8
27280,5,2
27282,7,2
27283,8,0
27290,8,2
27291,11,1
27296,9,0
27301,12,0
27307,12,8
27309,7,8
27311,5,0
27313,7,8
27315,12,2
27323,8,8
27327,9,2
27329,8,2
27333,12,0
27337,2,2
27340,5,2
27342,5,0
27344,5,2
27349,7,2
27356,9,8
27357,8,1
27359,5,9
27361,4,8
27366,8,8
27369,8,9
27384,7,0
27387,8,8
27397,9,4
27398,7,0
27399,4,4
27400,8,4
27404,8,8
27408,7,8
27413,9,0
27419,7,8
27455,8,8
27457,12,0
27460,3,4
27466,9,1
27469,5,2
27472,12,4
27474,8,0
27498,3,0
27510,5,8
27512,9,8
27513,2,0
27521,8,1
27522,12,3
27526,3,8
27531,5,8
27534,3,2
27545,11,12
27560,9,2
27572,5,0
27582,5,3
27585,7,5
27588,5,8
27592,2,4
27593,5,2
27595,8,2
27620,12,0
27642,5,9
27646,5,8
27655,2,0
27659,9,8
27660,8,8
27667,4,5
27669,12,8
27682,5,2
27684,8,0
27689,8,1
27690,3,8
27694,5,0
27700,9,2
27704,8,2
27706,8,8
27723,8,2
27724,8,8
27725,4,0
27738,7,0
27743,12,5
27744,8,12
27748,7,9
27751,12,9
27752,8,0
27757,8,2
27759,7,2
27773,4,0
27777,8,8
27790,8,8
27800,7,4
27810,8,8
27816,7,0
27818,4,8
27830,7,8
27843,7,4
27845,8,4
27850,4,1
27865,5,9
27874,9,8
27876,7,5
27877,11,4
27880,12,2
27884,5,8
27887,8,0
27889,5,4
27893,7,8
27895,8,4
27897,2,8
27900,4,3
27922,7,8
27933,9,8
27936,9,2
27942,5,4
27944,8,2
27949,8,0
27962,10,4
27967,5,0
27970,12,2
27974,8,9
27976,12,0
27979,8,1
27987,5,1
27990,8,8
27992,8,8
27999,7,2
28002,4,0
28004,12,0
28010,8,8
28013,8,0
28019,3,4
28022,12,4
28024,8,0
28029,4,3
28030,5,2
28040,8,4
28050,8,0
28057,5,8
28058,5,7
28064,10,2
28067,4,11
28074,12,4
28080,4,5
28085,7,2
28091,4,1
28093,5,8
28105,4,0
28107,8,0
28134,5,0
28135,8,4
28139,10,0
28144,5,8
28147,5,1
28149,8,0
28153,5,9
28154,6,4
28160,7,8
28164,5,0
28167,8,12
28172,12,0
28175,7,8
28176,5,4
28198,12,9
28203,7,8
28214,7,8
28217,9,4
28220,5,0
28223,8,2
28228,12,2
28229,5,2
28235,4,2
28236,5,2
28238,11,0
28241,4,8
28246,8,8
28251,7,3
28253,8,8
28258,3,4
28259,7,8
28285,12,4
28293,4,2
28295,5,0
28299,7,0
28317,11,4
28319,8,8
28322,8,4
28323,8,2
28328,8,2
28335,8,2
28336,7,8
28345,8,8
28358,7,9
28366,12,2
28376,12,2
28384,9,3
28385,12,8
28386,12,4
28389,8,3
28394,9,0
28408,10,4
28410,12,2
28411,12,0
28413,10,0
28416,3,2
28420,12,2
28424,9,8
28431,9,2
28433,12,8
28438,5,3
28442,7,2
28452,8,1
28459,5,2
28463,11,2
28485,8,8
28490,5,3
28495,4,4
28503,8,4
28504,8,8
28512,11,8
28514,7,0
28516,8,0
28521,10,8
28529,5,5
28533,5,8
28536,5,2
28539,11,0
28546,6,3
28551,12,1
28558,5,8
28561,8,8
28563,7,4
28565,10,2
28567,7,0
28571,11,8
28576,12,2
28583,5,8
28592,8,12
28595,5,0
28597,5,12
28603,5,4
28610,3,2
28613,12,4
28616,8,7
28621,7,2
28640,8,3
28643,7,0
28645,5,0
28651,4,4
28658,8,5
28674,5,4
28675,6,3
28676,5,1
28679,8,1
28680,6,4
28683,5,0
28684,7,0
28685,10,0
28689,9,2
28695,10,0
28705,5,8
28707,8,1
28708,7,2
28718,12,2
28720,8,0
28721,8,8
28730,1,8
28737,7,8
28738,10,5
28739,8,8
28751,5,0
28755,5,2
28771,12,2
28775,5,2
28776,8,0
28777,12,9
28778,10,11
28782,12,8
28783,8,2
28784,12,8
28790,8,12
28794,12,1
28799,11,9
28801,8,8
28803,11,9
28808,8,8
28813,5,5
28818,5,4
28819,7,8
28829,8,8
28839,9,2
28842,10,2
28846,12,2
28849,5,2
28851,7,5
28852,5,2
28858,12,2
28861,5,0
28864,8,8
28867,7,4
28875,8,8
28879,11,2
28882,8,4
28888,12,4
28891,5,3
28896,11,2
28900,9,2
28908,8,2
28911,5,2
28919,6,8
28921,5,0
28924,8,0
28930,10,4
28950,9,8
28951,11,0
28956,11,2
28957,5,3
28964,5,0
28973,8,12
28975,4,8
28976,5,8
28983,11,2
28988,5,11
28993,5,5
28994,9,2
28997,7,8
28999,7,0
29006,8,8
29008,12,3
29009,12,9
29023,12,8
29029,4,8
29042,4,8
29043,9,5
29044,9,0
29046,5,0
29051,8,1
29059,10,0
29077,7,8
29084,8,1
29087,5,2
29093,9,4
29104,5,8
29107,5,8
29120,7,12
29121,4,8
29123,10,3
29130,8,8
29133,9,1
29135,8,8
29137,5,8
29147,8,8
29152,12,8
29172,12,0
29175,5,2
29177,4,1
29181,12,0
29217,9,2
29225,7,8
29232,11,4
29234,7,8
29242,7,8
29248,7,4
29262,5,8
29267,8,0
29269,7,3
29273,5,0
29276,5,8
29277,7,4
29280,5,0
29281,12,0
29283,7,2
29289,4,8
29291,8,2
29294,8,0
29298,5,8
29302,12,9
29303,8,0
29304,8,9
29308,12,8
29309,7,0
29317,8,1
29318,12,4
29322,6,2
29331,7,2
29338,8,3
29339,7,10
29344,9,0
29349,7,8
29350,9,0
29353,5,0
29366,5,8
29369,10,0
29379,7,5
29390,5,8
29405,12,8
29423,12,8
29429,11,3
29434,12,2
29444,7,2
29453,8,8
29461,5,8
29463,12,0
29466,12,8
29468,12,2
29473,5,8
29474,5,2
29483,8,8
29489,12,0
29496,7,8
29501,7,8
29505,9,3
29514,5,8
29520,7,2
29521,8,2
29522,5,2
29524,8,2
29531,8,2
29540,4,3
29545,7,2
29550,11,8
29553,4,4
29556,12,2
29560,8,0
29562,5,2
29574,11,0
29579,8,2
29581,9,8
29589,9,4
29593,5,2
29596,9,8
29599,5,8
29600,8,2
29603,7,8
29610,5,8
29618,5,2
29619,11,4
29620,11,8
29625,5,0
29627,5,4
29645,12,8
29648,8,8
29653,8,8
29655,8,2
29659,8,8
29662,8,2
29664,12,1
29669,12,4
29670,8,8
29687,5,8
29689,7,2
29690,6,2
29697,2,2
29704,8,8
29716,10,3
29720,9,4
29725,12,0
29744,12,3
29749,5,2
29754,5,2
29760,8,8
29761,12,3
29762,5,0
29772,7,8
29775,8,8
29782,5,2
29783,8,12
29784,2,12
29785,12,2
29786,3,2
29789,4,2
29792,7,8
29793,7,2
29795,9,0
29815,9,3
29817,7,0
29837,5,8
29847,8,8
29852,11,0
29853,8,8
29855,5,0
29856,8,4
29859,2,4
29862,8,2
29865,5,2
29866,12,0
29877,5,2
29879,7,2
29880,8,8
29885,7,0
29886,12,3
29887,5,8
29888,8,1
29890,12,2
29896,8,8
29900,11,4
29923,7,8
29930,12,9
29931,8,8
29934,7,12
29949,5,3
29954,4,1
29959,5,1
29960,5,4
29961,5,2
29965,5,2
29971,2,8
29974,7,0
29975,12,8
29976,5,2
29978,4,2
29983,12,2
29995,4,2
29997,10,8
29999,4,5
