1,2,1
8,12,1
15,11,1
16,10,1
17,7,1
22,4,1
23,8,1
28,12,1
30,12,1
33,8,1
35,8,1
42,4,1
52,12,1
63,10,1
65,10,1
67,12,1
72,12,4
76,8,1
80,12,1
81,10,1
84,12,1
85,10,1
91,8,1
94,8,1
95,7,1
96,10,1
98,10,1
103,8,1
110,10,1
120,10,1
121,8,1
128,10,1
130,12,0
131,8,1
134,8,1
135,8,1
137,10,1
144,12,1
145,8,1
150,8,1
152,7,1
153,12,1
158,12,1
160,12,1
170,8,1
174,10,1
180,4,1
197,6,1
200,12,1
206,8,1
207,6,1
210,6,1
212,10,1
219,8,1
225,8,1
233,8,1
239,2,1
243,10,1
246,10,1
248,12,1
255,10,1
257,6,1
260,11,1
266,8,1
268,10,1
273,2,1
282,10,1
292,10,1
304,8,7
311,8,1
312,8,1
318,12,1
330,12,1
332,10,1
334,6,1
345,10,1
351,6,1
353,8,1
356,8,1
357,12,1
368,10,1
369,6,6
371,10,1
373,10,1
378,12,1
379,8,1
387,10,1
396,5,1
407,9,1
448,11,1
449,12,1
450,8,1
451,8,1
460,10,1
468,8,1
480,8,1
483,12,1
488,6,1
490,8,1
491,8,1
494,10,7
508,8,1
524,10,1
529,12,1
536,8,1
542,10,1
543,11,1
551,8,1
556,8,1
562,8,1
570,12,1
580,10,1
583,10,1
589,5,1
590,12,1
596,10,1
597,6,1
606,11,1
608,10,1
610,10,1
617,8,1
620,7,1
621,12,1
628,8,1
632,9,1
638,10,1
640,8,1
643,8,1
645,12,1
647,11,1
657,10,1
658,10,1
662,8,1
669,10,1
670,12,9
672,10,1
673,12,1
675,8,1
676,12,1
677,10,1
685,12,1
687,4,1
693,10,1
699,5,1
700,10,1
704,12,1
709,10,1
737,8,1
742,8,1
744,12,1
745,8,1
746,8,1
748,10,1
749,8,1
753,10,1
756,12,1
764,6,1
768,10,1
769,10,1
775,12,1
777,6,1
778,3,1
780,6,1
781,8,1
783,8,1
788,8,1
800,2,1
804,5,1
813,10,1
817,8,1
828,12,1
836,6,1
839,10,1
840,12,1
841,12,4
843,6,1
845,12,1
847,12,1
859,2,1
860,8,1
864,7,1
865,10,1
869,11,1
877,11,1
884,11,1
886,11,1
887,12,1
889,12,1
892,12,1
896,10,1
902,10,9
909,4,1
910,6,1
912,8,1
919,10,1
922,10,1
923,8,1
933,5,1
934,6,1
935,12,1
936,12,7
948,8,1
951,12,1
954,10,1
957,12,1
958,1,1
959,8,1
965,12,1
970,10,1
972,11,1
980,12,1
985,5,1
988,10,1
993,12,1
995,10,1
997,4,1
1002,8,1
1007,8,1
1012,5,1
1014,8,1
1015,8,1
1022,10,1
1035,11,1
1040,12,1
1048,10,1
1051,12,1
1060,11,1
1062,8,1
1063,6,1
1064,7,1
1068,10,1
1073,12,1
1082,12,1
1095,2,1
1101,10,1
1123,12,1
1134,10,1
1140,12,1
1141,8,1
1148,12,1
1149,8,1
1157,7,1
1163,6,1
1167,8,1
1169,4,1
1181,8,1
1192,8,1
1193,12,1
1196,12,1
1215,8,1
1216,12,1
1219,8,1
1233,12,1
1245,12,1
1259,8,1
1264,10,1
1273,10,4
1281,8,1
1282,6,1
1286,12,1
1288,12,1
1289,10,1
1292,3,1
1303,11,1
1309,6,1
1313,12,1
1317,7,1
1322,3,1
1326,10,1
1327,6,1
1328,10,1
1329,10,1
1333,6,1
1334,10,1
1335,12,1
1336,12,1
1339,10,1
1341,12,1
1347,11,1
1348,10,4
1349,9,1
1351,8,1
1358,7,1
1364,8,1
1365,10,1
1368,9,1
1374,10,1
1378,0,1
1383,10,1
1389,12,1
1395,10,1
1402,8,1
1407,10,1
1408,8,1
1412,12,1
1413,7,9
1427,11,1
1431,5,1
1435,8,1
1439,10,1
1440,12,1
1447,7,1
1450,10,1
1452,12,1
1461,5,1
1464,12,1
1465,8,1
1469,11,1
1472,12,1
1473,8,1
1476,10,1
1482,12,1
1483,10,1
1484,6,1
1489,12,1
1492,4,1
1495,5,1
1496,5,1
1512,10,1
1513,12,1
1525,12,1
1527,5,1
1533,8,1
1535,12,1
1539,8,1
1551,10,1
1555,8,1
1557,12,1
1570,12,1
1578,6,1
1582,6,1
1587,6,1
1604,11,1
1607,11,1
1616,12,1
1617,10,1
1646,12,1
1653,8,1
1658,8,1
1660,8,1
1669,8,1
1672,10,1
1675,10,1
1676,12,1
1682,10,1
1683,10,1
1687,12,2
1693,10,1
1698,10,1
1699,12,0
1709,8,1
1713,6,0
1715,2,1
1721,12,1
1723,12,1
1725,12,1
1726,10,1
1728,12,1
1731,8,1
1732,10,1
1736,5,1
1737,12,1
1738,4,1
1742,12,1
1744,12,1
1749,10,1
1750,12,1
1755,12,1
1762,8,1
1766,8,1
1768,10,1
1776,7,1
1777,11,1
1779,10,1
1781,10,1
1782,7,1
1784,8,4
1786,6,1
1788,12,1
1795,8,1
1801,10,1
1805,6,1
1806,12,1
1812,8,1
1814,6,1
1823,12,1
1828,12,1
1830,12,1
1831,8,1
1832,12,1
1834,8,1
1835,12,1
1842,10,1
1843,2,1
1844,11,1
1856,10,1
1861,8,1
1862,8,1
1864,2,1
1869,10,1
1873,8,1
1877,8,1
1883,5,1
1887,9,1
1902,10,1
1904,11,1
1911,12,1
1915,12,1
1921,10,1
1923,11,1
1925,12,1
1926,10,1
1932,12,1
1934,12,1
1935,8,1
1948,8,1
1951,7,1
1953,11,1
1959,6,1
1960,8,1
1961,6,1
1976,7,1
1996,2,1
2002,12,1
2003,11,1
2005,12,1
2008,10,1
2013,10,1
2016,5,1
2020,12,1
2024,12,1
2026,8,1
2031,12,1
2033,12,1
2038,6,1
2045,10,1
2046,10,1
2050,10,1
2064,10,1
2065,7,1
2072,12,1
2074,12,1
2077,8,1
2081,8,1
2088,5,1
2102,10,1
2106,12,9
2115,10,1
2117,4,1
2118,12,1
2122,5,1
2123,12,1
2125,10,1
2129,10,1
2141,12,1
2143,11,1
2144,12,1
2145,6,1
2148,10,1
2149,8,1
2152,10,1
2155,7,1
2156,12,1
2158,8,1
2159,10,1
2160,5,1
2165,9,1
2173,10,1
2179,8,1
2184,12,1
2188,12,1
2190,10,1
2201,12,1
2202,11,1
2211,10,1
2212,10,1
2227,6,1
2228,11,1
2231,12,1
2237,10,1
2246,12,1
2248,8,1
2250,2,1
2257,12,1
2262,11,1
2272,10,7
2276,12,1
2277,12,1
2283,10,1
2288,12,9
2290,10,1
2292,12,1
2302,12,1
2313,4,1
2325,12,1
2327,12,1
2330,12,1
2334,12,1
2341,12,1
2343,10,1
2365,8,1
2376,8,1
2384,10,1
2385,12,1
2389,8,1
2401,12,1
2403,8,1
2407,10,1
2413,8,1
2415,12,1
2417,8,1
2418,12,1
2419,11,1
2421,8,1
2429,12,1
2443,10,1
2445,10,1
2448,10,1
2449,6,1
2452,8,1
2472,7,1
2475,5,1
2476,8,1
2477,10,1
2478,10,1
2485,12,1
2501,12,1
2507,12,1
2511,11,1
2514,10,1
2517,12,1
2524,7,1
2525,12,1
2528,10,1
2536,8,1
2542,11,1
2543,8,1
2551,10,1
2553,12,1
2554,12,1
2557,10,1
2561,10,1
2565,10,1
2568,8,1
2573,12,1
2574,5,1
2582,8,1
2585,9,1
2594,10,1
2599,12,1
2602,12,1
2605,6,1
2607,11,1
2615,12,1
2633,10,1
2649,12,1
2656,5,1
2657,9,1
2659,6,1
2665,0,1
2671,12,1
2677,5,1
2684,8,1
2690,12,1
2691,12,1
2694,8,1
2700,8,1
2708,10,1
2722,10,1
2725,12,1
2727,3,1
2728,10,1
2731,8,1
2737,10,1
2741,12,1
2744,8,1
2756,12,1
2770,12,1
2774,7,1
2775,8,1
2779,8,1
2785,12,1
2786,10,1
2793,10,1
2801,10,1
2810,11,1
2815,10,1
2818,8,1
2819,8,1
2825,12,1
2827,12,1
2834,12,1
2850,10,1
2853,4,1
2858,8,1
2866,9,1
2877,5,1
2878,12,1
2879,8,1
2882,8,1
2887,8,1
2890,12,1
2893,12,1
2895,12,1
2904,10,1
2910,10,1
2919,8,1
2920,4,3
2922,10,1
2924,8,1
2925,8,1
2926,10,1
2939,8,1
2940,12,1
2951,12,1
2953,12,1
2956,6,1
2963,5,1
2978,12,1
2982,6,1
2987,5,1
3000,8,1
3003,11,1
3006,12,1
3009,12,1
3013,5,1
3015,12,1
3016,11,1
3036,8,1
3042,5,1
3049,10,1
3050,6,1
3053,10,1
3061,12,1
3066,12,1
3075,10,1
3077,11,1
3083,11,1
3086,7,1
3087,8,1
3090,10,1
3091,12,1
3092,12,1
3096,11,1
3097,12,1
3098,12,1
3099,12,1
3102,12,1
3108,10,1
3111,10,1
3113,10,1
3114,12,1
3115,12,1
3116,7,1
3118,8,1
3127,8,1
3129,3,1
3130,12,1
3134,5,1
3135,10,1
3140,10,1
3145,11,1
3150,8,1
3151,12,1
3156,12,1
3158,12,1
3159,10,1
3169,1,1
3174,12,1
3179,12,1
3191,12,1
3192,7,1
3196,12,1
3200,8,1
3204,11,1
3211,12,1
3214,8,1
3223,10,1
3226,5,1
3227,12,1
3231,10,1
3232,10,1
3235,10,1
3245,11,1
3249,8,1
3257,8,7
3261,3,1
3263,10,1
3266,11,1
3268,10,1
3271,9,1
3274,4,1
3291,6,1
3299,10,1
3303,12,1
3308,10,9
3312,9,1
3321,10,1
3337,7,1
3341,12,1
3342,12,1
3356,12,1
3358,10,1
3377,10,1
3390,10,1
3410,8,1
3412,10,1
3415,10,1
3436,11,1
3439,8,1
3445,12,1
3446,11,1
3456,10,1
3459,12,1
3464,2,1
3466,12,1
3471,12,1
3480,11,1
3482,10,1
3487,8,1
3494,2,1
3503,6,1
3507,12,1
3508,5,1
3518,12,1
3525,8,1
3527,11,1
3529,10,1
3532,10,1
3533,12,1
3549,10,1
3560,4,1
3570,7,1
3571,10,1
3574,12,1
3579,12,1
3582,10,1
3590,8,1
3602,10,1
3605,5,1
3620,7,1
3622,5,1
3627,12,1
3628,12,0
3630,9,1
3635,11,1
3647,7,1
3648,10,1
3658,12,1
3665,12,0
3674,8,1
3677,12,1
3679,8,1
3691,12,1
3696,6,1
3700,8,1
3707,8,1
3709,2,1
3712,10,1
3715,8,1
3717,9,1
3722,8,1
3724,12,1
3725,10,1
3726,10,1
3734,10,1
3736,10,1
3741,1,1
3745,10,1
3748,12,9
3754,6,1
3755,11,1
3758,10,1
3775,8,1
3778,12,1
3784,8,1
3790,11,1
3796,8,0
3809,9,1
3813,12,1
3819,7,1
3828,8,1
3838,10,1
3839,10,1
3842,10,1
3844,8,1
3849,10,1
3853,12,1
3856,12,1
3860,12,1
3865,8,1
3867,10,1
3868,10,1
3873,7,1
3874,10,1
3880,12,1
3883,12,1
3905,8,1
3909,12,1
3921,12,1
3927,12,1
3928,9,1
3929,1,1
3931,11,1
3938,6,1
3940,12,1
3950,12,1
3952,5,1
3976,8,1
3982,8,1
3997,8,1
3999,4,1
4005,12,1
4006,3,1
4046,9,1
4054,12,1
4056,12,1
4057,10,1
4059,1,1
4066,8,1
4072,12,1
4077,6,1
4095,10,1
4100,2,1
4119,6,1
4139,11,1
4146,2,1
4148,12,1
4160,10,1
4182,12,1
4190,8,1
4191,9,1
4199,7,1
4203,3,1
4205,12,1
4206,10,1
4208,12,1
4212,12,1
4216,12,1
4219,7,1
4229,10,1
4232,12,1
4233,7,1
4239,8,1
4240,8,1
4246,12,1
4252,12,1
4255,12,1
4259,8,1
4261,10,1
4263,12,1
4265,4,1
4268,10,1
4269,10,1
4277,10,1
4281,12,1
4284,12,1
4295,10,1
4306,8,1
4311,10,1
4312,6,1
4314,12,1
4321,10,1
4324,5,1
4342,4,1
4345,12,1
4347,10,1
4351,12,1
4358,8,1
4376,8,1
4382,11,1
4384,8,1
4386,12,1
4388,11,1
4391,8,9
4398,10,1
4400,12,1
4404,12,1
4415,12,1
4430,12,1
4443,12,1
4449,8,1
4468,5,0
4509,10,1
4511,10,1
4521,12,1
4524,10,1
4525,12,1
4530,8,1
4532,12,1
4538,8,1
4542,4,1
4545,6,9
4555,12,1
4564,7,1
4569,6,1
4575,10,1
4584,10,1
4588,12,1
4594,12,1
4596,7,1
4614,9,2
4615,9,1
4618,10,1
4621,8,1
4622,12,1
4630,12,1
4632,5,1
4634,10,1
4635,8,1
4636,8,1
4645,10,1
4657,5,1
4663,8,1
4669,12,1
4681,8,1
4689,10,1
4700,12,1
4707,4,1
4709,10,1
4711,2,1
4719,10,1
4720,8,1
4722,6,1
4729,12,1
4732,8,1
4735,7,1
4736,10,1
4737,10,1
4746,8,1
4748,8,1
4750,10,1
4753,12,1
4759,10,1
4762,5,1
4764,12,1
4766,10,1
4767,12,1
4777,10,1
4788,12,1
4792,11,1
4804,12,1
4812,5,1
4815,5,1
4824,10,1
4832,8,1
4839,8,1
4844,10,1
4846,10,1
4855,9,1
4856,10,1
4868,8,1
4873,8,1
4877,11,1
4878,10,1
4881,10,1
4887,12,1
4897,8,1
4898,10,1
4900,10,1
4902,4,1
4903,10,1
4905,10,1
4906,10,7
4914,11,1
4915,5,1
4921,12,1
4923,12,1
4935,10,1
4941,12,1
4942,8,1
4943,3,1
4945,6,1
4946,12,1
4948,8,1
4952,6,1
4954,6,1
4955,12,1
4956,10,1
4959,10,1
4960,12,1
4966,8,1
4970,12,1
4975,10,1
4978,12,1
4983,8,1
4984,12,1
4987,8,1
4994,12,1
4996,10,1
5006,10,1
5007,12,7
5015,5,1
5018,11,1
5020,6,1
5043,7,1
5045,10,1
5051,12,1
5058,8,1
5059,8,1
5062,10,1
5064,12,1
5066,12,1
5067,12,1
5071,10,1
5072,4,1
5075,7,1
5081,6,1
5089,12,1
5091,12,1
5095,2,1
5098,4,1
5104,6,1
5107,6,1
5108,11,1
5132,6,1
5134,7,1
5137,12,1
5153,5,1
5158,10,1
5169,12,1
5170,4,1
5172,11,1
5178,12,1
5179,11,1
5196,12,1
5198,2,1
5199,12,9
5205,12,1
5210,12,1
5211,10,1
5221,12,1
5225,10,1
5226,12,1
5228,12,1
5239,8,1
5240,12,1
5245,10,1
5264,10,1
5267,8,1
5275,12,1
5278,12,1
5287,9,1
5293,8,1
5296,5,1
5314,12,1
5320,10,1
5322,10,1
5328,12,1
5330,11,1
5334,10,1
5337,8,1
5345,10,1
5349,10,1
5351,10,1
5353,8,1
5364,10,1
5371,8,1
5374,8,1
5375,10,1
5380,7,1
5393,12,1
5394,5,1
5409,12,1
5411,8,0
5413,6,1
5415,4,1
5422,3,1
5427,5,1
5431,12,1
5434,8,1
5442,12,1
5452,12,1
5473,12,1
5474,8,1
5482,7,1
5495,8,3
5497,10,1
5510,12,1
5511,2,9
5522,5,1
5529,12,1
5534,12,1
5540,5,1
5546,11,1
5547,10,1
5549,12,1
5564,12,1
5568,10,1
5569,12,1
5574,6,1
5579,12,1
5582,12,1
5586,12,1
5588,12,1
5591,12,1
5597,5,1
5600,6,1
5603,12,1
5619,10,1
5622,12,1
5623,12,1
5624,8,1
5632,8,1
5635,10,1
5641,2,1
5649,10,1
5667,8,1
5669,5,1
5674,12,1
5677,12,1
5678,12,1
5681,12,1
5689,10,1
5690,12,1
5691,10,1
5697,8,1
5698,10,1
5700,12,4
5707,11,1
5716,12,1
5727,12,1
5730,12,1
5736,8,1
5738,8,1
5739,10,1
5747,8,1
5750,12,1
5759,12,1
5761,5,1
5764,10,1
5765,8,1
5767,12,1
5771,12,1
5777,6,1
5780,12,1
5784,10,1
5786,8,1
5796,10,1
5799,12,1
5804,4,1
5805,7,1
5809,10,1
5820,8,1
5824,12,1
5828,5,7
5836,8,1
5839,9,1
5844,6,1
5845,12,1
5849,12,4
5856,8,1
5861,12,1
5864,12,1
5865,12,1
5866,12,1
5869,1,1
5870,8,1
5877,10,1
5880,6,1
5887,10,1
5893,7,1
5894,9,1
5898,7,1
5914,11,1
5916,8,1
5918,10,1
5921,11,1
5922,8,1
5923,4,1
5924,12,1
5930,10,1
5939,5,1
5942,12,1
5943,11,1
5946,10,1
5948,10,1
5951,10,1
5963,4,1
5965,6,1
5967,5,1
5968,5,1
5970,12,1
5975,9,4
5980,12,1
5982,10,1
5985,12,1
5999,8,1
6007,10,1
6009,12,1
6023,8,1
6029,8,1
6039,8,1
6043,10,1
6044,12,1
6052,9,1
6056,12,1
6070,8,1
6071,9,1
6074,8,1
6080,6,1
6085,12,1
6088,12,1
6099,8,1
6105,8,1
6107,12,1
6118,12,0
6124,12,1
6125,7,1
6129,12,1
6131,12,1
6138,6,1
6139,12,1
6142,10,1
6148,8,1
6150,12,1
6155,10,1
6162,6,1
6166,12,1
6177,10,1
6186,8,1
6190,12,1
6204,9,1
6207,12,1
6208,7,1
6209,6,1
6210,5,1
6212,12,1
6215,8,1
6221,11,1
6226,8,1
6227,6,1
6229,12,1
6230,10,1
6234,12,1
6239,8,1
6241,12,1
6244,9,1
6251,12,1
6253,8,1
6260,12,1
6262,12,1
6264,12,1
6270,8,1
6273,7,1
6274,7,1
6276,5,1
6284,12,4
6285,10,1
6286,10,1
6291,6,1
6296,11,1
6298,8,1
6303,10,1
6304,7,1
6305,6,1
6314,11,6
6318,12,1
6321,12,1
6324,12,1
6326,8,1
6330,8,1
6331,6,1
6337,7,1
6340,8,1
6347,5,1
6351,12,1
6354,8,1
6355,12,1
6357,8,1
6358,12,1
6372,12,1
6374,10,1
6378,12,1
6384,8,1
6385,12,1
6393,12,1
6399,8,1
6403,10,7
6404,12,1
6407,8,1
6421,12,1
6422,10,1
6425,8,1
6427,6,1
6436,5,1
6443,8,1
6446,10,1
6453,10,1
6455,12,1
6461,12,1
6471,6,1
6476,0,1
6482,8,1
6486,10,1
6491,5,1
6493,10,1
6507,8,1
6509,10,1
6512,11,1
6518,10,1
6522,3,1
6523,7,1
6525,2,1
6528,4,4
6533,11,1
6535,12,1
6536,2,1
6537,8,1
6540,8,1
6541,12,1
6543,2,1
6544,10,1
6545,5,1
6560,8,1
6562,10,1
6568,8,1
6569,8,1
6571,9,1
6572,5,1
6573,11,1
6578,3,1
6581,10,1
6583,12,1
6585,11,4
6586,12,1
6587,12,1
6588,12,1
6590,5,0
6595,12,1
6599,5,1
6602,7,1
6603,5,1
6604,10,1
6627,10,1
6632,12,1
6634,12,1
6639,12,1
6642,12,1
6643,8,1
6644,10,1
6656,10,1
6657,12,1
6658,10,1
6663,11,1
6666,11,1
6677,4,1
6680,12,1
6681,11,1
6690,8,1
6696,12,1
6697,3,1
6698,10,1
6704,10,1
6713,8,1
6715,8,1
6722,10,1
6735,12,1
6737,6,1
6739,8,1
6746,12,1
6747,7,1
6749,12,1
6750,6,1
6751,10,1
6752,8,1
6754,8,1
6757,12,1
6760,2,1
6762,10,1
6770,8,1
6774,10,1
6790,4,1
6792,10,1
6797,10,1
6798,12,1
6803,5,1
6809,8,1
6810,12,1
6813,6,1
6821,12,4
6824,4,1
6826,8,1
6833,7,1
6839,2,1
6856,8,1
6861,12,1
6862,12,1
6865,12,1
6867,6,1
6868,9,1
6869,1,1
6870,10,1
6874,12,1
6877,10,1
6889,10,1
6896,0,6
6912,12,1
6913,12,4
6918,10,1
6927,11,1
6932,8,1
6940,8,1
6945,8,1
6946,10,1
6948,5,1
6950,9,1
6952,8,1
6953,4,1
6957,11,1
6963,12,1
6964,8,1
6965,5,1
6971,5,1
6972,0,1
6975,11,1
6983,5,1
6992,12,1
6994,12,1
7001,8,1
7003,10,1
7027,10,1
7028,6,1
7050,10,1
7052,11,1
7056,10,1
7061,10,1
7068,11,1
7077,7,1
7088,10,1
7106,11,1
7111,5,1
7116,12,1
7121,10,1
7124,5,1
7145,8,1
7156,8,1
7162,2,1
7163,5,1
7205,10,1
7208,12,1
7210,12,1
7213,12,1
7229,8,1
7230,6,1
7231,10,1
7233,11,1
7238,10,1
7242,10,1
7245,5,1
7255,10,1
7269,10,4
7270,12,1
7279,12,1
7280,10,1
7283,4,1
7285,11,1
7301,6,1
7305,9,1
7306,2,1
7313,10,1
7324,12,1
7326,12,1
7327,12,1
7329,10,1
7330,8,1
7333,11,1
7334,8,1
7338,7,1
7339,12,1
7340,10,1
7345,8,1
7353,10,1
7368,12,1
7374,10,1
7378,12,1
7386,12,1
7388,9,1
7397,10,1
7402,10,1
7403,12,1
7405,8,1
7408,7,1
7421,12,1
7422,8,1
7424,5,1
7432,8,1
7437,5,1
7439,3,1
7440,8,1
7444,8,1
7455,10,1
7460,11,1
7468,12,1
7478,12,1
7479,7,1
7482,10,1
7485,7,1
7491,12,1
7513,12,1
7514,3,1
7520,3,1
7532,10,1
7534,12,1
7547,12,1
7550,10,1
7555,2,1
7567,11,1
7568,11,1
7576,12,1
7581,9,1
7590,4,1
7596,5,1
7597,12,1
7599,12,1
7609,10,1
7611,8,1
7614,5,1
7622,12,1
7627,12,1
7630,2,1
7640,10,1
7644,10,1
7646,8,4
7647,12,1
7649,6,1
7650,8,1
7653,10,1
7655,5,1
7656,12,1
7663,12,1
7671,4,1
7680,8,1
7682,7,9
7692,12,1
7700,12,1
7715,8,1
7726,12,1
7735,5,1
7747,12,1
7752,7,1
7762,8,1
7768,0,1
7769,8,1
7770,1,1
7772,10,1
7779,11,1
7782,12,1
7790,8,1
7791,10,1
7795,12,1
7801,6,1
7804,7,1
7813,12,1
7820,10,1
7824,5,1
7845,8,1
7853,12,1
7856,8,1
7864,12,1
7867,8,1
7868,12,1
7870,12,1
7872,8,1
7875,12,1
7882,10,1
7883,10,1
7886,12,1
7896,3,1
7897,6,1
7903,12,1
7904,12,3
7905,10,1
7906,5,1
7911,10,1
7912,12,1
7914,8,1
7925,10,1
7926,8,1
7928,8,1
7929,12,1
7930,10,1
7933,12,1
7934,6,1
7945,12,1
7950,6,1
7970,12,1
7973,11,1
7975,12,1
7981,0,1
7986,10,1
7989,12,1
7990,3,1
7994,10,1
7997,12,1
8001,10,1
8008,5,1
8023,8,1
8036,11,1
8039,10,1
8045,8,1
8047,11,1
8048,10,1
8059,12,1
8060,1,1
8061,11,1
8072,10,1
8073,10,1
8074,3,1
8079,12,1
8086,12,1
8089,12,1
8106,10,1
8121,10,1
8124,5,1
8127,8,1
8131,12,1
8133,12,1
8136,8,1
8139,4,1
8141,10,1
8148,10,1
8149,2,1
8151,10,1
8160,6,1
8162,12,1
8170,8,1
8175,6,1
8180,12,4
8182,12,1
8190,6,1
8191,10,1
8192,12,1
8196,5,1
8210,9,1
8211,8,1
8213,3,1
8220,3,7
8226,8,1
8229,6,1
8232,6,1
8233,12,1
8235,10,1
8240,10,1
8243,12,7
8247,8,1
8251,12,1
8252,0,1
8266,12,1
8269,8,1
8273,6,1
8274,11,1
8277,12,1
8287,8,1
8288,8,1
8295,8,1
8297,12,1
8299,5,1
8302,12,1
8309,11,1
8316,10,1
8317,11,1
8319,10,1
8323,10,1
8325,12,1
8328,5,1
8333,12,1
8340,12,1
8343,12,1
8345,12,1
8356,11,1
8359,12,1
8377,10,1
8382,9,1
8384,4,1
8388,10,1
8389,12,1
8397,10,0
8410,12,1
8417,12,1
8419,12,1
8426,10,1
8429,3,1
8437,10,1
8441,8,1
8446,8,1
8449,12,1
8452,8,1
8462,12,1
8468,12,1
8469,10,1
8470,8,1
8480,10,1
8485,5,2
8487,7,1
8488,5,9
8489,11,1
8497,12,1
8508,8,1
8516,9,1
8518,10,1
8522,12,1
8535,12,1
8551,8,1
8553,9,1
8554,12,1
8556,12,1
8557,9,1
8562,2,0
8565,12,1
8567,10,1
8570,12,1
8580,1,1
8584,12,1
8586,6,1
8588,10,1
8591,12,1
8599,12,1
8601,10,1
8603,12,1
8624,10,1
8625,8,1
8635,10,1
8636,12,1
8637,2,1
8639,8,1
8640,12,1
8641,5,1
8644,10,1
8649,8,1
8653,5,1
8655,10,1
8665,10,1
8666,10,1
8669,11,1
8673,10,1
8675,10,1
8676,10,1
8679,10,1
8683,8,1
8685,12,1
8698,11,1
8705,10,1
8709,10,1
8720,8,1
8722,8,1
8727,7,4
8728,7,1
8733,10,1
8734,6,1
8739,12,1
8742,12,1
8745,10,1
8746,8,1
8747,8,1
8753,10,1
8758,9,1
8767,12,1
8768,10,1
8772,11,1
8773,3,1
8778,10,1
8784,12,1
8792,12,1
8824,8,1
8828,1,1
8833,12,1
8840,12,1
8843,10,1
8861,10,1
8866,6,1
8870,12,1
8875,12,1
8879,12,1
8887,9,1
8900,5,1
8912,12,1
8913,12,1
8917,10,1
8918,12,1
8919,4,1
8924,12,1
8925,8,1
8930,12,1
8932,11,1
8938,12,1
8939,10,1
8948,9,1
8949,10,1
8959,12,1
8969,5,1
8971,6,1
8976,8,1
8980,10,1
8981,10,1
8982,12,1
8990,12,1
9000,11,1
9001,12,1
9004,8,1
9005,8,1
9006,12,1
9015,5,1
9018,10,1
9032,8,1
9033,10,1
9037,12,1
9038,1,1
9050,10,1
9052,12,1
9057,8,1
9059,11,1
9063,8,1
9067,8,1
9070,8,1
9072,5,1
9078,8,1
9082,6,1
9091,12,1
9092,12,1
9098,12,1
9102,12,1
9112,9,1
9114,10,1
9115,10,1
9124,12,1
9126,12,1
9127,12,1
9128,12,1
9130,11,1
9139,4,1
9140,8,1
9143,11,1
9144,10,1
9154,12,1
9155,8,1
9159,12,1
9160,5,1
9170,8,7
9174,6,1
9177,8,1
9179,10,3
9182,11,1
9183,10,1
9188,12,1
9194,12,1
9197,12,1
9198,10,1
9205,8,1
9211,11,1
9212,12,1
9213,7,1
9222,10,1
9227,9,1
9234,12,1
9237,8,1
9240,10,1
9243,8,1
9251,8,1
9257,8,1
9259,11,1
9260,11,1
9263,12,1
9264,8,1
9282,10,1
9284,10,1
9291,10,1
9298,12,1
9307,10,1
9315,12,1
9320,8,1
9322,6,1
9335,4,1
9336,8,1
9338,11,1
9344,10,1
9345,8,1
9346,11,1
9347,8,1
9350,10,1
9356,6,1
9358,12,0
9367,10,1
9368,12,1
9385,8,1
9390,8,1
9399,12,1
9400,1,1
9403,5,1
9411,5,1
9414,12,1
9417,8,1
9423,5,1
9424,6,1
9429,11,1
9434,10,1
9435,7,1
9436,12,1
9438,12,1
9441,9,1
9449,12,1
9455,7,1
9470,10,1
9471,8,1
9474,8,1
9479,5,1
9485,8,1
9489,12,1
9492,12,1
9496,10,1
9506,11,1
9511,12,1
9519,8,1
9520,10,1
9531,12,1
9554,8,1
9557,8,1
9559,10,1
9560,8,1
9561,10,1
9563,10,9
9568,12,1
9569,8,1
9572,10,1
9581,10,1
9585,10,1
9586,9,1
9588,8,1
9589,12,1
9593,12,1
9599,9,1
9602,8,1
9603,10,1
9605,1,1
9613,10,1
9618,2,1
9631,10,1
9632,8,1
9636,10,1
9639,5,4
9651,8,1
9657,5,1
9662,10,1
9664,8,1
9680,12,1
9691,12,1
9692,12,1
9693,8,1
9694,7,1
9696,6,1
9697,10,1
9699,8,1
9706,10,1
9716,8,1
9720,12,1
9721,8,1
9725,5,1
9741,10,1
9745,8,1
9759,12,1
9767,12,1
9771,12,1
9774,5,1
9778,4,1
9783,12,1
9784,8,1
9785,10,1
9788,7,1
9798,8,1
9800,8,1
9806,3,1
9807,11,1
9808,10,1
9811,12,1
9823,8,1
9837,2,1
9841,12,1
9850,8,1
9859,12,1
9860,8,1
9862,12,1
9865,10,1
9871,9,1
9879,10,1
9880,12,1
9883,8,1
9888,12,1
9889,12,1
9912,10,1
9920,5,7
9923,8,1
9924,12,1
9930,8,0
9948,12,1
9949,11,1
9956,12,1
9962,6,1
9964,8,1
9968,12,1
9972,12,1
9976,12,1
9977,8,1
9981,8,1
9985,8,1
9986,10,1
9994,10,1
9995,8,1
10000,6,1
10002,12,1
10003,12,1
10004,10,1
10006,12,1
10014,8,1
10015,12,1
10023,9,1
10035,12,1
10040,8,1
10043,12,1
10045,10,1
10048,12,1
10055,12,1
10062,10,1
10070,12,1
10071,8,1
10073,12,1
10080,8,1
10085,10,1
10088,10,1
10091,10,1
10093,12,1
10103,8,1
10104,11,1
10107,5,1
10114,8,1
10120,2,1
10123,12,1
10125,12,1
10126,12,1
10127,1,1
10128,7,1
10129,8,1
10130,8,1
10132,10,1
10135,8,1
10138,10,1
10139,12,1
10144,10,1
10148,12,0
10153,12,1
10158,10,1
10159,11,1
10167,11,1
10172,10,1
10186,3,1
10188,12,1
10195,8,1
10222,10,1
10227,9,1
10230,12,4
10232,12,1
10235,6,1
10244,2,1
10245,8,1
10246,10,1
10251,11,1
10257,2,1
10259,8,1
10283,6,1
10284,12,1
10287,5,1
10294,10,1
10301,9,1
10302,8,1
10305,10,1
10306,11,1
10322,8,1
10324,10,1
10327,12,1
10332,10,1
10333,3,1
10335,2,1
10337,5,1
10339,10,1
10347,11,1
10358,8,1
10368,5,1
10369,12,1
10377,12,1
10379,7,1
10380,8,1
10383,4,1
10388,12,1
10397,12,1
10401,4,1
10411,10,1
10412,4,1
10420,12,9
10431,12,1
10432,8,1
10437,8,1
10442,12,1
10443,10,1
10446,11,1
10462,10,1
10464,12,1
10465,8,1
10466,12,1
10472,10,1
10490,7,1
10493,7,1
10495,12,1
10500,10,1
10505,12,1
10524,8,1
10527,11,1
10532,12,1
10533,11,1
10536,8,1
10540,8,1
10542,8,1
10543,10,1
10545,10,1
10552,8,1
10554,4,1
10560,12,1
10562,12,1
10566,8,1
10575,12,4
10576,6,1
10588,12,1
10604,3,1
10605,6,1
10608,12,1
10610,10,1
10615,12,1
10618,8,1
10621,12,1
10622,12,1
10627,12,1
10634,12,1
10635,12,1
10639,5,1
10640,4,1
10650,12,1
10661,10,1
10667,7,1
10668,10,1
10670,6,1
10675,12,1
10679,11,1
10681,12,1
10685,12,1
10688,9,1
10696,8,1
10703,8,1
10713,10,1
10715,12,1
10717,8,1
10730,8,1
10733,10,1
10744,12,1
10748,6,1
10753,12,1
10754,10,1
10756,8,1
10762,12,1
10774,12,1
10777,10,1
10780,12,1
10790,11,1
10791,12,1
10794,12,1
10798,8,1
10804,12,1
10805,10,1
10808,6,1
10816,5,1
10825,8,1
10829,12,1
10832,7,1
10835,12,1
10836,10,1
10837,7,1
10839,12,2
10841,7,1
10845,12,1
10846,8,1
10851,12,1
10875,12,1
10876,10,1
10879,8,1
10881,8,1
10883,8,1
10902,8,1
10910,8,1
10925,12,1
10932,12,1
10937,12,1
10950,4,1
10951,10,1
10952,8,1
10956,6,1
10962,12,1
10964,12,1
10969,6,1
10970,7,1
10973,12,1
10974,10,1
10975,6,1
10977,12,1
10984,8,1
10989,5,1
10994,12,1
10999,12,1
11007,10,1
11010,12,1
11013,12,1
11018,12,1
11019,12,1
11020,12,1
11029,10,1
11030,6,1
11053,12,1
11054,12,1
11055,8,1
11057,8,1
11063,12,1
11069,12,1
11072,10,1
11074,10,1
11076,8,1
11077,12,1
11079,12,1
11095,11,1
11109,8,1
11113,8,1
11115,12,1
11119,12,1
11120,12,1
11135,10,1
11138,10,1
11139,12,1
11141,9,1
11142,12,1
11152,12,1
11164,10,1
11169,11,1
11177,4,1
11183,10,1
11191,10,1
11192,10,1
11194,12,1
11200,10,1
11203,10,1
11213,10,1
11219,10,1
11231,10,1
11242,10,1
11249,8,1
11253,10,1
11254,10,1
11255,12,1
11258,8,1
11259,10,1
11262,12,1
11263,10,1
11268,10,1
11269,10,1
11271,10,1
11275,10,1
11277,12,1
11279,10,1
11284,12,1
11285,6,1
11290,10,1
11299,12,1
11306,12,1
11308,1,1
11316,12,1
11318,3,1
11322,1,1
11324,10,1
11331,12,1
11333,12,1
11347,12,1
11364,10,1
11374,8,1
11378,12,1
11398,12,1
11403,12,1
11404,5,1
11405,12,1
11407,8,1
11409,4,1
11411,6,1
11418,12,1
11420,8,1
11429,5,1
11433,10,1
11440,10,1
11441,10,1
11443,12,1
11446,6,1
11467,10,1
11468,12,1
11470,10,1
11472,9,1
11474,10,1
11482,10,1
11488,7,1
11491,12,1
11493,10,1
11498,10,1
11510,11,1
11525,8,1
11533,12,1
11534,8,1
11538,12,1
11554,10,1
11559,6,1
11563,12,1
11566,12,0
11568,12,1
11570,10,1
11576,11,1
11579,2,1
11581,11,1
11584,7,1
11591,8,1
11594,8,1
11597,10,1
11614,8,1
11624,10,1
11628,10,1
11630,5,1
11637,8,1
11639,11,1
11646,8,1
11650,11,1
11662,12,1
11665,12,1
11671,10,1
11677,10,1
11685,8,1
11688,5,1
11693,11,1
11696,10,1
11697,7,1
11700,12,1
11703,12,1
11710,8,1
11716,10,1
11717,10,1
11732,12,1
11735,3,1
11740,7,1
11741,8,1
11749,12,1
11753,12,1
11761,4,1
11765,12,1
11772,12,1
11789,10,1
11791,12,1
11792,7,1
11794,12,1
11798,10,1
11803,12,1
11804,12,1
11808,10,1
11815,7,1
11827,5,1
11831,8,1
11837,7,1
11838,7,1
11842,7,1
11844,11,1
11845,10,1
11854,12,1
11859,8,1
11867,12,1
11868,10,1
11871,8,1
11878,12,1
11884,7,1
11892,10,1
11895,6,1
11912,8,1
11917,1,1
11921,12,0
11926,12,1
11927,12,1
11939,6,1
11954,10,1
11955,8,1
11958,6,1
11966,11,1
11974,7,1
11980,8,1
11985,12,1
11989,8,1
12005,4,1
12029,12,1
12056,8,1
12058,10,1
12059,10,1
12062,2,1
12065,12,1
12082,3,1
12084,12,1
12087,12,1
12088,6,1
12089,10,1
12090,12,1
12103,12,1
12107,8,1
12115,6,1
12120,6,1
12123,12,1
12134,8,1
12137,4,1
12138,12,1
12142,12,1
12146,8,1
12148,5,1
12153,5,1
12165,12,1
12169,10,1
12172,8,1
12176,12,1
12178,9,1
12181,1,1
12191,12,1
12192,12,1
12202,12,1
12205,12,1
12223,12,1
12224,12,1
12225,10,1
12226,8,1
12229,12,1
12231,9,1
12232,8,1
12233,8,1
12234,12,1
12249,8,1
12251,10,1
12255,8,1
12256,12,1
12267,12,1
12273,2,1
12277,1,1
12283,8,1
12285,7,1
12288,7,1
12293,10,1
12295,7,1
12297,10,1
12305,3,1
12312,12,1
12316,12,1
12319,8,1
12324,12,1
12331,12,1
12334,8,1
12341,8,1
12350,8,1
12354,8,1
12356,10,1
12357,3,1
12362,12,1
12364,12,1
12365,12,1
12377,10,1
12378,5,1
12379,12,1
12382,4,1
12385,8,1
12387,8,1
12393,6,1
12401,12,1
12411,5,1
12414,8,1
12415,12,1
12418,10,1
12419,2,1
12421,5,1
12422,8,1
12425,7,1
12439,12,1
12442,10,1
12443,9,1
12450,11,1
12457,10,7
12461,12,1
12462,8,1
12477,10,1
12479,8,1
12484,8,1
12491,12,1
12498,8,1
12503,12,1
12509,12,1
12521,10,1
12522,8,1
12530,8,1
12538,2,1
12539,5,1
12544,8,1
12545,12,1
12547,6,1
12548,8,1
12551,10,1
12553,10,1
12557,5,1
12558,12,1
12559,10,1
12565,10,1
12571,6,1
12572,8,1
12578,8,1
12587,11,1
12593,12,1
12594,8,1
12601,12,1
12604,8,1
12619,9,1
12622,10,1
12625,12,1
12626,12,1
12627,10,1
12633,12,1
12634,5,1
12638,12,1
12646,8,1
12647,5,1
12652,8,1
12654,12,1
12657,8,1
12661,12,1
12668,8,1
12671,10,1
12675,4,1
12679,8,1
12682,12,1
12693,6,1
12694,11,1
12698,2,1
12704,12,1
12705,5,1
12709,8,1
12713,10,1
12715,12,1
12717,8,1
12723,8,1
12733,6,1
12734,2,1
12735,8,1
12744,8,1
12745,12,1
12748,8,1
12752,10,1
12755,12,1
12756,4,1
12768,8,1
12774,12,1
12782,12,1
12789,11,1
12794,12,1
12795,12,1
12805,12,1
12811,11,1
12818,9,1
12821,12,1
12822,10,1
12824,12,4
12828,6,1
12830,10,1
12831,8,1
12835,12,1
12838,12,1
12839,12,1
12853,12,7
12856,12,1
12857,8,1
12860,7,1
12864,10,1
12865,8,1
12867,8,1
12871,12,1
12876,10,1
12895,8,1
12896,8,1
12900,3,1
12902,11,1
12904,12,1
12925,10,1
12928,12,1
12929,12,1
12935,12,1
12944,12,1
12949,12,4
12951,12,1
12971,4,1
12972,8,1
12974,6,1
12988,10,1
12991,12,1
12993,12,1
13023,4,1
13025,6,1
13026,8,1
13029,12,1
13038,8,1
13040,12,1
13043,2,1
13044,10,1
13049,8,1
13056,12,1
13059,10,1
13069,2,1
13070,10,1
13078,12,1
13080,12,1
13081,12,1
13092,12,1
13096,7,1
13103,12,1
13109,10,1
13117,12,1
13124,12,1
13125,7,1
13126,8,1
13132,12,1
13133,8,1
13141,12,1
13145,10,1
13147,8,1
13152,12,1
13153,12,1
13172,10,1
13174,8,1
13175,12,1
13178,12,1
13179,10,1
13180,12,1
13183,12,1
13186,6,1
13194,4,1
13195,5,1
13196,9,1
13201,12,1
13207,10,1
13214,12,1
13219,10,1
13229,11,1
13239,10,1
13244,8,1
13246,12,1
13258,10,1
13261,11,1
13264,12,1
13266,8,1
13273,12,1
13281,12,1
13285,4,1
13288,12,1
13290,12,1
13296,12,1
13310,8,1
13317,11,1
13318,12,1
13319,7,1
13321,11,1
13322,12,1
13323,2,1
13324,10,1
13338,10,1
13340,12,1
13342,5,1
13343,12,1
13345,12,9
13346,12,1
13348,12,1
13353,10,1
13356,12,1
13357,8,1
13358,10,1
13360,10,1
13369,12,1
13377,12,1
13382,12,1
13385,12,1
13389,12,1
13399,12,1
13413,10,1
13419,8,1
13421,8,1
13422,7,1
13424,3,1
13434,12,1
13437,7,1
13439,5,7
13444,12,1
13457,10,1
13463,10,1
13473,12,1
13474,4,1
13483,10,1
13490,10,1
13492,12,1
13498,10,1
13499,12,1
13500,12,1
13501,8,1
13509,10,1
13514,8,1
13518,8,1
13523,10,1
13524,12,1
13528,5,1
13533,3,1
13539,12,1
13545,12,1
13551,12,1
13558,8,1
13563,10,1
13568,10,1
13572,10,1
13575,12,1
13585,9,1
13586,12,1
13595,12,1
13597,5,1
13599,12,1
13609,5,1
13613,10,1
13624,12,1
13629,12,1
13630,6,1
13641,12,1
13642,8,1
13645,10,1
13649,9,1
13651,12,1
13662,12,1
13674,8,1
13676,11,1
13680,10,1
13681,10,1
13686,12,1
13690,12,1
13693,6,1
13715,6,1
13721,4,1
13723,12,1
13724,10,1
13731,12,1
13733,10,1
13734,10,1
13736,12,1
13745,10,1
13760,10,1
13765,12,1
13771,10,3
13773,6,1
13781,12,1
13784,10,1
13787,8,1
13791,12,1
13796,2,1
13814,12,1
13827,12,1
13829,12,1
13836,8,1
13850,10,1
13858,8,1
13859,8,1
13861,6,1
13865,12,1
13869,10,1
13873,12,1
13877,12,1
13887,10,1
13889,10,1
13904,7,1
13912,8,1
13920,8,1
13922,12,1
13931,12,1
13932,10,1
13936,12,1
13938,8,1
13951,12,1
13978,12,1
13983,10,1
13984,10,1
13999,12,1
14004,10,1
14005,9,1
14013,8,1
14014,12,1
14019,5,1
14034,8,1
14035,8,1
14041,10,1
14053,10,1
14060,11,1
14069,10,1
14070,8,1
14073,12,1
14075,8,1
14085,8,1
14088,5,1
14093,12,1
14097,10,7
14098,8,1
14099,10,1
14104,12,1
14110,8,1
14111,4,1
14129,12,1
14140,11,1
14155,5,1
14157,10,1
14162,11,1
14163,10,1
14164,10,1
14171,12,1
14172,4,1
14174,10,1
14176,4,1
14179,10,1
14181,12,1
14185,12,1
14188,8,1
14203,8,1
14205,1,1
14211,2,1
14218,10,1
14223,8,1
14224,10,1
14226,2,1
14227,4,1
14240,10,1
14243,12,1
14246,12,1
14249,6,1
14259,10,1
14260,8,1
14261,8,1
14282,9,1
14284,12,1
14291,8,1
14299,10,1
14302,8,1
14304,4,1
14311,6,1
14319,12,1
14320,12,1
14325,6,1
14327,11,1
14331,10,1
14333,12,1
14338,12,1
14339,5,1
14344,7,1
14352,10,1
14353,6,1
14365,4,1
14368,10,1
14369,11,1
14380,2,1
14381,10,1
14382,12,1
14386,3,3
14393,10,1
14395,10,1
14397,12,1
14400,2,1
14403,4,1
14418,11,1
14421,10,1
14423,8,1
14431,12,1
14439,8,1
14441,10,1
14442,8,1
14444,12,1
14448,2,1
14460,5,1
14461,10,1
14465,10,1
14471,8,1
14474,10,1
14482,12,1
14493,8,1
14496,10,1
14498,8,1
14503,12,1
14505,11,1
14507,10,1
14508,12,1
14509,8,1
14518,10,1
14528,11,1
14536,8,4
14539,12,1
14544,8,1
14548,5,1
14550,2,1
14561,12,1
14565,8,1
14571,12,1
14572,6,1
14580,10,1
14586,10,1
14588,10,1
14590,8,1
14592,12,1
14599,8,1
14606,10,1
14607,8,1
14608,9,1
14614,7,1
14621,6,1
14622,6,1
14627,11,1
14628,7,1
14637,10,1
14640,5,1
14647,10,1
14654,10,1
14655,10,1
14660,8,1
14664,6,1
14665,7,4
14672,11,1
14685,0,1
14687,12,1
14689,11,1
14699,7,1
14702,10,1
14706,10,1
14707,8,1
14709,12,1
14710,12,1
14713,7,1
14718,10,1
14719,6,1
14721,12,1
14726,12,1
14735,12,1
14737,11,1
14739,8,1
14743,10,1
14744,12,1
14745,2,1
14752,6,1
14770,12,1
14771,12,1
14773,4,1
14782,8,1
14795,10,1
14797,10,1
14801,3,1
14822,12,1
14835,12,1
14839,10,1
14847,12,1
14850,12,1
14856,12,1
14864,11,1
14866,8,1
14877,8,1
14883,11,1
14887,8,1
14892,5,1
14893,11,1
14894,6,1
14903,10,1
14908,12,9
14909,8,1
14924,11,1
14926,10,1
14927,10,1
14935,7,1
14940,11,1
14944,12,1
14951,12,1
14956,8,1
14963,8,1
14970,4,1
14971,12,1
14973,10,1
14977,10,1
14986,8,1
14989,10,1
14991,8,1
14994,12,1
14997,12,1
15002,10,0
15007,6,1
15017,12,1
15018,2,1
15028,8,1
15034,10,1
15049,12,1
15054,10,1
15056,10,1
15059,11,1
15062,8,1
15067,10,4
15071,6,1
15074,5,1
15076,12,1
15079,8,1
15081,2,1
15086,8,1
15098,6,1
15103,10,1
15107,5,1
15109,10,1
15121,12,1
15122,12,1
15133,8,1
15139,11,1
15148,6,1
15153,12,1
15155,8,1
15157,12,1
15162,12,1
15175,8,1
15199,9,1
15205,1,1
15212,8,1
15216,12,1
15221,5,1
15224,10,1
15226,7,1
15230,10,1
15239,12,1
15248,12,1
15254,7,1
15259,11,1
15264,10,1
15270,12,1
15277,12,1
15278,12,1
15284,12,1
15291,12,1
15296,12,1
15299,12,1
15302,5,1
15305,2,1
15311,8,1
15314,12,1
15318,8,1
15324,12,1
15327,5,1
15329,12,1
15339,10,1
15346,8,1
15358,12,1
15359,12,1
15361,12,1
15362,12,7
15363,12,1
15364,12,1
15367,10,1
15377,10,1
15384,12,1
15388,10,1
15390,2,1
15391,7,1
15392,10,1
15396,10,1
15399,10,1
15405,5,1
15407,11,1
15409,5,9
15411,10,1
15413,7,1
15415,11,1
15426,10,1
15434,12,1
15445,6,1
15447,5,1
15449,10,1
15450,9,1
15456,10,1
15461,6,1
15464,12,1
15465,12,1
15468,8,1
15482,10,1
15487,5,1
15490,12,1
15492,1,1
15500,8,1
15501,8,1
15502,12,1
15507,0,1
15508,12,1
15510,8,1
15511,8,1
15513,8,1
15519,7,1
15520,12,1
15533,11,1
15549,8,1
15558,8,1
15559,8,1
15564,12,1
15565,8,1
15567,12,1
15571,7,1
15572,8,1
15575,12,1
15577,10,1
15583,8,1
15585,8,1
15590,7,1
15593,8,1
15600,12,1
15608,8,1
15616,8,1
15620,12,1
15623,8,1
15624,11,1
15626,8,1
15636,10,1
15643,10,1
15647,6,1
15648,12,1
15657,3,1
15663,12,1
15666,8,1
15667,10,1
15671,8,1
15674,6,1
15676,8,1
15686,12,1
15687,8,1
15696,3,1
15701,3,1
15703,8,1
15705,1,4
15719,6,0
15730,5,1
15731,12,1
15732,8,1
15734,11,1
15735,10,1
15738,12,1
15744,12,1
15753,5,1
15757,8,1
15759,9,1
15760,4,1
15765,10,1
15774,12,1
15786,10,1
15787,10,1
15788,2,1
15792,10,1
15796,7,1
15798,4,1
15802,9,1
15809,7,1
15812,12,1
15820,4,1
15831,12,1
15835,10,1
15839,3,1
15840,10,1
15844,7,1
15853,12,1
15855,8,1
15858,12,1
15859,10,1
15866,12,1
15876,12,1
15894,12,1
15904,9,1
15907,10,1
15912,3,1
15913,12,1
15915,5,1
15919,5,1
15925,10,1
15928,9,1
15929,12,1
15930,10,1
15932,12,1
15939,10,1
15948,4,1
15949,12,1
15950,12,1
15955,12,1
15958,8,1
15960,10,1
15962,9,1
15966,7,4
15967,10,1
15970,5,1
15975,12,0
15978,12,1
15981,9,1
15985,10,1
15989,8,1
15990,9,1
15998,11,1
16002,11,1
16009,8,1
16023,12,1
16024,10,1
16026,10,1
16027,10,1
16037,8,1
16043,12,1
16045,12,1
16049,12,1
16052,3,1
16053,12,1
16057,12,1
16070,5,1
16072,12,1
16087,12,1
16092,12,1
16095,8,1
16096,12,1
16098,12,1
16101,10,1
16103,5,1
16104,7,1
16106,8,1
16112,6,1
16117,10,1
16119,12,1
16124,4,1
16132,2,1
16133,12,1
16148,6,1
16149,6,1
16150,3,1
16151,11,1
16154,12,1
16173,4,1
16175,6,1
16182,12,1
16183,10,1
16185,10,1
16188,12,1
16189,6,1
16198,12,1
16201,12,1
16206,10,1
16208,11,1
16209,10,1
16221,10,1
16224,8,1
16231,10,1
16232,12,1
16239,11,1
16241,6,1
16242,8,1
16243,8,1
16255,12,1
16268,6,1
16272,10,1
16281,8,1
16283,10,1
16284,9,1
16292,7,0
16295,5,1
16297,10,1
16298,10,1
16305,12,1
16313,6,1
16321,8,1
16331,12,6
16337,12,1
16351,6,1
16354,12,1
16365,11,1
16371,8,1
16372,4,1
16375,10,1
16384,4,1
16390,8,1
16396,10,1
16400,8,1
16404,8,1
16409,11,1
16417,4,1
16419,5,1
16422,1,1
16424,10,1
16425,10,1
16443,10,1
16444,8,1
16448,12,1
16460,6,1
16462,10,1
16463,8,1
16472,6,1
16480,10,1
16492,7,1
16499,10,1
16505,12,1
16511,11,1
16522,5,1
16527,8,1
16539,10,1
16542,8,1
16546,10,1
16549,5,1
16550,12,1
16555,5,1
16562,10,1
16568,6,1
16572,2,1
16579,0,1
16585,12,1
16587,5,1
16589,11,1
16592,12,1
16598,10,1
16613,0,1
16618,10,1
16619,11,1
16622,8,1
16623,8,1
16645,6,1
16648,8,1
16662,12,1
16663,10,1
16665,8,1
16666,10,1
16669,8,1
16670,12,1
16672,8,1
16674,5,1
16676,12,1
16683,8,1
16685,10,1
16688,11,1
16689,7,1
16690,10,1
16693,12,1
16700,8,1
16710,12,1
16711,2,1
16712,9,1
16715,4,1
16721,12,1
16727,10,1
16729,12,1
16730,10,1
16737,4,1
16739,10,1
16749,12,1
16750,6,1
16754,10,1
16758,12,1
16761,12,1
16771,12,1
16774,8,1
16785,12,1
16787,10,1
16792,10,1
16809,8,1
16816,10,1
16818,12,1
16837,11,1
16841,11,1
16843,5,1
16856,11,1
16857,12,1
16862,10,1
16868,12,1
16882,8,1
16883,8,1
16895,8,1
16898,12,1
16899,8,1
16901,12,1
16903,12,1
16914,10,1
16917,2,1
16929,5,9
16931,8,1
16938,2,1
16943,12,1
16949,12,4
16952,12,1
16956,12,1
16963,12,1
16964,7,1
16968,12,1
16969,7,1
16972,12,1
16976,12,1
16984,10,1
16993,12,1
17000,12,1
17007,12,1
17008,2,1
17011,12,1
17016,6,1
17018,2,1
17019,10,1
17020,10,1
17026,12,1
17030,10,1
17034,12,1
17036,12,1
17037,8,1
17040,12,1
17056,1,1
17059,8,1
17064,12,1
17067,7,1
17071,12,1
17074,4,1
17075,5,1
17081,12,1
17087,5,1
17090,12,1
17092,8,6
17102,10,1
17107,10,1
17112,12,1
17113,10,1
17124,0,1
17125,11,1
17134,10,1
17139,11,1
17140,10,1
17141,8,1
17142,9,1
17145,12,1
17152,1,1
17153,4,1
17160,9,1
17171,6,1
17178,8,1
17179,12,1
17185,11,1
17190,12,1
17191,8,1
17196,10,1
17198,10,1
17212,8,1
17214,8,1
17221,12,1
17224,10,1
17232,8,1
17236,7,1
17238,8,1
17243,10,1
17245,10,1
17254,12,1
17256,10,1
17259,12,1
17263,2,1
17267,12,1
17271,12,1
17274,3,1
17275,12,1
17288,7,1
17294,10,1
17296,12,1
17301,8,1
17302,10,1
17303,3,1
17314,6,1
17319,12,1
17321,11,1
17325,7,1
17329,3,1
17332,10,1
17342,10,9
17344,10,1
17345,8,1
17352,8,1
17359,7,1
17361,12,1
17362,12,1
17364,12,1
17367,7,1
17368,5,1
17375,10,1
17388,12,1
17392,2,1
17393,12,1
17394,12,1
17398,8,1
17401,6,4
17408,2,1
17409,10,1
17411,8,1
17413,8,1
17415,2,1
17420,8,1
17441,8,1
17448,9,1
17449,10,1
17453,12,1
17463,12,1
17464,12,1
17482,10,1
17491,11,1
17492,10,1
17509,12,1
17514,12,1
17518,10,1
17527,12,1
17528,12,1
17536,10,1
17548,10,1
17550,12,1
17558,12,1
17588,12,1
17599,10,1
17612,12,1
17617,12,1
17618,10,1
17622,6,1
17631,6,1
17632,5,1
17656,8,1
17664,4,1
17667,11,1
17669,12,1
17678,7,1
17683,12,1
17687,8,1
17688,8,1
17691,7,1
17695,12,1
17705,7,1
17712,8,1
17714,10,1
17718,8,1
17719,10,9
17723,10,1
17733,12,1
17737,11,1
17739,12,1
17741,12,1
17744,12,1
17752,8,1
17754,10,1
17755,11,1
17763,10,1
17768,8,4
17778,10,1
17786,6,1
17794,7,1
17802,2,1
17805,8,1
17807,12,1
17809,12,1
17812,8,1
17825,6,1
17829,8,1
17832,12,1
17843,10,1
17851,12,1
17857,8,1
17859,10,0
17864,5,1
17868,12,1
17869,8,1
17873,12,4
17875,8,1
17879,6,1
17883,12,1
17888,12,1
17889,11,1
17890,12,1
17899,10,1
17904,12,1
17907,5,1
17908,8,1
17910,10,1
17914,7,1
17939,8,1
17944,6,1
17947,12,1
17951,10,1
17953,12,1
17954,10,1
17979,12,1
17981,12,1
17986,10,1
17988,11,1
17989,7,1
18018,12,1
18025,12,1
18034,8,1
18035,12,1
18045,7,1
18046,8,1
18048,10,1
18064,11,1
18066,12,1
18076,7,1
18077,12,1
18079,10,1
18081,6,1
18085,12,1
18089,10,7
18095,12,1
18104,10,1
18105,10,1
18106,10,1
18109,8,1
18112,8,1
18125,12,1
18127,10,1
18130,7,1
18131,12,1
18134,10,1
18136,12,1
18140,12,1
18144,12,1
18147,10,1
18153,10,1
18155,5,9
18156,5,1
18164,8,1
18178,6,1
18180,12,1
18182,11,1
18194,8,1
18195,7,1
18200,9,1
18201,9,1
18203,11,1
18204,8,1
18206,7,1
18211,11,1
18212,6,1
18214,12,1
18220,11,1
18232,10,1
18233,6,1
18237,8,1
18243,12,1
18246,10,1
18248,12,1
18269,11,1
18271,10,1
18278,2,1
18283,12,1
18286,10,7
18289,12,1
18291,8,1
18296,12,1
18302,10,1
18303,10,1
18307,8,1
18308,7,1
18310,10,1
18315,10,1
18319,2,1
18321,7,1
18323,12,1
18327,10,1
18329,9,1
18338,10,1
18345,6,1
18348,8,1
18357,10,1
18361,12,1
18367,8,1
18373,12,1
18377,2,1
18380,3,7
18383,12,1
18385,12,1
18387,12,1
18388,12,4
18391,12,1
18392,3,1
18417,4,1
18418,12,1
18434,11,1
18450,8,1
18451,12,1
18456,8,1
18461,3,1
18463,8,1
18467,10,1
18468,8,1
18481,4,1
18491,10,1
18505,8,1
18509,12,1
18514,9,1
18515,10,1
18518,12,1
18520,12,1
18521,10,1
18528,10,1
18529,10,1
18535,5,1
18553,12,1
18555,11,1
18561,12,1
18562,10,1
18563,8,1
18565,10,1
18570,8,1
18573,8,1
18578,8,1
18586,5,1
18588,10,1
18599,8,1
18602,12,1
18606,12,1
18608,10,1
18617,10,1
18619,8,1
18620,12,1
18630,10,1
18631,10,1
18639,8,1
18640,4,1
18646,10,1
18649,8,1
18650,10,1
18655,12,1
18656,12,4
18665,8,1
18666,8,1
18667,8,1
18669,7,1
18673,5,1
18678,12,1
18683,12,1
18687,8,1
18691,8,1
18694,10,1
18705,12,1
18708,8,1
18718,10,1
18724,12,0
18731,12,1
18745,6,1
18752,10,1
18764,9,1
18766,8,1
18769,12,1
18781,6,1
18788,2,1
18793,10,1
18796,10,1
18805,12,1
18808,8,1
18810,7,1
18814,2,1
18818,10,1
18819,12,1
18828,12,1
18836,10,1
18841,8,1
18845,10,1
18847,12,1
18853,10,1
18862,4,1
18863,4,1
18866,12,1
18873,12,1
18877,12,1
18885,12,1
18886,10,1
18889,12,1
18893,10,1
18895,12,1
18899,5,1
18902,10,1
18903,12,1
18911,10,1
18914,6,1
18918,12,1
18927,10,1
18932,2,1
18934,11,7
18935,10,1
18936,8,1
18939,12,1
18951,12,1
18962,10,1
18966,12,1
18967,8,1
18977,8,1
18979,6,1
18984,12,1
18988,10,1
18989,8,1
18994,6,1
18998,6,1
19000,10,1
19004,12,1
19005,12,1
19013,8,1
19022,10,1
19037,7,1
19044,2,1
19049,8,1
19050,12,1
19056,12,1
19062,10,1
19067,10,1
19070,12,1
19085,10,1
19087,12,1
19091,8,1
19102,12,1
19106,12,1
19113,10,1
19114,12,1
19117,8,1
19123,8,1
19127,10,1
19144,5,1
19146,12,1
19155,10,1
19162,10,1
19166,9,1
19167,12,1
19169,12,1
19171,8,1
19190,6,1
19195,8,1
19197,8,1
19218,10,1
19229,8,1
19235,8,1
19241,4,1
19247,12,1
19248,6,1
19250,12,1
19260,8,1
19265,8,1
19271,10,1
19272,12,1
19286,9,1
19289,8,1
19292,12,1
19296,5,1
19297,10,1
19304,12,1
19321,12,1
19322,11,1
19323,5,1
19325,10,1
19326,7,1
19331,12,1
19340,8,1
19353,8,1
19363,12,1
19368,5,1
19370,12,1
19373,12,1
19384,6,1
19385,10,1
19386,7,1
19387,12,1
19390,8,1
19393,12,1
19398,12,1
19404,10,1
19410,12,1
19413,12,1
19415,6,1
19419,10,1
19420,9,1
19422,8,1
19424,12,1
19425,12,1
19427,11,1
19436,10,1
19437,12,1
19439,6,1
19447,4,1
19452,10,1
19453,1,1
19461,12,1
19462,11,1
19464,8,1
19468,12,1
19469,12,1
19473,11,1
19486,10,1
19492,8,7
19494,12,1
19496,12,0
19503,4,1
19504,8,1
19507,5,1
19509,5,1
19512,8,1
19515,12,1
19517,12,1
19520,8,1
19525,5,1
19542,12,1
19544,8,1
19547,12,1
19551,5,1
19555,12,1
19557,8,1
19561,8,1
19562,12,1
19564,12,1
19572,12,1
19575,2,1
19586,4,1
19590,10,1
19595,8,4
19601,10,1
19602,10,7
19606,12,1
19609,10,1
19611,12,1
19615,10,1
19619,6,1
19623,5,1
19629,12,1
19648,2,9
19649,8,1
19660,12,1
19662,6,1
19665,10,1
19670,10,1
19671,12,1
19681,12,1
19682,12,1
19688,10,1
19698,10,1
19708,12,1
19721,2,1
19740,8,1
19741,12,7
19743,12,1
19749,8,1
19759,8,1
19760,10,1
19761,12,1
19762,10,1
19774,12,1
19788,12,1
19790,7,1
19804,12,1
19811,10,1
19812,8,1
19816,11,1
19819,4,1
19824,7,1
19827,8,1
19829,10,9
19838,4,1
19840,8,1
19849,10,1
19852,8,1
19857,12,1
19860,12,1
19869,12,1
19872,12,1
19877,2,1
19879,10,1
19881,7,1
19885,8,1
19892,10,1
19894,12,1
19904,12,1
19905,8,1
19908,10,1
19914,12,1
19915,6,1
19917,8,1
19923,10,1
19928,2,1
19934,8,1
19946,12,1
19947,8,1
19948,8,1
19954,7,1
19960,8,1
19961,11,1
19963,10,1
19967,10,1
19970,7,1
19971,12,1
19973,12,1
19975,3,1
19979,10,1
19984,12,1
20001,2,1
20007,7,1
20009,7,1
20020,5,1
20026,12,1
20045,7,1
20053,8,1
20054,11,1
20078,8,1
20085,4,1
20090,4,1
20091,12,1
20093,8,1
20094,7,1
20095,5,1
20099,6,1
20100,6,1
20102,5,1
20118,5,1
20121,8,1
20124,3,1
20135,8,1
20147,5,1
20158,7,1
20165,5,1
20169,10,1
20175,10,1
20176,11,1
20179,8,1
20185,5,1
20188,11,1
20189,10,1
20195,8,1
20198,5,1
20199,5,1
20200,8,1
20206,5,1
20211,5,1
20219,10,1
20233,8,1
20249,8,1
20251,8,1
20254,5,1
20258,9,1
20259,8,1
20261,8,1
20265,5,1
20271,10,1
20275,8,1
20276,5,1
20279,8,1
20284,8,1
20285,10,1
20290,10,1
20292,5,1
20293,8,1
20298,8,1
20303,5,1
20304,3,1
20309,4,1
20316,5,1
20322,2,1
20330,8,1
20331,6,1
20332,7,1
20335,8,1
20336,8,1
20337,8,1
20341,5,1
20344,5,1
20353,8,1
20355,8,1
20356,8,1
20357,5,1
20362,8,1
20363,7,1
20370,12,1
20374,8,1
20377,8,1
20378,5,1
20388,7,1
20389,4,1
20390,8,1
20400,7,1
20407,5,1
20416,9,1
20418,5,1
20422,8,1
20424,8,1
20428,4,1
20439,8,1
20448,8,1
20451,7,1
20452,11,1
20456,11,1
20462,12,1
20463,5,1
20471,7,1
20478,12,1
20485,12,1
20487,7,1
20502,7,9
20515,9,1
20524,8,1
20527,7,1
20528,7,1
20530,5,1
20532,0,1
20544,11,1
20545,4,1
20549,7,1
20563,8,1
20569,7,1
20577,8,1
20585,8,1
20586,7,1
20588,10,1
20595,8,1
20605,8,1
20612,5,1
20615,12,1
20617,8,1
20621,7,1
20630,4,1
20637,3,1
20638,8,1
20643,11,1
20657,12,1
20665,5,1
20676,2,1
20685,8,1
20687,5,1
20688,8,1
20690,5,1
20692,9,1
20714,6,1
20725,5,1
20731,7,1
20736,11,1
20739,8,1
20740,5,1
20756,3,1
20757,12,1
20760,4,1
20764,8,1
20767,12,1
20769,9,1
20774,12,4
20779,2,1
20796,5,1
20800,8,1
20808,8,1
20817,4,1
20821,9,1
20823,11,1
20824,7,1
20826,7,1
20841,8,1
20855,8,1
20856,8,1
20861,8,1
20862,9,1
20865,5,1
20876,8,1
20878,12,1
20891,12,1
20894,5,1
20903,11,1
20909,9,1
20910,11,1
20912,9,1
20917,5,0
20933,4,1
20935,4,1
20936,10,1
20947,10,1
20948,5,1
20955,8,1
20957,5,1
20961,5,1
20969,12,1
20977,8,1
20985,7,1
20987,8,1
20989,7,1
20995,8,1
21002,5,1
21004,3,1
21006,8,1
21014,7,1
21025,2,1
21039,11,1
21047,8,1
21048,5,1
21061,7,1
21065,7,1
21069,7,1
21074,5,1
21080,8,1
21081,7,1
21084,7,1
21086,11,1
21088,9,1
21089,9,1
21090,10,1
21092,3,1
21096,7,1
21102,12,1
21110,11,1
21112,7,1
21113,5,1
21115,8,1
21125,2,1
21136,5,1
21144,8,1
21148,5,1
21149,12,1
21159,12,1
21160,11,1
21161,12,1
21162,8,1
21166,4,1
21169,10,1
21171,12,1
21172,4,1
21173,8,1
21175,7,1
21179,10,1
21181,5,1
21183,8,1
21184,10,1
21186,5,1
21188,8,0
21200,3,1
21210,12,1
21211,7,1
21212,6,1
21215,5,1
21218,5,1
21222,8,1
21228,7,1
21229,8,1
21230,12,1
21235,5,1
21241,12,1
21242,8,1
21246,5,1
21249,12,1
21250,8,1
21255,4,1
21284,12,1
21285,12,1
21288,7,1
21306,4,1
21308,10,1
21311,12,1
21323,11,1
21327,12,4
21331,12,1
21334,5,1
21335,10,1
21338,12,1
21341,7,1
21350,5,1
21351,8,1
21354,12,1
21358,8,1
21364,9,1
21365,9,1
21368,5,1
21371,12,1
21372,8,1
21374,7,1
21379,8,1
21386,8,4
21388,8,1
21390,8,1
21393,7,1
21406,8,1
21407,9,1
21415,5,1
21419,4,1
21437,7,1
21439,8,1
21452,7,1
21453,8,9
21454,8,1
21456,4,1
21459,5,1
21466,12,1
21469,12,1
21477,8,1
21493,9,1
21494,9,1
21498,8,1
21499,9,1
21520,8,4
21527,12,1
21531,7,1
21535,8,1
21536,11,1
21537,5,1
21538,8,1
21543,8,1
21548,10,1
21550,5,1
21553,4,1
21560,12,1
21564,2,1
21568,7,1
21570,3,1
21576,8,1
21580,9,1
21593,7,1
21596,11,1
21600,12,1
21607,6,1
21614,12,1
21615,4,1
21622,8,1
21626,8,1
21633,5,1
21636,8,1
21642,12,1
21644,11,1
21645,6,1
21668,4,1
21673,12,4
21675,5,1
21682,5,1
21684,7,1
21685,8,1
21686,5,1
21687,7,1
21691,8,1
21693,8,1
21694,10,1
21705,8,1
21709,11,1
21711,5,1
21713,8,1
21724,12,1
21726,12,1
21733,11,1
21735,3,1
21748,8,1
21749,5,1
21753,5,1
21755,12,3
21756,11,1
21773,12,1
21777,7,1
21778,8,1
21780,5,1
21781,10,1
21783,5,1
21789,7,1
21797,5,1
21802,12,1
21805,10,1
21811,5,1
21819,11,1
21820,12,1
21828,7,1
21838,7,1
21839,9,1
21840,7,1
21847,7,1
21862,5,1
21872,9,1
21884,5,1
21894,4,1
21900,9,1
21903,5,1
21909,3,1
21910,5,1
21911,5,1
21918,8,1
21935,4,1
21936,8,1
21938,8,1
21940,11,1
21950,8,1
21963,11,1
21964,5,1
21969,12,1
21973,6,1
21974,7,1
21977,5,1
21985,2,1
21986,8,1
21991,8,1
21993,8,1
22000,8,1
22012,12,1
22014,4,1
22018,7,1
22026,7,1
22032,7,1
22042,5,1
22043,5,7
22045,8,1
22047,8,9
22048,5,1
22060,4,1
22063,5,1
22072,5,1
22092,5,1
22093,3,1
22094,8,1
22099,5,1
22106,8,1
22110,7,1
22111,5,1
22112,5,1
22115,12,1
22120,5,1
22125,8,1
22126,9,1
22127,12,1
22137,7,1
22143,8,1
22144,12,1
22145,8,1
22153,4,1
22155,5,1
22172,11,1
22192,7,1
22194,8,1
22200,5,1
22201,8,1
22206,7,1
22208,8,1
22216,10,1
22217,9,1
22223,5,1
22225,7,0
22232,8,1
22238,7,1
22242,10,1
22244,5,1
22246,8,1
22253,8,1
22260,5,1
22261,8,1
22269,7,1
22270,8,1
22296,5,1
22302,5,1
22309,7,1
22322,12,1
22328,8,1
22330,11,1
22337,7,1
22338,8,1
22342,5,1
22349,8,1
22354,5,1
22356,11,1
22359,12,1
22360,2,1
22362,9,1
22365,9,1
22376,4,1
22379,7,1
22381,7,1
22382,7,1
22398,8,1
22399,5,1
22405,5,1
22406,8,1
22416,5,1
22420,8,1
22428,7,1
22435,8,1
22437,12,1
22447,12,1
22452,5,1
22454,12,1
22455,10,1
22464,8,1
22466,7,1
22470,5,1
22471,5,1
22476,4,1
22481,5,1
22487,8,1
22493,7,1
22496,12,1
22499,8,1
22505,5,1
22515,11,1
22516,9,1
22524,8,1
22530,7,1
22536,8,1
22540,1,1
22541,11,1
22547,10,1
22554,2,1
22558,7,1
22564,6,0
22568,8,1
22572,5,1
22574,8,1
22579,10,1
22581,11,1
22599,12,1
22607,5,1
22609,4,1
22628,2,1
22629,9,1
22639,5,1
22667,9,1
22669,4,1
22671,5,1
22679,5,1
22700,8,1
22705,5,1
22708,9,1
22710,4,1
22712,5,1
22717,12,1
22719,5,1
22728,5,1
22736,8,1
22738,7,1
22745,5,1
22746,7,1
22749,8,1
22752,11,1
22759,7,1
22770,12,1
22772,5,1
22773,7,1
22774,10,1
22776,4,1
22779,9,1
22796,7,1
22803,5,1
22818,8,1
22827,8,1
22831,5,1
22839,9,1
22849,5,1
22857,7,1
22858,12,1
22861,5,1
22863,12,1
22879,8,1
22886,7,1
22889,12,1
22898,8,1
22899,11,1
22905,8,1
22909,5,1
22915,5,1
22917,12,1
22936,8,1
22937,7,1
22943,8,1
22949,12,1
22951,10,1
22960,8,1
22963,8,1
22979,12,1
22980,5,1
23003,8,1
23005,5,1
23006,10,1
23008,5,1
23010,12,1
23018,5,1
23025,5,1
23028,8,1
23029,5,1
23031,5,1
23034,8,1
23036,9,1
23038,7,1
23040,12,1
23046,0,1
23049,5,1
23052,5,1
23055,9,1
23056,5,1
23059,8,1
23067,7,1
23079,12,1
23084,4,1
23085,8,1
23092,5,1
23093,5,1
23095,5,1
23097,5,1
23098,5,1
23107,5,1
23115,5,1
23116,7,1
23123,5,1
23129,6,1
23134,12,1
23136,3,1
23138,5,1
23141,0,1
23145,5,1
23153,5,1
23155,8,1
23159,5,1
23160,7,1
23162,8,1
23164,8,1
23167,7,1
23177,12,1
23181,4,1
23186,8,1
23187,7,1
23189,12,1
23202,12,1
23206,8,1
23214,4,1
23215,4,1
23251,5,1
23254,11,1
23256,11,1
23260,6,1
23261,9,1
23269,8,1
23270,4,1
23295,8,1
23307,5,1
23325,12,1
23330,5,1
23332,4,1
23336,7,1
23344,8,1
23345,8,1
23354,5,1
23357,12,1
23360,4,1
23368,11,1
23370,2,1
23380,5,1
23383,11,1
23385,12,1
23387,4,1
23388,8,1
23390,8,1
23391,12,1
23397,11,1
23398,4,1
23399,8,4
23405,7,1
23406,3,1
23413,8,1
23414,4,1
23416,8,1
23446,8,1
23450,12,1
23454,8,1
23457,4,1
23464,9,1
23470,8,1
23472,7,4
23474,11,1
23477,9,1
23481,6,1
23498,9,1
23499,8,1
23504,11,1
23505,8,1
23514,8,1
23530,5,4
23532,10,1
23536,5,1
23541,8,1
23545,9,1
23559,7,1
23561,12,1
23571,11,1
23573,10,1
23576,5,1
23577,5,1
23581,4,1
23582,8,1
23595,5,1
23597,4,1
23601,5,1
23608,12,1
23613,8,1
23614,7,1
23627,8,1
23631,5,1
23647,12,1
23648,5,1
23653,11,1
23654,5,1
23662,5,1
23669,12,1
23677,4,1
23678,9,1
23681,4,1
23698,6,1
23704,6,1
23705,7,1
23707,5,1
23711,4,1
23717,11,1
23732,9,1
23734,8,1
23739,5,1
23747,5,1
23757,11,1
23758,5,1
23765,12,1
23766,7,1
23767,2,1
23774,12,1
23779,2,1
23781,5,1
23782,5,1
23788,2,1
23797,8,1
23803,8,1
23808,5,1
23809,4,1
23810,10,1
23811,2,1
23812,5,1
23813,5,1
23820,4,1
23821,5,1
23824,12,1
23836,5,1
23837,8,1
23838,8,1
23840,9,1
23841,7,1
23846,7,1
23849,8,1
23857,8,1
23875,7,1
23877,8,1
23887,4,1
23894,7,1
23896,11,1
23900,5,1
23901,8,1
23906,5,1
23915,5,1
23924,8,1
23926,11,1
23939,8,1
23946,8,1
23960,8,1
23963,9,1
23969,5,1
23973,6,1
23975,4,1
23976,5,1
23977,7,1
23989,8,1
23992,5,1
23993,8,1
23995,7,1
24005,12,1
24007,5,1
24011,8,1
24018,7,1
24019,4,1
24024,8,1
24028,8,1
24037,4,1
24040,12,1
24047,12,1
24052,4,1
24058,9,1
24063,8,1
24064,7,1
24070,8,1
24087,12,1
24089,10,1
24092,9,1
24095,2,1
24097,3,1
24103,12,1
24106,11,1
24111,8,1
24118,2,1
24123,5,1
24124,7,1
24130,5,1
24133,7,1
24136,3,9
24140,8,1
24143,5,1
24151,8,1
24152,11,1
24156,5,1
24160,8,1
24163,11,1
24168,12,1
24173,8,1
24176,12,1
24180,5,1
24183,9,1
24197,5,1
24199,12,4
24210,8,1
24213,5,1
24215,4,1
24219,7,1
24228,4,1
24229,5,1
24233,12,1
24235,5,1
24237,8,1
24241,8,1
24244,12,1
24257,8,1
24261,5,1
24268,5,1
24271,0,6
24272,11,4
24275,10,1
24288,5,1
24290,6,1
24294,8,1
24302,8,1
24307,8,1
24313,5,1
24314,5,1
24316,4,1
24325,7,1
24330,3,1
24334,5,1
24342,10,9
24345,9,1
24348,8,1
24350,5,1
24355,6,1
24364,9,1
24365,4,1
24367,5,1
24368,12,1
24384,2,1
24389,8,1
24397,8,1
24400,10,1
24401,3,1
24404,5,1
24409,7,1
24411,7,1
24412,5,1
24416,12,1
24419,9,1
24422,8,1
24427,5,1
24430,4,1
24431,7,1
24433,3,1
24437,5,1
24441,5,0
24444,3,1
24448,7,1
24452,5,1
24461,7,1
24462,9,1
24464,12,1
24468,8,1
24481,4,1
24483,8,1
24485,9,1
24486,8,1
24487,6,1
24488,8,1
24503,7,1
24504,8,1
24508,8,1
24509,5,1
24518,5,1
24535,4,1
24536,8,1
24553,8,1
24555,8,1
24564,5,1
24578,8,1
24589,12,1
24591,4,1
24593,8,1
24594,8,1
24599,8,1
24600,7,1
24604,5,1
24611,10,7
24614,12,1
24619,4,1
24621,3,1
24624,9,1
24627,5,1
24644,8,1
24662,6,1
24668,7,1
24670,12,1
24673,9,1
24675,12,1
24679,4,1
24684,5,1
24692,5,1
24693,12,1
24696,5,1
24697,4,1
24703,8,1
24706,8,1
24708,8,1
24711,5,1
24724,7,1
24725,5,1
24726,5,1
24730,8,1
24732,10,1
24758,8,1
24770,10,1
24773,8,1
24777,5,1
24780,9,1
24787,5,1
24788,4,1
24793,2,1
24796,8,1
24797,12,1
24803,12,1
24807,8,1
24809,8,1
24816,8,1
24817,12,1
24821,7,1
24824,12,1
24832,8,1
24835,8,1
24836,8,1
24837,5,1
24842,7,1
24844,7,1
24848,8,1
24851,9,1
24853,5,1
24860,12,1
24865,8,1
24867,5,1
24869,5,1
24880,7,1
24886,11,1
24887,9,1
24892,5,1
24904,5,1
24905,8,1
24907,7,1
24908,9,1
24910,5,1
24921,5,1
24929,4,1
24934,12,1
24935,8,1
24941,4,1
24943,8,1
24952,3,1
24959,8,1
24963,5,1
24967,7,1
24968,12,1
24972,11,1
24977,7,1
24981,8,1
24984,10,1
24985,12,1
24987,5,4
24988,5,1
24990,9,1
24991,11,1
24992,8,1
24997,7,1
24998,2,1
25017,8,1
25018,10,1
25028,2,1
25032,12,1
25039,7,4
25050,12,1
25056,0,1
25059,11,1
25070,12,1
25079,8,1
25085,2,1
25088,2,1
25090,5,1
25091,12,1
25113,5,1
25122,9,1
25123,5,1
25132,12,1
25145,5,1
25147,8,1
25156,11,1
25157,8,1
25165,4,1
25168,8,1
25173,5,1
25175,5,1
25177,9,1
25180,12,1
25181,9,1
25182,5,1
25183,5,1
25192,11,1
25202,8,1
25208,5,1
25212,7,1
25215,8,1
25221,7,1
25231,5,1
25242,8,1
25246,7,1
25255,9,1
25266,8,1
25268,12,1
25269,8,1
25273,12,1
25276,3,1
25288,8,1
25289,7,1
25293,5,1
25297,4,1
25305,8,1
25314,9,1
25318,8,1
25325,12,1
25326,7,1
25330,8,1
25333,8,1
25337,3,1
25338,8,1
25342,8,1
25345,7,1
25347,7,1
25350,8,1
25354,4,1
25358,8,1
25366,10,1
25371,11,1
25376,11,1
25377,5,1
25378,12,1
25383,11,1
25390,5,1
25394,12,1
25395,12,1
25397,11,1
25398,7,1
25402,7,1
25403,12,1
25413,5,1
25416,8,1
25417,8,1
25425,12,1
25429,8,1
25430,8,1
25437,8,2
25439,7,1
25450,4,1
25457,8,1
25460,8,1
25462,8,1
25463,12,1
25464,8,1
25466,9,1
25471,3,1
25476,8,1
25477,7,1
25478,8,1
25482,8,1
25483,7,1
25489,4,1
25492,5,1
25500,8,1
25501,5,1
25516,8,1
25519,12,1
25523,9,1
25525,5,1
25526,8,1
25530,2,1
25539,5,1
25543,5,1
25544,8,1
25546,8,1
25549,5,1
25550,12,1
25559,5,1
25565,9,1
25572,8,1
25581,4,1
25587,12,1
25589,11,1
25599,6,1
25600,5,1
25604,9,1
25606,5,1
25614,8,1
25617,7,1
25619,2,1
25621,5,1
25626,7,1
25628,8,1
25629,12,1
25641,12,1
25644,2,1
25648,4,1
25657,7,1
25658,12,1
25663,8,1
25667,7,1
25668,12,1
25669,8,1
25694,9,1
25695,7,1
25696,9,1
25701,7,1
25704,7,1
25728,7,1
25731,5,1
25733,5,1
25740,8,1
25748,11,1
25749,8,9
25755,5,1
25756,8,1
25760,3,1
25761,7,1
25766,8,1
25770,12,1
25771,9,1
25774,8,1
25789,3,1
25792,7,1
25794,3,1
25798,5,1
25800,12,1
25806,12,1
25807,3,1
25809,8,1
25812,10,1
25815,5,1
25818,5,1
25823,11,1
25824,5,1
25830,5,1
25838,7,1
25841,5,1
25843,6,1
25847,5,1
25857,8,1
25863,8,1
25869,8,1
25870,7,1
25882,8,1
25889,8,1
25893,9,1
25901,8,1
25904,2,1
25908,7,1
25913,6,1
25919,7,1
25924,8,1
25930,8,1
25931,4,1
25938,12,1
25951,5,1
25965,5,1
25969,12,1
25972,12,1
25975,7,1
25984,12,1
25987,9,1
25994,12,1
25998,12,1
26000,12,1
26008,4,1
26009,5,1
26010,8,1
26020,12,1
26029,5,1
26030,8,1
26032,11,1
26033,11,1
26045,8,1
26046,4,1
26053,9,1
26057,10,1
26065,11,1
26075,12,1
26081,5,1
26084,11,1
26086,5,1
26089,8,1
26097,8,1
26100,7,1
26105,7,1
26110,5,1
26118,7,1
26120,4,1
26126,8,1
26130,8,1
26133,8,1
26141,2,1
26143,8,1
26144,12,1
26147,5,1
26148,8,1
26154,8,1
26155,11,1
26156,12,1
26167,5,1
26172,8,1
26173,5,1
26179,8,1
26180,8,1
26187,8,1
26188,7,1
26189,9,1
26195,9,1
26214,12,1
26216,8,1
26221,12,1
26222,12,1
26223,12,1
26233,12,1
26244,7,1
26245,3,1
26249,8,1
26251,8,1
26255,10,1
26256,2,1
26259,8,1
26270,5,1
26271,8,1
26276,10,1
26277,8,1
26281,5,1
26284,12,1
26287,11,1
26288,8,1
26291,11,1
26300,8,1
26309,7,1
26312,5,1
26313,8,1
26315,10,1
26316,8,1
26318,9,1
26321,10,1
26324,12,1
26330,8,1
26339,8,1
26347,10,1
26348,8,1
26350,3,1
26353,10,1
26354,5,1
26361,12,1
26365,8,1
26368,6,1
26369,5,1
26370,8,1
26377,8,1
26381,8,1
26382,8,1
26383,8,1
26396,4,1
26399,5,1
26401,7,1
26407,1,1
26418,12,1
26423,10,1
26424,5,1
26429,5,1
26432,12,1
26436,8,1
26443,7,1
26452,5,1
26460,9,1
26474,9,0
26478,5,1
26482,6,1
26494,11,1
26496,7,1
26498,5,1
26499,7,4
26503,10,1
26504,8,1
26508,11,1
26510,5,1
26512,8,1
26515,8,1
26521,8,1
26526,9,1
26537,7,1
26539,8,7
26540,12,1
26546,8,1
26552,8,1
26556,5,1
26562,8,1
26567,8,1
26569,8,1
26573,5,1
26584,8,1
26592,4,1
26595,3,1
26599,11,1
26604,7,1
26608,12,1
26610,2,1
26613,8,1
26620,4,7
26626,6,1
26631,5,1
26632,12,1
26636,3,1
26645,7,1
26646,6,1
26650,8,1
26651,7,1
26656,5,1
26657,8,1
26660,8,1
26683,12,1
26684,4,1
26693,7,1
26698,10,1
26699,8,1
26704,9,1
26708,9,1
26711,5,1
26713,5,1
26718,3,1
26728,10,1
26734,10,1
26737,12,1
26740,12,1
26748,12,1
26753,11,1
26754,12,1
26757,7,1
26770,12,1
26773,4,1
26774,8,1
26799,9,1
26806,12,1
26808,8,1
26812,5,1
26822,5,1
26826,11,1
26829,7,1
26835,7,1
26838,7,1
26839,8,1
26842,8,1
26843,5,1
26849,12,1
26850,11,1
26852,5,1
26863,12,1
26870,8,1
26874,8,1
26884,8,1
26892,6,1
26893,3,1
26896,8,1
26899,5,1
26904,5,1
26905,8,1
26910,5,1
26911,12,1
26918,10,1
26921,3,1
26926,8,1
26930,11,1
26937,8,1
26946,4,1
26948,5,1
26952,12,1
26955,2,1
26957,12,1
26961,12,1
26983,9,1
26986,11,1
26989,8,1
26994,8,1
26995,9,1
27001,2,1
27003,5,1
27004,5,1
27010,12,1
27012,8,1
27015,7,1
27023,8,1
27027,12,1
27034,5,1
27041,11,1
27048,5,1
27054,3,1
27055,8,1
27057,7,1
27060,12,1
27061,5,1
27062,5,1
27077,7,1
27078,4,1
27079,9,1
27080,3,1
27082,5,1
27092,5,9
27095,12,1
27099,4,1
27101,11,1
27124,9,0
27129,10,1
27132,4,1
27134,10,1
27141,7,1
27143,4,1
27146,7,1
27147,4,1
27154,9,1
27155,3,1
27156,7,1
27175,0,1
27176,12,1
27181,3,1
27186,3,1
27192,3,1
27197,8,1
27202,12,1
27205,8,1
27212,11,1
27214,5,1
27217,8,1
27221,8,1
27244,12,1
27245,8,1
27246,8,1
27249,7,1
27257,5,1
27262,11,1
27275,8,1
27281,11,1
27282,7,1
27283,8,1
27288,5,1
27296,9,1
27300,8,1
27302,8,1
27311,5,1
27314,8,1
27319,8,1
27321,4,1
27327,9,1
27332,12,1
27337,2,1
27344,5,1
27354,5,1
27366,8,1
27377,5,1
27379,12,1
27383,7,1
27385,12,1
27387,8,1
27389,12,1
27391,8,1
27393,8,1
27399,4,1
27406,2,1
27417,8,1
27422,5,1
27425,2,1
27426,5,1
27429,5,1
27430,7,1
27431,8,1
27435,11,1
27439,3,1
27441,5,1
27447,7,1
27455,8,1
27457,12,1
27478,9,1
27479,2,1
27488,7,1
27504,2,1
27511,12,7
27515,8,1
27518,8,1
27525,5,1
27532,4,1
27536,12,1
27537,12,1
27539,4,1
27541,4,1
27548,8,1
27549,7,1
27552,8,1
27564,5,1
27566,12,1
27568,2,1
27570,5,0
27573,5,1
27578,8,1
27583,8,1
27593,5,1
27595,8,1
27597,5,1
27598,8,1
27601,11,1
27610,8,1
27615,7,1
27620,12,1
27622,5,1
27635,11,1
27640,7,1
27643,5,1
27651,5,1
27652,8,1
27654,8,1
27659,9,1
27660,8,1
27664,7,1
27670,9,1
27677,4,1
27685,12,1
27686,7,1
27700,9,1
27709,5,1
27717,7,1
27721,4,1
27725,4,1
27728,7,1
27741,5,1
27743,12,1
27752,8,1
27764,5,1
27767,11,1
27777,8,1
27778,8,1
27781,5,1
27784,8,1
27788,12,1
27790,8,1
27803,8,1
27808,12,1
27811,10,1
27813,7,1
27814,10,1
27816,7,1
27817,7,1
27819,7,1
27823,11,1
27825,7,1
27830,7,1
27832,8,1
27834,7,1
27839,8,1
27851,7,1
27854,5,1
27856,8,1
27868,5,1
27870,8,1
27873,3,1
27875,8,1
27880,12,1
27884,5,1
27888,8,1
27891,8,1
27900,4,1
27905,8,1
27909,8,1
27930,8,1
27934,8,1
27936,9,1
27937,5,1
27939,9,1
27976,12,1
27978,4,1
27989,8,1
27991,12,1
27992,8,1
27997,5,1
27998,5,1
28005,10,1
28006,10,1
28021,8,1
28022,12,1
28031,5,1
28034,10,1
28038,8,1
28040,8,1
28041,11,1
28044,7,1
28045,8,1
28052,12,1
28053,9,1
28055,12,1
28060,5,1
28061,5,1
28070,8,1
28077,5,1
28078,7,1
28081,5,1
28091,4,1
28092,4,1
28097,4,1
28098,12,1
28105,4,1
28107,8,1
28109,5,1
28110,5,1
28114,8,1
28116,12,1
28117,9,1
28123,8,1
28128,8,1
28129,7,1
28134,5,1
28149,8,1
28151,6,1
28153,5,7
28164,5,1
28166,5,1
28168,9,1
28170,5,1
28174,5,1
28178,7,1
28179,8,1
28185,5,1
28186,8,1
28188,7,1
28189,7,1
28190,4,1
28196,3,1
28201,9,1
28204,7,1
28210,8,1
28215,5,1
28217,9,1
28226,12,1
28236,5,1
28240,8,1
28248,10,1
28259,7,1
28266,12,1
28268,5,1
28269,5,1
28274,7,1
28285,12,1
28286,7,1
28306,7,1
28310,8,1
28313,5,1
28318,7,1
28334,7,1
28338,12,1
28340,7,1
28345,8,1
28349,4,1
28352,8,1
28354,8,1
28355,9,1
28357,8,1
28358,7,1
28366,12,1
28367,12,1
28368,8,1
28370,8,1
28371,11,1
28376,12,1
28377,12,1
28385,12,1
28390,5,1
28414,4,1
28415,5,1
28416,3,1
28421,8,1
28423,8,1
28426,7,1
28442,7,1
28460,5,1
28465,5,1
28468,10,9
28469,8,1
28471,8,1
28478,2,1
28486,9,1
28489,8,1
28492,10,1
28501,11,1
28505,5,1
28511,12,1
28512,11,1
28518,12,1
28523,5,1
28527,7,1
28535,5,1
28536,5,1
28540,11,1
28547,12,1
28548,8,1
28550,12,1
28564,8,0
28568,4,1
28582,7,1
28585,5,1
28606,7,1
28607,5,1
28608,4,1
28611,12,1
28616,8,1
28620,10,1
28645,5,1
28655,12,1
28660,7,1
28664,8,1
28684,7,1
28686,7,1
28695,10,1
28696,10,1
28697,8,1
28698,3,1
28700,7,1
28706,11,1
28715,8,1
28722,5,1
28724,11,1
28726,7,1
28730,1,1
28743,5,1
28765,5,1
28767,12,1
28768,8,1
28773,8,1
28781,8,1
28784,12,1
28786,11,1
28808,8,1
28811,8,1
28820,8,1
28822,9,1
28831,7,1
28853,7,1
28859,11,1
28860,7,1
28862,8,1
28867,7,1
28871,9,1
28876,8,1
28879,11,1
28881,12,1
28884,7,1
28885,7,1
28888,12,1
28889,2,1
28892,8,1
28901,7,1
28910,5,1
28914,7,1
28922,4,1
28934,4,1
28936,2,1
28942,8,1
28945,5,1
28948,9,1
28949,5,7
28957,5,1
28958,12,1
28961,5,1
28962,7,1
28968,2,1
28969,9,1
28976,5,1
28983,11,1
28985,4,1
28986,8,1
28996,12,1
29001,8,1
29002,12,1
29009,12,1
29011,5,1
29019,7,1
29030,7,1
29050,9,1
29051,8,1
29060,5,1
29070,7,1
29075,7,1
29082,5,1
29084,8,1
29085,5,1
29089,12,1
29091,10,1
29092,5,1
29100,10,1
29101,5,1
29105,5,1
29106,5,1
29114,12,1
29124,3,1
29137,5,1
29138,8,1
29142,7,1
29147,8,1
29151,12,1
29153,8,1
29173,8,1
29177,4,1
29178,11,1
29184,7,1
29192,12,1
29204,3,1
29205,8,1
29210,5,1
29216,5,1
29221,8,1
29244,3,1
29247,12,1
29267,8,9
29272,5,1
29275,5,1
29278,8,1
29281,12,1
29296,8,1
29311,5,1
29315,5,1
29323,7,1
29331,7,1
29334,9,1
29344,9,1
29346,8,1
29347,11,1
29348,6,6
29349,7,1
29350,9,1
29356,12,1
29363,11,1
29368,5,1
29372,5,1
29375,5,1
29378,12,1
29391,4,1
29394,7,1
29401,7,1
29403,3,1
29405,12,1
29406,8,1
29411,12,1
29415,8,1
29422,5,1
29439,5,7
29447,7,1
29451,6,1
29453,8,1
29455,8,1
29458,7,1
29460,8,1
29461,5,1
29471,7,1
29478,8,1
29480,7,1
29485,8,1
29491,8,1
29493,8,1
29494,7,1
29502,8,1
29507,5,1
29511,5,1
29516,4,1
29518,7,1
29520,7,1
29532,12,1
29535,8,1
29542,6,4
29543,11,1
29544,8,1
29548,7,1
29550,11,1
29555,4,1
29566,8,1
29569,3,0
29572,4,1
29574,11,1
29575,7,1
29578,9,1
29581,9,1
29598,7,1
29600,8,1
29607,4,1
29608,8,1
29635,9,1
29639,2,1
29645,12,1
29652,5,1
29658,5,1
29660,7,1
29663,11,1
29664,12,1
29670,8,1
29672,8,1
29676,5,1
29677,8,1
29685,2,1
29686,5,1
29689,7,1
29693,5,1
29695,8,1
29696,5,1
29698,8,1
29712,8,1
29713,12,1
29719,8,1
29720,9,2
29721,11,1
29722,12,1
29724,5,1
29725,12,1
29730,5,1
29731,8,1
29737,12,1
29738,7,1
29739,12,1
29740,5,1
29748,5,1
29749,5,1
29752,5,1
29753,7,1
29757,3,1
29769,8,1
29774,7,1
29793,7,1
29795,9,1
29814,8,1
29815,9,1
29816,8,1
29819,3,1
29820,8,1
29822,5,1
29826,12,1
29827,4,1
29832,8,1
29840,9,1
29842,5,1
29848,4,1
29855,5,1
29860,10,1
29862,8,1
29863,5,1
29866,12,1
29890,12,1
29894,8,1
29896,8,1
29905,8,1
29910,12,1
29916,11,1
29930,12,1
29939,7,1
29951,9,1
29973,12,1
29980,7,1
29981,8,1
29983,12,1
29991,4,1
29998,5,1
