5,8,12
7,10,12
15,11,8
21,12,12
25,10,12
26,12,5
31,6,12
35,8,8
41,5,12
48,10,8
52,12,8
54,8,12
62,10,8
63,10,12
64,10,8
71,8,8
72,12,12
74,8,12
78,5,12
84,12,12
95,7,12
104,10,12
116,8,8
117,10,5
133,10,12
139,8,12
149,4,8
158,12,12
159,12,5
160,12,8
162,12,8
163,10,12
176,8,8
182,8,8
187,10,8
195,11,12
196,12,12
197,6,12
199,4,12
206,8,12
207,6,12
214,10,8
219,8,8
225,8,8
227,10,8
235,5,5
236,8,12
239,2,8
251,5,12
259,12,12
266,8,12
269,10,8
278,11,8
287,4,12
291,8,12
293,12,12
294,5,8
299,8,8
307,8,8
308,8,12
309,5,12
316,6,12
320,12,8
322,10,8
327,10,12
329,10,12
337,10,8
346,1,8
348,12,12
383,12,12
389,12,8
390,12,8
397,10,8
404,12,8
420,9,12
422,12,8
425,3,8
430,10,12
433,10,8
440,7,12
448,11,12
449,12,8
450,8,8
454,8,8
455,12,8
460,10,8
463,7,8
464,6,12
467,10,12
468,8,12
479,12,12
481,10,8
484,12,12
487,12,8
488,6,12
489,10,8
494,10,12
499,10,12
500,10,8
507,10,12
511,8,12
514,8,12
526,5,12
528,0,8
536,8,12
542,10,12
549,8,12
558,10,12
559,8,8
560,12,12
562,8,8
572,12,12
573,12,8
581,12,8
586,8,12
587,12,12
589,5,12
591,12,8
594,3,12
596,10,8
598,8,8
599,10,12
601,10,8
605,10,12
611,12,8
613,0,8
618,8,8
620,7,5
628,8,8
637,12,12
640,8,12
641,8,8
653,8,8
656,8,12
661,7,5
669,10,5
687,4,12
701,10,8
702,11,12
703,7,12
705,8,12
708,8,8
710,10,12
712,10,12
713,5,12
716,12,8
721,8,12
722,11,8
728,4,12
734,8,12
739,12,8
741,10,12
743,3,8
746,8,12
749,8,8
751,10,8
753,10,8
754,12,8
757,12,12
760,8,8
764,6,12
765,12,8
770,10,8
773,2,8
777,6,12
785,7,5
794,9,12
804,5,12
818,12,12
826,12,8
828,12,12
830,12,12
834,12,8
839,10,12
844,11,12
848,12,12
852,12,8
854,10,12
857,8,12
863,12,12
864,7,8
866,12,12
875,10,8
876,11,12
881,8,12
884,11,12
885,10,8
888,8,12
889,12,12
896,10,12
899,8,8
902,10,5
904,6,12
905,8,12
912,8,8
920,11,8
922,10,8
930,7,12
932,8,8
936,12,12
940,8,8
942,8,8
951,12,8
955,12,12
959,8,12
961,8,12
963,12,12
973,12,12
974,10,8
978,8,12
982,7,5
986,12,12
987,12,8
996,12,8
998,6,8
999,8,12
1004,5,12
1005,12,12
1010,8,12
1015,8,8
1030,12,12
1047,12,12
1049,12,8
1050,12,12
1054,12,8
1057,8,12
1070,2,8
1074,10,12
1078,5,5
1081,11,8
1082,12,12
1083,12,8
1086,6,8
1096,8,8
1099,10,12
1106,8,8
1107,6,12
1108,12,12
1111,6,8
1126,5,12
1127,12,8
1138,8,12
1141,8,8
1144,11,8
1146,12,8
1159,12,8
1163,6,12
1165,6,12
1168,7,12
1169,4,12
1173,10,12
1181,8,12
1187,7,8
1195,10,12
1203,8,8
1211,7,12
1215,8,8
1216,12,12
1221,8,12
1223,12,5
1225,4,8
1232,8,12
1233,12,8
1234,10,8
1236,12,8
1238,9,8
1239,8,12
1242,8,8
1247,8,8
1254,10,12
1258,12,8
1263,12,12
1264,10,12
1271,12,12
1274,10,12
1275,12,8
1276,10,8
1277,5,12
1289,10,8
1292,3,8
1294,12,8
1296,10,12
1297,12,8
1298,12,8
1300,10,8
1301,12,12
1323,12,8
1325,5,8
1343,2,8
1346,10,5
1348,10,5
1349,9,8
1357,5,5
1368,9,8
1371,8,5
1372,8,12
1374,10,8
1376,12,12
1379,10,12
1380,12,12
1383,10,12
1392,12,12
1404,12,12
1412,12,12
1416,12,8
1423,8,8
1425,7,12
1430,12,8
1431,5,8
1432,12,8
1433,12,8
1437,10,5
1446,8,8
1458,6,12
1463,9,8
1464,12,12
1477,8,8
1489,12,12
1491,4,8
1492,4,12
1510,7,12
1513,12,8
1518,10,8
1521,6,12
1527,5,8
1529,12,12
1532,10,8
1548,11,12
1558,7,7
1567,12,12
1577,3,5
1580,12,8
1581,10,8
1582,6,12
1587,6,12
1588,7,12
1589,12,12
1598,10,8
1599,10,8
1603,12,8
1611,11,12
1612,10,12
1625,12,8
1626,7,8
1628,9,12
1629,12,12
1636,10,12
1637,5,12
1638,5,12
1640,12,8
1645,6,8
1648,12,12
1651,10,8
1657,12,12
1661,11,12
1662,6,5
1666,6,12
1667,12,12
1669,8,12
1670,12,12
1674,11,12
1678,12,12
1681,8,12
1696,12,8
1706,8,12
1710,12,12
1720,10,8
1726,10,12
1734,10,12
1736,5,12
1737,12,12
1740,7,12
1742,12,8
1744,12,8
1747,3,12
1750,12,12
1752,12,8
1763,10,12
1771,12,5
1773,7,12
1781,10,12
1788,12,12
1789,6,8
1794,10,12
1801,10,8
1810,10,8
1817,4,12
1820,12,8
1822,8,8
1826,12,12
1835,12,12
1837,8,12
1838,8,12
1844,11,12
1848,12,8
1849,5,8
1854,12,12
1858,1,12
1862,8,8
1872,12,8
1874,11,12
1876,8,12
1877,8,8
1882,8,5
1884,12,12
1888,12,12
1897,12,12
1900,11,12
1903,12,12
1905,2,8
1922,12,12
1923,11,5
1938,12,12
1939,10,8
1940,12,8
1946,10,8
1955,10,8
1956,3,12
1959,6,12
1963,12,12
1964,8,8
1965,11,5
1967,12,12
1969,10,8
1981,11,12
1991,12,8
1995,12,12
2010,10,12
2018,11,12
2040,12,8
2045,10,12
2053,7,8
2055,10,8
2056,8,8
2079,7,12
2084,10,12
2089,6,8
2090,6,8
2092,10,12
2097,5,8
2099,10,8
2101,12,8
2102,10,8
2104,10,12
2109,12,12
2116,3,12
2119,8,8
2126,5,8
2127,12,12
2129,10,12
2130,12,8
2140,8,12
2156,12,8
2161,8,8
2181,6,12
2182,4,12
2183,8,8
2208,10,12
2209,12,8
2210,6,8
2213,8,12
2218,8,8
2221,12,12
2231,12,8
2233,4,12
2236,1,8
2238,8,5
2246,12,8
2256,5,8
2259,8,8
2269,2,8
2270,8,12
2276,12,12
2287,12,8
2293,6,12
2302,12,12
2306,12,8
2311,5,12
2316,10,12
2317,6,12
2320,2,8
2323,8,12
2328,10,12
2335,3,8
2336,4,12
2340,10,12
2342,9,8
2349,12,12
2355,8,12
2362,11,12
2363,12,8
2366,10,8
2380,8,12
2389,8,8
2400,10,12
2406,7,12
2410,12,12
2412,7,8
2413,8,12
2417,8,8
2423,10,12
2427,11,12
2431,12,8
2433,8,8
2438,11,8
2442,8,8
2447,10,12
2448,10,8
2454,12,12
2460,12,8
2462,12,12
2464,8,12
2471,12,8
2475,5,12
2491,2,12
2501,12,8
2504,10,8
2506,8,8
2508,2,12
2515,10,8
2516,10,8
2518,5,8
2523,10,12
2527,12,12
2529,12,8
2534,12,12
2538,10,8
2541,11,8
2551,10,12
2555,12,8
2559,10,12
2563,6,8
2569,12,8
2577,10,8
2578,9,12
2584,10,8
2586,11,8
2587,12,8
2599,12,8
2602,12,12
2606,12,12
2607,11,5
2613,12,8
2617,12,12
2618,5,12
2621,10,12
2622,11,8
2625,12,12
2627,10,8
2629,10,12
2631,8,12
2642,10,12
2644,2,12
2648,8,12
2654,8,12
2655,12,12
2656,5,8
2662,5,8
2665,0,8
2668,12,12
2672,12,8
2673,12,12
2677,5,12
2685,11,12
2688,7,12
2703,12,5
2707,10,12
2722,10,12
2724,12,12
2726,10,12
2728,10,12
2730,7,8
2736,11,8
2738,12,12
2743,12,12
2744,8,12
2761,12,8
2762,8,8
2763,10,12
2769,3,12
2770,12,8
2771,12,12
2772,12,12
2780,12,8
2793,10,8
2795,6,8
2801,10,12
2802,8,8
2808,10,12
2809,8,8
2813,11,12
2817,10,8
2840,8,12
2846,8,12
2847,12,12
2849,10,8
2854,12,8
2855,4,8
2858,8,8
2863,10,8
2866,9,12
2869,5,8
2877,5,8
2888,5,12
2889,12,12
2902,12,12
2912,8,8
2913,11,8
2915,8,8
2924,8,8
2926,10,12
2937,12,12
2940,12,12
2944,7,12
2945,10,8
2950,12,8
2951,12,12
2952,12,12
2954,12,8
2962,10,5
2975,8,12
2979,10,12
2980,8,8
2982,6,12
2983,8,5
2992,11,8
2994,8,8
2998,6,8
3002,12,12
3004,6,8
3006,12,8
3012,8,12
3017,10,8
3023,12,12
3024,2,8
3026,12,12
3039,6,12
3040,10,12
3050,6,12
3056,7,12
3060,12,8
3070,10,8
3071,12,12
3096,11,12
3108,10,12
3112,12,12
3115,12,8
3117,8,8
3121,9,8
3122,5,5
3127,8,8
3129,3,8
3130,12,8
3134,5,8
3140,10,12
3141,12,12
3152,11,12
3157,6,12
3158,12,5
3160,12,12
3163,9,12
3165,12,8
3174,12,12
3178,8,12
3184,7,8
3186,12,8
3189,3,12
3202,12,8
3203,12,12
3213,0,8
3214,8,12
3220,11,12
3221,11,12
3233,10,12
3234,12,8
3240,10,8
3248,3,12
3255,9,12
3264,12,12
3271,9,12
3272,8,8
3273,12,12
3286,12,8
3290,5,8
3292,10,12
3293,9,12
3298,10,7
3306,12,12
3309,10,8
3322,12,12
3329,7,12
3331,12,12
3332,8,12
3334,12,8
3337,7,8
3343,12,12
3348,12,12
3354,12,12
3366,8,8
3373,12,12
3374,8,12
3382,12,12
3385,10,8
3393,8,12
3395,10,5
3400,12,8
3402,8,8
3406,8,8
3408,12,8
3412,10,8
3416,12,8
3417,12,12
3418,12,12
3437,8,12
3446,11,12
3449,12,8
3462,7,12
3463,10,12
3464,2,12
3474,4,5
3480,11,12
3493,8,8
3494,2,8
3497,12,12
3499,12,12
3500,12,12
3501,10,12
3505,12,12
3506,7,8
3517,10,8
3522,8,8
3523,10,12
3533,12,12
3536,12,12
3545,7,8
3554,11,8
3555,10,12
3561,12,12
3578,10,8
3581,6,12
3582,10,12
3585,10,12
3588,8,12
3589,2,5
3597,12,8
3598,8,8
3602,10,12
3609,3,12
3610,10,12
3614,10,8
3620,7,8
3628,12,12
3632,9,12
3637,5,12
3646,8,12
3648,10,8
3651,8,8
3653,12,8
3662,12,12
3664,12,12
3669,12,8
3672,11,12
3673,12,12
3677,12,8
3696,6,8
3699,10,12
3701,8,8
3703,12,8
3707,8,5
3710,12,12
3716,8,12
3722,8,8
3725,10,12
3730,10,12
3736,10,8
3742,12,5
3744,1,12
3758,10,12
3760,7,12
3764,12,12
3771,12,12
3773,8,8
3785,8,8
3792,10,12
3794,12,8
3800,8,8
3801,8,12
3802,8,8
3803,8,12
3805,5,12
3807,10,8
3817,3,12
3818,12,12
3826,6,12
3838,10,12
3841,10,12
3844,8,8
3846,8,8
3849,10,12
3859,5,12
3861,10,12
3872,10,12
3877,12,8
3878,8,12
3882,10,12
3885,10,8
3888,12,12
3890,8,12
3893,12,12
3903,12,12
3916,10,8
3922,10,8
3924,10,12
3935,8,8
3949,12,8
3950,12,12
3956,7,12
3958,8,8
3965,8,12
3968,12,12
3984,8,8
3989,12,12
3990,7,8
4004,12,8
4007,5,12
4022,5,12
4026,11,8
4029,12,8
4031,11,8
4033,10,12
4037,12,12
4039,8,12
4049,3,8
4050,8,8
4056,12,12
4059,1,12
4061,8,12
4068,5,8
4071,12,12
4077,6,12
4079,10,12
4083,10,8
4085,8,8
4087,8,8
4096,12,12
4099,12,12
4101,4,8
4117,10,8
4120,12,8
4124,7,5
4133,6,12
4134,12,12
4138,10,8
4143,8,12
4155,8,8
4156,10,12
4162,12,8
4163,8,8
4175,12,8
4178,10,8
4182,12,8
4188,3,8
4191,9,12
4193,10,12
4197,10,12
4209,12,12
4214,10,12
4217,8,12
4224,12,12
4228,12,12
4232,12,8
4235,12,8
4237,6,12
4242,12,8
4253,8,8
4262,12,12
4276,12,12
4283,12,8
4285,10,12
4293,10,8
4303,6,12
4304,8,12
4310,8,8
4312,6,12
4317,10,8
4323,10,12
4329,10,12
4333,8,8
4334,6,12
4336,8,8
4337,8,12
4341,8,12
4343,12,12
4345,12,12
4353,12,8
4355,10,12
4358,8,8
4369,12,12
4386,12,8
4391,8,12
4396,8,12
4404,12,12
4408,8,8
4410,12,8
4417,11,12
4426,12,12
4428,8,12
4431,10,5
4432,12,12
4435,5,12
4441,12,8
4442,7,8
4445,6,12
4448,5,12
4460,12,12
4467,3,8
4468,5,5
4471,8,8
4477,12,5
4481,6,12
4482,12,12
4485,10,5
4490,10,8
4492,12,12
4494,2,12
4497,12,12
4502,8,8
4506,2,8
4516,7,12
4525,12,8
4526,7,12
4536,12,12
4539,10,8
4546,8,12
4557,10,8
4566,2,12
4577,8,8
4578,10,12
4582,12,12
4595,10,12
4597,10,12
4602,6,8
4604,8,12
4620,5,12
4622,12,12
4624,12,12
4625,8,12
4627,8,12
4632,5,12
4634,10,12
4638,2,8
4650,12,5
4653,4,12
4658,10,12
4664,10,12
4665,12,12
4667,10,12
4668,3,12
4674,12,5
4675,12,8
4677,4,12
4680,11,8
4692,10,12
4693,11,12
4695,12,12
4699,12,8
4719,10,12
4724,7,5
4729,12,8
4734,8,12
4737,10,12
4743,10,12
4744,10,12
4745,10,8
4752,8,8
4756,8,7
4757,11,12
4758,10,12
4762,5,12
4765,10,5
4770,10,8
4771,12,12
4772,10,8
4777,10,8
4785,12,8
4795,8,8
4798,12,12
4800,7,12
4805,8,12
4811,12,12
4817,12,8
4818,6,12
4839,8,12
4841,8,8
4842,12,8
4845,10,12
4854,11,12
4856,10,12
4859,12,8
4860,8,12
4862,11,12
4865,12,12
4867,6,5
4868,8,12
4870,1,8
4872,7,12
4874,8,8
4876,10,12
4883,10,8
4887,12,12
4891,0,8
4892,8,12
4893,10,8
4894,12,12
4895,8,12
4904,4,12
4910,10,8
4912,6,8
4913,10,12
4923,12,12
4924,10,8
4925,10,12
4926,12,8
4930,12,12
4932,8,12
4933,12,12
4936,11,12
4943,3,12
4954,6,12
4969,12,7
4982,12,12
4985,8,12
5002,12,12
5003,12,12
5005,8,8
5009,7,12
5010,2,5
5014,11,8
5023,11,12
5033,10,8
5039,0,12
5046,12,5
5048,12,12
5050,12,12
5053,4,12
5058,8,12
5061,12,12
5063,1,12
5074,12,12
5077,12,12
5080,12,8
5081,6,5
5084,10,8
5086,12,12
5089,12,5
5098,4,8
5102,10,8
5109,12,8
5113,12,12
5118,8,8
5126,6,12
5131,8,12
5134,7,12
5138,8,8
5145,12,12
5163,10,12
5164,9,8
5165,10,8
5169,12,12
5175,5,8
5179,11,12
5180,10,12
5185,10,8
5186,10,12
5195,12,12
5202,10,8
5204,8,5
5211,10,8
5216,9,12
5219,12,12
5229,10,8
5233,9,12
5234,12,12
5235,12,12
5238,12,8
5239,8,8
5244,8,8
5247,5,12
5249,10,12
5251,10,12
5258,7,12
5260,12,12
5261,10,8
5263,10,12
5269,10,12
5275,12,12
5277,7,5
5308,10,8
5314,12,8
5317,10,5
5324,2,8
5325,12,8
5326,6,8
5328,12,12
5330,11,12
5343,6,12
5346,12,8
5350,4,12
5370,4,12
5375,10,12
5388,0,12
5390,5,8
5400,8,8
5402,12,12
5405,12,8
5411,8,5
5412,10,8
5415,4,8
5419,10,12
5428,10,8
5435,12,12
5436,12,12
5440,12,8
5444,8,12
5448,11,8
5449,5,8
5463,8,8
5465,12,8
5470,10,8
5471,6,12
5475,12,8
5476,7,8
5478,12,12
5485,5,12
5488,10,8
5497,10,12
5500,12,12
5502,8,8
5503,12,12
5506,10,8
5513,6,12
5517,10,12
5524,10,8
5528,10,12
5530,8,8
5541,10,8
5546,11,8
5554,12,12
5555,1,8
5567,12,8
5573,1,8
5575,10,8
5578,11,12
5580,12,8
5584,12,12
5590,10,12
5597,5,12
5600,6,12
5619,10,8
5628,10,8
5633,4,12
5634,12,12
5637,12,8
5639,7,12
5644,10,12
5647,12,12
5654,8,8
5655,12,8
5659,11,12
5675,6,12
5676,11,8
5679,12,8
5682,12,12
5685,12,12
5687,12,8
5688,10,8
5692,4,8
5696,12,12
5703,12,5
5708,12,12
5717,6,8
5719,12,8
5722,10,12
5727,12,5
5730,12,8
5735,5,12
5739,10,8
5743,9,8
5746,12,8
5786,8,12
5791,10,8
5794,6,8
5797,10,8
5807,2,8
5813,9,12
5823,8,12
5827,10,8
5830,10,12
5831,12,12
5833,8,12
5834,3,5
5835,12,8
5842,10,8
5850,8,8
5852,8,8
5855,8,8
5856,8,12
5857,9,12
5865,12,8
5867,8,8
5872,5,12
5874,10,12
5881,8,8
5885,10,12
5906,10,12
5909,12,12
5918,10,8
5924,12,12
5925,12,12
5929,5,12
5936,2,8
5937,8,8
5938,10,12
5944,6,8
5956,8,8
5958,10,12
5960,10,8
5964,12,12
5967,5,8
5970,12,8
5980,12,12
5984,5,12
5998,12,12
6008,8,8
6014,10,12
6030,12,8
6041,8,8
6043,10,8
6044,12,12
6047,8,8
6049,4,12
6050,4,8
6062,10,12
6065,12,8
6067,10,12
6072,10,8
6073,3,8
6080,6,12
6084,11,12
6087,10,8
6091,10,8
6092,9,12
6094,8,12
6108,12,12
6119,8,12
6120,8,8
6125,7,12
6129,12,12
6137,8,12
6139,12,12
6146,8,8
6154,10,12
6169,12,12
6178,8,8
6181,8,5
6189,8,8
6192,12,8
6198,11,8
6199,12,12
6211,9,8
6223,11,12
6224,4,8
6229,12,12
6232,6,8
6234,12,12
6236,7,8
6246,12,12
6247,10,8
6259,8,12
6264,12,12
6267,6,12
6271,10,8
6272,12,8
6274,7,12
6275,12,8
6277,10,8
6279,6,12
6281,5,8
6287,8,12
6293,7,8
6300,3,12
6302,12,12
6309,8,12
6310,5,12
6311,10,12
6312,10,8
6316,1,8
6318,12,12
6321,12,12
6325,10,12
6327,11,12
6329,10,8
6334,10,12
6335,8,8
6340,8,12
6341,8,12
6345,10,12
6346,8,12
6347,5,12
6350,12,12
6351,12,12
6353,11,12
6362,5,8
6363,8,8
6372,12,8
6378,12,8
6383,10,12
6384,8,12
6386,12,12
6391,2,8
6395,12,8
6399,8,8
6400,7,8
6404,12,8
6408,11,12
6409,10,8
6412,12,8
6414,8,12
6415,12,12
6425,8,8
6426,10,12
6427,6,8
6433,12,12
6436,5,12
6447,10,5
6450,12,12
6458,10,8
6460,8,8
6462,8,8
6464,10,12
6469,8,8
6477,8,8
6483,8,5
6487,12,12
6497,5,12
6502,12,12
6509,10,12
6510,6,12
6517,4,12
6518,10,8
6525,2,12
6533,11,5
6537,8,8
6543,2,8
6546,11,12
6550,7,12
6551,12,12
6555,6,12
6557,11,12
6558,12,12
6566,8,12
6569,8,12
6571,9,5
6577,12,8
6578,3,8
6584,9,8
6600,8,8
6601,3,12
6609,9,8
6611,12,12
6614,10,8
6617,8,8
6624,12,5
6626,2,8
6637,10,8
6638,7,12
6639,12,5
6641,12,8
6655,10,12
6657,12,12
6670,10,8
6673,7,8
6679,2,8
6683,12,12
6684,10,12
6686,4,8
6689,10,8
6691,8,8
6695,6,8
6696,12,8
6700,8,12
6713,8,8
6721,7,12
6739,8,8
6740,12,12
6742,10,12
6749,12,8
6751,10,5
6754,8,8
6768,5,8
6771,12,12
6774,10,12
6779,11,12
6782,12,8
6783,9,8
6787,12,8
6788,10,8
6789,10,8
6794,10,12
6795,11,8
6801,10,8
6802,8,12
6813,6,12
6815,11,12
6823,12,8
6827,6,12
6829,12,8
6841,12,8
6853,12,5
6854,5,8
6855,2,8
6859,10,5
6870,10,8
6883,12,12
6890,10,12
6891,7,12
6892,12,12
6894,10,5
6902,12,12
6903,12,12
6904,10,12
6906,4,5
6915,12,8
6919,12,12
6923,8,12
6930,10,8
6938,12,8
6939,12,8
6942,6,12
6946,10,12
6948,5,12
6949,12,12
6950,9,12
6972,0,12
6974,8,12
6989,8,12
7000,10,8
7007,10,12
7013,8,8
7014,8,8
7016,12,12
7021,8,12
7028,6,8
7034,12,8
7040,12,12
7050,10,12
7056,10,8
7059,5,8
7060,8,5
7064,8,8
7065,8,8
7068,11,8
7088,10,8
7090,6,12
7091,10,8
7092,12,12
7111,5,12
7113,10,8
7114,8,12
7118,10,8
7121,10,8
7125,12,8
7126,6,12
7127,12,12
7129,12,8
7140,10,8
7141,4,12
7153,11,8
7154,8,8
7157,8,12
7159,12,8
7160,4,12
7164,5,12
7168,11,12
7169,12,8
7170,10,12
7182,10,12
7188,10,8
7211,4,12
7212,11,12
7219,12,8
7225,12,8
7227,6,8
7241,8,12
7245,5,8
7246,12,12
7249,11,12
7260,9,8
7263,8,8
7265,8,8
7269,10,12
7281,10,12
7285,11,8
7293,8,8
7300,11,8
7305,9,12
7319,12,12
7322,12,12
7328,6,12
7348,10,12
7355,10,12
7357,6,12
7358,10,12
7362,9,12
7380,8,8
7386,12,8
7388,9,8
7390,12,12
7392,8,5
7394,10,5
7403,12,12
7404,12,12
7412,10,12
7419,12,12
7426,12,12
7428,9,5
7429,8,12
7430,6,12
7432,8,8
7436,11,8
7437,5,5
7446,12,12
7448,12,8
7451,12,8
7452,8,8
7455,10,12
7463,12,12
7467,12,12
7471,8,12
7476,8,8
7478,12,12
7484,10,8
7490,12,8
7494,12,12
7503,8,8
7510,2,8
7511,8,8
7513,12,12
7515,12,12
7518,6,12
7522,10,8
7526,12,12
7532,10,8
7534,12,12
7539,12,5
7540,12,8
7541,11,12
7543,10,8
7545,8,8
7557,8,12
7564,12,12
7565,10,12
7567,11,8
7569,12,8
7580,12,8
7586,12,12
7597,12,12
7602,8,8
7606,8,8
7607,12,8
7608,10,12
7609,10,12
7619,4,8
7623,12,12
7625,4,12
7626,5,12
7628,8,8
7631,12,8
7634,10,12
7639,8,5
7642,8,5
7644,10,8
7645,12,12
7646,8,12
7647,12,12
7648,12,5
7650,8,12
7654,10,8
7655,5,12
7658,10,8
7668,10,12
7670,7,8
7677,12,12
7682,7,12
7683,9,12
7687,10,12
7688,12,8
7692,12,12
7697,8,8
7704,10,8
7707,10,8
7716,12,12
7725,8,8
7732,5,8
7733,10,12
7736,9,12
7742,6,12
7751,10,12
7756,11,8
7757,10,8
7764,10,12
7766,12,12
7768,0,8
7777,8,12
7780,12,8
7781,8,8
7784,12,12
7785,12,12
7786,10,12
7788,11,8
7797,12,8
7798,8,8
7800,9,5
7818,12,8
7820,10,8
7824,5,8
7830,6,8
7831,12,8
7838,3,8
7842,12,8
7851,10,5
7856,8,12
7879,7,5
7886,12,12
7892,10,12
7898,4,12
7906,5,5
7912,12,12
7915,10,12
7916,10,12
7927,12,8
7928,8,8
7935,8,12
7936,8,12
7938,12,12
7939,4,8
7944,10,12
7951,4,12
7952,10,12
7956,10,8
7958,10,8
7960,12,8
7972,5,12
7975,12,8
7977,12,8
7984,12,8
7985,12,12
7986,10,12
7987,12,12
7995,8,12
7996,5,8
7998,12,12
8012,8,8
8023,8,8
8034,11,12
8036,11,12
8047,11,12
8050,8,12
8053,12,12
8054,5,12
8068,5,8
8069,12,12
8071,8,8
8074,3,12
8076,12,12
8080,6,12
8090,12,8
8095,10,12
8100,6,12
8103,12,5
8104,8,8
8109,10,8
8111,10,8
8115,8,12
8137,8,8
8142,5,12
8144,12,12
8149,2,12
8156,10,12
8162,12,8
8163,8,8
8168,10,12
8171,8,8
8173,6,8
8176,12,8
8181,12,5
8188,7,5
8192,12,8
8194,3,12
8195,5,12
8197,12,12
8208,12,12
8215,12,8
8228,10,12
8229,6,12
8261,12,12
8271,6,12
8278,7,12
8280,10,12
8283,12,12
8284,10,12
8285,12,8
8294,12,8
8295,8,12
8299,5,12
8300,8,8
8303,12,8
8304,11,12
8306,8,12
8315,5,12
8325,12,8
8326,8,12
8334,12,8
8341,10,8
8347,6,12
8348,11,8
8359,12,8
8366,2,8
8372,10,12
8373,5,12
8376,12,8
8384,4,8
8389,12,12
8390,8,8
8392,10,12
8396,7,12
8398,12,12
8399,6,5
8400,7,12
8401,11,5
8402,12,5
8406,6,12
8414,9,12
8417,12,8
8419,12,12
8422,12,8
8426,10,8
8428,7,12
8435,5,8
8440,12,12
8441,8,8
8449,12,12
8451,11,12
8452,8,8
8453,12,5
8455,11,12
8456,12,12
8464,10,12
8471,12,8
8475,12,8
8489,11,12
8493,12,8
8499,10,12
8501,10,12
8514,8,8
8516,9,8
8519,12,12
8521,2,12
8538,8,5
8539,12,8
8558,10,8
8562,2,12
8564,0,12
8566,10,8
8568,10,12
8578,12,8
8595,8,8
8603,12,12
8610,6,12
8613,12,12
8624,10,8
8629,4,12
8630,12,8
8639,8,12
8645,5,12
8647,11,12
8655,10,8
8658,11,12
8661,10,12
8663,12,8
8673,10,8
8674,11,12
8678,10,8
8685,12,12
8698,11,8
8700,12,12
8706,5,12
8715,11,12
8718,12,12
8719,10,12
8720,8,12
8721,12,12
8724,7,12
8730,10,8
8743,8,8
8747,8,8
8757,12,12
8760,4,8
8765,8,12
8769,8,5
8771,12,12
8780,10,8
8783,4,8
8785,12,12
8796,7,8
8798,12,8
8799,8,8
8803,10,12
8804,8,8
8810,6,12
8816,12,8
8818,10,12
8830,10,12
8837,6,12
8841,10,12
8846,12,12
8851,5,12
8857,10,5
8858,0,8
8860,12,12
8872,8,12
8875,12,12
8881,10,12
8890,12,8
8897,8,8
8899,10,8
8900,5,12
8910,12,8
8919,4,8
8929,10,8
8932,11,5
8933,11,8
8950,1,12
8953,8,12
8959,12,12
8967,12,12
8968,12,8
8982,12,12
8983,7,8
8985,8,8
8986,1,12
8990,12,8
8994,12,12
9002,12,8
9003,6,5
9008,5,12
9011,8,8
9013,8,8
9024,12,12
9037,12,8
9047,8,12
9048,7,12
9053,9,12
9059,11,8
9076,11,5
9082,6,8
9084,10,12
9086,12,8
9094,12,8
9095,8,12
9096,11,8
9100,12,8
9121,12,8
9124,12,12
9127,12,12
9128,12,12
9132,10,8
9136,8,12
9146,12,7
9149,11,8
9157,7,12
9159,12,8
9178,8,8
9181,12,12
9191,12,12
9193,8,12
9200,12,12
9201,12,8
9207,2,8
9224,8,5
9228,8,12
9230,2,8
9240,10,8
9253,8,8
9255,12,5
9257,8,12
9267,10,12
9273,12,5
9284,10,12
9288,12,12
9291,10,12
9300,12,8
9302,8,8
9305,11,12
9316,11,8
9320,8,12
9329,6,8
9334,10,8
9336,8,8
9338,11,8
9342,12,8
9343,10,12
9344,10,12
9345,8,8
9356,6,12
9357,12,12
9361,12,8
9364,12,12
9366,12,12
9368,12,12
9372,5,8
9387,10,8
9396,8,8
9397,9,12
9398,10,12
9399,12,8
9400,1,12
9406,12,8
9407,10,5
9411,5,12
9414,12,8
9418,12,8
9425,11,12
9431,12,8
9434,10,12
9438,12,12
9451,12,8
9452,10,12
9457,8,8
9465,12,8
9467,12,8
9475,8,8
9481,12,8
9482,11,12
9491,8,8
9492,12,12
9510,6,12
9511,12,5
9517,12,12
9518,7,12
9521,12,12
9527,2,12
9534,8,12
9535,12,8
9542,8,12
9543,10,12
9550,10,8
9556,12,8
9557,8,8
9560,8,8
9577,8,8
9582,8,8
9586,9,8
9603,10,12
9607,2,12
9613,10,8
9616,3,12
9618,2,8
9625,12,5
9626,9,8
9642,8,12
9645,12,12
9650,9,8
9651,8,8
9658,11,8
9659,4,8
9669,12,12
9688,3,12
9692,12,8
9699,8,8
9702,12,12
9713,11,12
9714,8,8
9719,5,12
9728,4,8
9729,5,8
9736,10,12
9738,5,8
9740,8,8
9742,12,8
9743,11,12
9749,10,12
9767,12,12
9776,12,12
9777,12,12
9790,10,12
9795,10,12
9806,3,12
9812,10,12
9819,8,12
9820,6,12
9821,10,8
9823,8,8
9829,12,12
9830,10,8
9832,4,8
9841,12,8
9855,4,12
9858,7,8
9867,12,8
9873,12,8
9891,10,8
9899,10,12
9908,5,12
9914,12,12
9916,8,5
9922,10,12
9926,5,12
9930,8,12
9935,8,8
9937,8,12
9940,10,5
9941,12,12
9946,8,8
9950,12,12
9953,12,12
9957,3,8
9958,12,12
9973,8,8
9977,8,12
9978,4,12
9979,10,12
9983,5,12
9987,8,12
9990,12,5
9995,8,8
10001,7,8
10009,8,8
10011,8,8
10017,10,12
10018,6,12
10019,12,12
10040,8,8
10048,12,12
10052,11,12
10058,10,12
10071,8,12
10075,10,12
10085,10,12
10087,8,12
10090,4,8
10100,10,5
10103,8,12
10110,10,12
10112,10,8
10114,8,12
10115,8,8
10129,8,8
10131,5,12
10142,8,12
10143,8,12
10145,5,12
10146,10,12
10161,10,8
10163,9,12
10166,10,5
10169,10,12
10184,8,8
10185,1,5
10187,10,5
10189,10,12
10194,11,8
10205,8,8
10207,8,8
10231,12,12
10233,8,12
10234,12,8
10239,6,12
10244,2,8
10250,8,8
10254,10,8
10255,10,8
10258,12,12
10279,10,12
10282,10,12
10286,8,12
10289,10,12
10300,3,8
10301,9,12
10305,10,5
10313,10,12
10317,7,12
10320,10,8
10326,11,12
10329,11,12
10333,3,12
10341,9,8
10348,12,12
10349,6,12
10362,10,12
10364,12,12
10366,5,12
10370,12,12
10383,4,12
10385,10,12
10391,7,5
10392,11,8
10394,12,8
10403,10,12
10406,12,8
10409,12,8
10415,6,8
10423,8,12
10424,10,12
10425,8,12
10427,8,12
10432,8,8
10433,8,8
10436,12,8
10441,9,12
10443,10,8
10453,12,8
10461,10,8
10463,12,8
10475,10,8
10478,8,12
10479,12,12
10484,10,12
10485,8,8
10490,7,12
10491,10,12
10493,7,8
10495,12,8
10519,12,8
10524,8,8
10527,11,12
10532,12,12
10534,9,12
10538,10,8
10542,8,8
10545,10,8
10552,8,8
10554,4,12
10560,12,12
10569,8,8
10574,12,8
10575,12,5
10588,12,8
10592,10,12
10602,8,8
10605,6,12
10608,12,12
10610,10,12
10612,8,8
10614,12,12
10620,2,8
10621,12,12
10622,12,12
10643,2,8
10650,12,12
10656,12,12
10657,12,12
10658,10,8
10660,10,8
10666,10,8
10667,7,12
10668,10,12
10674,10,8
10678,12,12
10683,12,12
10685,12,12
10691,12,12
10704,12,12
10705,10,12
10706,12,8
10708,12,8
10732,8,8
10739,8,8
10745,12,12
10754,10,8
10767,12,8
10770,8,12
10772,8,8
10774,12,12
10777,10,8
10780,12,8
10785,10,8
10803,12,12
10805,10,8
10807,10,12
10816,5,5
10818,8,8
10823,12,12
10824,12,12
10826,7,12
10827,12,12
10847,10,8
10855,10,12
10859,10,12
10870,12,12
10873,10,12
10877,12,8
10881,8,12
10912,8,8
10917,12,8
10922,12,12
10924,10,12
10925,12,12
10927,4,12
10929,7,12
10934,12,12
10940,12,12
10947,12,12
10948,8,8
10952,8,12
10956,6,12
10964,12,12
10966,8,5
10967,10,8
10980,7,12
10981,12,8
10986,10,5
10988,10,12
10990,12,12
10991,12,8
10998,11,8
10999,12,12
11002,8,12
11005,7,12
11016,8,12
11020,12,12
11027,10,12
11032,12,12
11036,12,12
11037,8,8
11049,9,8
11054,12,8
11067,7,5
11071,10,12
11086,12,8
11090,10,12
11092,10,12
11095,11,12
11102,8,8
11103,8,12
11107,1,8
11109,8,8
11112,8,8
11118,8,8
11126,8,8
11128,10,5
11142,12,8
11145,8,8
11158,7,8
11161,5,12
11169,11,8
11170,12,8
11173,12,12
11186,10,8
11193,5,12
11229,12,8
11231,10,12
11232,10,8
11235,2,8
11240,12,8
11249,8,8
11255,12,12
11256,1,12
11258,8,12
11263,10,12
11270,12,12
11275,10,12
11277,12,8
11279,10,12
11280,12,12
11286,6,12
11294,8,8
11295,8,12
11297,10,12
11304,11,8
11305,5,12
11312,4,12
11313,8,12
11320,12,12
11327,11,12
11329,10,8
11335,10,8
11337,8,8
11355,12,12
11358,8,5
11360,8,8
11362,7,12
11376,10,12
11378,12,12
11380,10,8
11381,12,8
11382,11,12
11393,10,12
11394,12,12
11397,10,12
11422,10,12
11423,8,8
11424,12,8
11432,10,8
11435,8,8
11437,8,8
11441,10,12
11444,8,8
11448,5,8
11455,12,8
11462,8,8
11465,12,12
11466,12,12
11470,10,8
11482,10,8
11486,5,12
11501,12,12
11507,5,12
11527,12,8
11537,11,8
11538,12,12
11542,12,12
11548,2,8
11555,10,8
11559,6,12
11561,12,12
11565,10,12
11567,11,12
11572,12,8
11579,2,12
11580,5,12
11581,11,12
11583,10,12
11587,11,12
11591,8,12
11594,8,12
11602,6,8
11604,10,12
11626,12,12
11627,10,8
11633,12,12
11635,8,8
11636,8,12
11638,8,8
11640,11,12
11641,8,8
11644,12,12
11659,8,8
11661,10,8
11665,12,12
11668,8,12
11672,9,8
11673,10,12
11674,10,12
11676,8,8
11679,12,8
11691,7,12
11697,7,12
11698,12,8
11703,12,12
11708,10,8
11710,8,8
11714,11,12
11721,12,8
11724,12,12
11726,10,12
11740,7,8
11752,11,12
11756,12,12
11766,12,12
11770,6,8
11771,8,12
11778,11,8
11780,8,8
11786,8,12
11798,10,12
11799,10,12
11804,12,8
11805,8,8
11807,9,12
11808,10,8
11811,10,8
11813,10,12
11814,10,12
11815,7,12
11827,5,8
11837,7,12
11842,7,12
11850,6,8
11853,8,12
11858,6,12
11861,10,12
11872,12,8
11881,8,8
11889,6,12
11890,8,12
11917,1,12
11923,10,12
11928,12,12
11931,10,12
11940,10,12
11944,12,12
11949,12,8
11954,10,8
11956,10,12
11962,12,12
11966,11,12
11973,8,8
11980,8,8
11992,12,12
11994,8,8
11995,11,8
11996,10,12
11999,8,8
12003,10,12
12009,3,12
12012,12,8
12019,12,8
12020,10,12
12021,11,5
12024,8,12
12030,10,12
12034,6,12
12047,12,12
12053,8,8
12092,8,8
12095,12,12
12115,6,12
12121,9,12
12127,8,8
12133,12,12
12137,4,12
12138,12,8
12147,11,8
12156,10,12
12162,8,12
12166,1,5
12171,7,5
12176,12,8
12187,8,12
12196,12,5
12202,12,12
12204,12,12
12209,12,12
12213,12,12
12222,8,12
12223,12,12
12228,8,12
12237,10,12
12238,10,12
12240,8,12
12244,3,8
12257,6,12
12267,12,12
12270,4,12
12277,1,5
12285,7,12
12287,10,8
12288,7,8
12299,12,12
12321,12,12
12322,12,12
12323,8,8
12325,12,8
12330,12,12
12333,6,12
12348,10,12
12358,12,8
12361,12,8
12366,12,12
12373,5,12
12374,12,12
12376,11,12
12389,4,8
12391,9,12
12393,6,8
12400,11,8
12416,7,12
12422,8,12
12423,12,8
12429,11,8
12445,4,12
12446,10,8
12451,12,12
12452,6,8
12453,8,8
12455,12,8
12463,12,12
12468,10,8
12469,12,12
12470,10,12
12486,12,5
12488,4,5
12493,12,12
12502,12,12
12508,8,8
12510,8,12
12514,3,12
12519,8,8
12521,10,12
12528,8,8
12533,5,8
12538,2,8
12543,12,8
12549,8,8
12561,6,8
12573,12,12
12577,5,12
12582,11,12
12583,8,12
12589,12,12
12593,12,8
12612,10,8
12613,9,12
12614,10,12
12621,12,8
12623,6,12
12625,12,12
12636,2,12
12639,8,8
12640,8,8
12648,12,8
12650,8,12
12661,12,12
12671,10,12
12674,7,12
12675,4,8
12680,10,12
12687,5,8
12693,6,12
12697,12,12
12700,8,8
12706,10,8
12709,8,8
12710,10,8
12715,12,12
12725,9,12
12727,2,8
12730,10,12
12731,10,8
12735,8,8
12741,12,8
12752,10,8
12760,12,12
12761,10,8
12764,10,8
12767,8,12
12772,12,12
12774,12,8
12775,12,12
12777,12,12
12782,12,12
12784,8,8
12789,11,5
12795,12,12
12797,10,5
12801,5,12
12803,12,8
12804,8,12
12819,8,8
12823,12,8
12825,11,8
12827,12,12
12829,11,8
12834,7,8
12837,10,8
12839,12,12
12840,10,8
12841,12,8
12842,8,5
12846,12,12
12858,8,12
12865,8,8
12875,12,8
12878,7,12
12879,12,12
12885,2,8
12888,7,12
12893,10,8
12894,2,12
12905,12,12
12931,10,8
12932,6,5
12937,10,5
12946,10,8
12950,6,12
12951,12,8
12953,4,12
12954,10,8
12962,10,12
12965,12,12
12975,7,5
12976,10,12
12990,10,8
12992,12,12
12996,12,8
12999,8,12
13005,12,12
13008,12,8
13012,10,5
13016,10,12
13020,10,12
13023,4,5
13025,6,8
13028,7,12
13029,12,8
13035,12,12
13040,12,8
13043,2,12
13049,8,8
13050,10,12
13074,12,12
13077,12,12
13078,12,8
13083,12,12
13085,10,12
13108,6,8
13110,8,12
13117,12,12
13118,12,8
13121,5,12
13122,8,8
13124,12,12
13126,8,12
13127,12,12
13128,8,12
13132,12,8
13135,11,8
13136,7,12
13147,8,8
13151,12,8
13155,9,8
13158,3,8
13160,12,12
13161,8,12
13165,10,12
13168,12,8
13172,10,12
13173,8,12
13176,12,12
13177,10,12
13182,10,8
13183,12,12
13186,6,12
13187,10,12
13189,12,12
13199,1,12
13200,12,8
13202,12,12
13208,8,12
13209,10,8
13211,9,8
13215,12,12
13217,12,8
13218,11,8
13223,6,12
13224,10,8
13238,6,5
13244,8,8
13254,8,8
13261,11,12
13265,9,5
13267,6,8
13270,7,12
13273,12,12
13274,12,12
13277,10,12
13280,12,8
13286,10,12
13288,12,8
13291,11,12
13302,12,12
13305,12,12
13307,10,8
13309,10,8
13311,10,8
13312,12,12
13313,10,12
13329,0,8
13336,11,5
13343,12,12
13344,10,8
13349,12,8
13368,10,12
13369,12,12
13372,12,8
13376,10,12
13384,10,12
13391,12,12
13397,6,8
13399,12,8
13400,12,12
13401,12,12
13402,7,8
13405,10,12
13409,5,12
13416,7,8
13417,5,5
13418,10,12
13419,8,12
13428,8,12
13429,7,12
13432,12,8
13438,12,12
13447,10,12
13448,8,8
13457,10,12
13459,4,8
13465,10,12
13473,12,12
13475,9,5
13480,11,5
13485,8,8
13487,11,5
13488,7,12
13492,12,8
13494,2,8
13496,10,12
13504,10,12
13507,8,8
13510,11,12
13511,12,12
13512,7,8
13513,8,8
13515,12,12
13516,12,8
13518,8,8
13532,8,8
13533,3,12
13536,3,12
13538,12,8
13540,10,12
13543,10,8
13557,8,12
13566,9,8
13595,12,8
13604,2,12
13609,5,8
13621,9,8
13632,10,12
13635,12,12
13645,10,12
13648,11,8
13655,12,8
13660,10,12
13661,10,12
13665,8,8
13668,10,5
13669,10,12
13671,10,8
13673,7,12
13681,10,12
13688,12,12
13691,5,12
13698,12,8
13714,8,12
13716,8,12
13725,12,12
13730,8,8
13733,10,12
13734,10,8
13739,8,12
13744,3,12
13750,2,8
13751,8,5
13754,12,12
13755,12,12
13762,12,12
13765,12,8
13768,11,12
13803,10,8
13810,4,12
13811,8,8
13814,12,8
13815,12,8
13816,11,12
13822,8,8
13830,4,8
13832,12,12
13840,12,8
13847,10,8
13848,5,8
13857,12,12
13864,8,8
13870,11,12
13877,12,8
13880,12,12
13883,8,8
13888,10,12
13892,3,8
13894,10,12
13896,12,12
13897,12,8
13898,12,8
13900,10,7
13901,6,8
13902,12,8
13904,7,8
13905,5,8
13907,5,8
13908,8,12
13912,8,8
13924,12,8
13933,7,12
13935,8,8
13941,12,8
13942,2,5
13943,10,12
13945,4,12
13948,12,12
13951,12,12
13952,11,12
13957,12,8
13960,11,12
13964,8,12
13965,8,8
13975,12,5
13985,8,12
13989,8,12
13998,8,8
14002,11,12
14007,10,12
14009,12,12
14010,8,12
14016,12,12
14019,5,8
14024,9,8
14027,8,12
14034,8,8
14048,12,12
14057,5,12
14058,3,12
14063,10,8
14066,12,12
14073,12,8
14081,10,8
14098,8,8
14111,4,12
14113,0,12
14123,4,12
14127,12,8
14130,12,12
14137,10,8
14138,8,8
14141,12,5
14149,12,12
14150,8,12
14154,10,12
14171,12,12
14173,10,12
14175,10,8
14176,4,12
14192,7,5
14193,12,12
14199,10,8
14200,8,12
14203,8,12
14205,1,12
14210,2,12
14211,2,12
14215,12,8
14217,7,5
14223,8,8
14229,12,8
14232,12,8
14233,8,8
14239,8,12
14253,10,12
14254,12,12
14266,12,5
14278,12,12
14284,12,8
14289,8,8
14292,11,12
14293,8,8
14302,8,8
14303,10,12
14307,10,12
14308,8,8
14322,10,8
14323,10,12
14326,10,12
14335,6,8
14340,10,8
14344,7,8
14349,8,8
14350,10,12
14353,6,12
14368,10,8
14375,2,12
14380,2,12
14383,8,8
14386,3,12
14391,10,12
14393,10,8
14396,12,12
14407,12,12
14413,12,12
14420,5,8
14421,10,12
14424,7,12
14429,8,12
14434,10,8
14444,12,12
14449,11,12
14452,8,8
14453,12,12
14457,6,12
14460,5,5
14465,10,8
14478,10,8
14479,11,8
14481,12,12
14482,12,8
14486,8,8
14491,10,12
14492,12,12
14494,12,8
14507,10,12
14510,12,8
14516,6,12
14520,12,8
14521,10,12
14523,3,12
14525,11,12
14531,10,12
14560,5,12
14568,5,12
14573,10,12
14579,10,12
14582,6,12
14588,10,12
14590,8,8
14591,8,8
14595,6,12
14599,8,5
14601,8,12
14606,10,8
14609,8,12
14615,12,8
14617,10,8
14619,8,12
14620,8,8
14622,6,12
14626,10,12
14628,7,8
14633,10,8
14635,10,8
14644,8,8
14652,8,12
14654,10,8
14655,10,12
14658,10,12
14660,8,8
14669,6,12
14672,11,12
14673,8,8
14676,10,8
14686,12,5
14700,8,12
14702,10,8
14706,10,8
14707,8,8
14713,7,5
14714,10,12
14715,4,5
14717,2,8
14719,6,12
14725,10,12
14727,2,8
14741,10,12
14755,12,12
14756,10,12
14777,3,12
14780,12,12
14783,10,8
14785,10,8
14793,10,8
14798,6,5
14802,3,12
14805,10,8
14806,10,12
14808,12,8
14809,10,8
14824,8,12
14837,12,12
14838,8,8
14839,10,8
14842,12,8
14843,12,8
14844,10,12
14857,8,12
14862,10,8
14873,10,8
14883,11,8
14884,12,12
14885,10,12
14894,6,8
14895,11,12
14897,12,8
14898,12,8
14899,10,5
14905,10,12
14907,12,12
14908,12,12
14912,12,12
14916,5,8
14924,11,12
14925,8,12
14926,10,12
14932,10,12
14934,6,12
14951,12,12
14954,12,12
14955,12,8
14956,8,12
14957,11,12
14958,12,12
14959,8,12
14961,12,12
14967,10,12
14968,10,8
14976,10,12
14977,10,12
14979,7,8
14991,8,8
14992,10,8
14994,12,8
14995,2,12
14999,8,12
15001,11,8
15003,10,8
15007,6,12
15009,12,12
15011,6,12
15014,12,12
15027,12,12
15035,11,8
15041,2,12
15044,8,12
15058,6,8
15062,8,12
15070,12,12
15072,4,12
15076,12,12
15086,8,8
15087,8,12
15088,8,8
15095,5,12
15100,8,8
15102,6,12
15103,10,12
15112,11,8
15115,12,12
15116,8,8
15117,8,12
15119,5,12
15125,12,8
15129,8,12
15133,8,12
15138,12,8
15139,11,12
15141,12,12
15146,12,8
15147,9,12
15152,12,12
15158,5,12
15159,6,12
15161,10,12
15166,12,12
15168,12,12
15173,12,12
15177,10,12
15182,12,12
15183,6,8
15186,8,12
15189,4,8
15194,10,12
15197,10,8
15199,9,8
15201,8,8
15203,6,12
15204,12,12
15205,1,12
15212,8,8
15214,12,8
15224,10,8
15225,8,8
15230,10,12
15233,10,8
15242,10,12
15248,12,12
15250,7,12
15253,10,5
15256,4,8
15260,12,12
15268,10,12
15270,12,12
15274,12,8
15277,12,8
15293,10,12
15297,10,8
15307,7,8
15312,12,8
15318,8,8
15321,8,8
15323,12,8
15333,8,12
15344,8,12
15345,4,12
15347,10,5
15357,8,12
15362,12,12
15370,11,12
15372,7,12
15380,10,8
15386,11,12
15388,10,12
15391,7,12
15394,5,5
15395,9,12
15396,10,8
15401,8,12
15411,10,12
15412,10,12
15414,2,12
15418,10,12
15421,10,12
15422,8,8
15427,5,12
15437,10,12
15438,10,5
15444,11,8
15446,12,5
15449,10,8
15457,12,12
15462,10,12
15466,2,12
15469,10,8
15470,12,12
15472,12,8
15478,10,12
15483,3,12
15489,5,8
15498,4,8
15499,10,12
15510,8,12
15511,8,12
15516,2,12
15525,12,12
15526,5,12
15535,8,8
15540,12,12
15542,11,8
15543,12,12
15545,12,8
15546,6,12
15554,6,12
15559,8,8
15560,10,8
15563,8,8
15566,12,12
15579,12,12
15583,8,8
15585,8,12
15589,1,8
15591,12,5
15596,10,8
15616,8,8
15620,12,5
15624,11,12
15628,10,8
15630,10,12
15634,10,8
15638,12,8
15642,8,12
15650,2,8
15652,10,12
15655,6,12
15657,3,12
15659,12,12
15662,10,12
15663,12,12
15669,10,12
15675,12,12
15677,9,8
15680,10,12
15682,7,8
15683,3,8
15687,8,8
15696,3,5
15700,12,5
15702,12,12
15704,10,8
15706,12,12
15707,6,12
15710,10,12
15712,12,12
15717,12,12
15718,12,8
15728,8,8
15735,10,8
15738,12,8
15741,5,12
15742,5,5
15766,6,8
15769,10,12
15771,12,12
15775,8,8
15789,10,12
15790,8,8
15794,10,8
15795,8,8
15800,12,12
15803,6,8
15805,8,12
15816,7,12
15819,10,12
15820,4,12
15822,2,12
15835,10,12
15837,7,12
15842,6,8
15844,7,12
15845,12,8
15859,10,8
15861,8,12
15863,12,8
15866,12,8
15869,10,8
15876,12,12
15877,12,8
15880,8,12
15894,12,12
15896,1,8
15898,10,8
15900,12,12
15904,9,8
15910,8,5
15923,5,12
15930,10,8
15936,10,12
15957,10,12
15970,5,5
15972,12,12
15974,8,8
15975,12,5
15978,12,12
15981,9,5
15984,10,12
15988,8,8
15989,8,8
15996,12,8
15998,11,12
16001,6,8
16015,6,12
16024,10,12
16028,9,8
16030,12,12
16031,10,12
16032,8,8
16039,3,8
16046,12,12
16054,12,12
16056,12,7
16064,12,12
16069,12,12
16072,12,12
16076,8,8
16080,7,8
16083,10,12
16086,10,12
16088,11,12
16091,11,12
16094,12,8
16097,8,8
16098,12,12
16099,12,8
16101,10,8
16105,5,12
16112,6,12
16115,8,8
16121,4,12
16127,6,12
16131,10,12
16148,6,8
16149,6,8
16154,12,12
16155,10,12
16157,9,12
16158,11,8
16165,8,8
16167,10,8
16171,12,8
16175,6,12
16176,8,8
16182,12,12
16186,8,12
16187,6,12
16188,12,12
16193,10,12
16194,5,12
16202,6,8
16205,10,8
16206,10,8
16208,11,5
16212,12,8
16219,12,8
16220,10,8
16221,10,8
16222,10,12
16226,6,8
16229,5,12
16230,7,12
16234,10,12
16235,12,12
16236,12,8
16240,10,8
16244,10,12
16247,12,12
16251,2,8
16254,8,12
16258,8,12
16260,2,8
16261,10,8
16262,10,8
16263,4,12
16272,10,5
16285,3,12
16286,10,12
16292,7,5
16298,10,12
16305,12,12
16306,9,12
16307,7,8
16315,12,12
16321,8,8
16323,6,8
16325,12,12
16327,5,12
16330,12,12
16331,12,12
16335,12,8
16336,6,12
16338,8,12
16346,6,8
16352,8,8
16357,1,12
16358,4,12
16359,10,12
16377,10,12
16382,10,12
16390,8,8
16393,11,7
16394,11,8
16396,10,12
16404,8,12
16414,8,12
16423,6,12
16428,10,8
16431,10,12
16433,10,12
16434,12,12
16437,7,8
16439,12,12
16440,5,8
16442,6,8
16450,12,12
16461,12,8
16463,8,8
16465,10,8
16476,12,8
16477,12,12
16481,12,8
16484,10,8
16487,10,12
16488,12,12
16490,8,8
16492,7,12
16494,12,8
16497,12,8
16503,8,8
16508,12,12
16512,5,12
16524,10,12
16530,12,8
16531,6,8
16535,10,5
16547,10,12
16550,12,12
16556,10,8
16560,12,8
16563,5,8
16564,8,12
16568,6,12
16569,8,12
16576,11,12
16584,12,8
16587,5,8
16589,11,12
16592,12,12
16606,12,5
16608,12,12
16624,12,8
16626,12,12
16628,10,8
16630,11,12
16633,10,8
16634,8,8
16639,12,12
16644,11,12
16646,12,12
16658,8,12
16664,12,12
16668,4,8
16669,8,8
16674,5,12
16677,10,8
16680,11,8
16682,12,12
16685,10,12
16686,8,12
16687,7,8
16695,8,8
16699,8,8
16702,10,12
16707,12,12
16715,4,12
16722,8,8
16723,12,8
16735,4,5
16738,10,8
16741,3,12
16742,12,12
16746,11,8
16748,12,12
16755,12,8
16756,8,8
16765,6,8
16773,4,12
16775,11,12
16783,12,12
16785,12,12
16790,10,5
16791,11,8
16800,10,8
16803,12,12
16810,12,8
16817,3,8
16824,8,8
16844,10,12
16851,6,12
16858,12,12
16865,7,12
16870,8,8
16884,8,12
16885,9,12
16886,12,12
16894,9,5
16896,12,12
16913,2,12
16922,12,12
16924,2,8
16933,12,5
16934,5,12
16935,8,8
16936,12,12
16938,2,8
16949,12,12
16960,5,8
16967,12,8
16971,12,12
16979,11,8
16980,1,12
16985,8,12
16986,8,8
16996,12,8
16997,12,12
17003,12,8
17004,6,12
17012,12,12
17014,6,8
17015,10,5
17017,7,12
17025,11,8
17030,10,12
17037,8,8
17041,8,12
17052,12,12
17054,8,12
17057,12,8
17059,8,8
17061,10,12
17066,8,12
17071,12,12
17074,4,8
17081,12,12
17085,11,12
17105,8,12
17108,12,8
17109,8,8
17113,10,12
17131,10,12
17137,10,8
17139,11,12
17140,10,12
17146,8,8
17159,10,8
17167,12,8
17168,12,12
17169,12,8
17182,6,12
17194,8,8
17204,10,8
17205,2,8
17208,10,8
17210,12,12
17212,8,8
17214,8,12
17216,10,12
17227,10,8
17236,7,5
17237,12,12
17239,10,12
17243,10,12
17244,0,8
17254,12,8
17272,2,12
17273,12,12
17276,11,8
17280,10,12
17281,9,12
17283,10,12
17291,10,8
17312,8,5
17342,10,12
17348,8,12
17351,7,12
17354,5,8
17356,7,12
17361,12,12
17365,12,8
17367,7,8
17379,10,8
17381,10,8
17389,4,8
17390,10,12
17394,12,12
17395,5,12
17397,12,12
17400,8,8
17405,8,8
17412,12,8
17415,2,12
17423,12,12
17429,8,8
17432,12,8
17454,6,12
17458,8,8
17461,5,12
17464,12,8
17471,10,8
17473,12,12
17488,10,12
17494,12,12
17501,9,12
17502,5,8
17507,6,8
17511,8,8
17513,12,8
17517,8,8
17527,12,12
17532,12,8
17541,7,12
17547,8,12
17550,12,12
17556,8,12
17560,3,12
17575,7,12
17578,2,8
17586,8,8
17598,11,12
17601,12,12
17618,10,8
17623,11,8
17632,5,12
17640,8,12
17641,6,8
17643,7,12
17651,8,8
17657,3,12
17662,8,8
17664,4,8
17674,10,8
17689,12,12
17693,4,12
17694,6,12
17700,12,12
17707,3,12
17708,12,12
17710,12,12
17711,12,8
17713,10,8
17718,8,12
17721,8,12
17724,12,8
17728,12,12
17729,10,5
17737,11,8
17744,12,12
17753,12,8
17755,11,8
17756,7,12
17758,6,8
17766,5,12
17768,8,5
17769,10,12
17776,12,12
17779,9,12
17785,12,8
17791,10,12
17801,12,8
17804,12,12
17805,8,8
17806,12,12
17811,10,12
17819,1,8
17820,12,12
17824,12,8
17829,8,12
17833,5,12
17835,2,8
17842,10,12
17843,10,12
17851,12,12
17861,12,8
17862,12,12
17873,12,12
17875,8,12
17877,10,12
17883,12,8
17889,11,8
17897,12,12
17906,12,8
17907,5,12
17909,6,12
17910,10,8
17919,10,5
17926,3,8
17932,8,8
17934,11,5
17936,12,12
17949,5,8
17950,12,8
17976,10,8
17988,11,12
17991,10,8
17998,10,12
18011,10,12
18015,2,8
18019,5,8
18020,12,12
18024,10,12
18025,12,12
18028,8,8
18036,2,12
18042,10,12
18048,10,12
18056,11,8
18061,12,12
18069,2,8
18080,12,8
18089,10,12
18098,8,12
18102,2,8
18103,6,7
18107,10,12
18109,8,8
18110,10,12
18113,8,8
18114,12,8
18119,7,12
18125,12,12
18126,10,8
18130,7,12
18132,8,12
18134,10,8
18137,10,12
18139,12,8
18141,12,12
18143,10,12
18146,12,8
18159,8,8
18165,11,8
18167,12,8
18170,8,12
18181,10,12
18188,5,12
18196,8,8
18199,10,8
18210,11,12
18217,8,12
18220,11,12
18225,12,8
18227,10,12
18228,12,8
18233,6,12
18237,8,12
18255,12,8
18261,11,8
18265,12,12
18271,10,12
18277,12,12
18297,8,12
18305,9,8
18308,7,8
18314,10,8
18317,8,8
18325,8,12
18326,12,12
18331,7,8
18333,12,8
18336,5,8
18339,5,12
18340,8,8
18341,7,12
18343,5,12
18354,2,8
18358,8,8
18361,12,12
18363,5,12
18368,12,12
18369,10,12
18383,12,8
18391,12,12
18398,9,12
18401,12,8
18404,12,12
18408,6,8
18409,12,8
18410,10,12
18412,11,12
18415,10,12
18417,4,12
18418,12,12
18424,8,8
18426,8,8
18431,4,12
18433,10,8
18440,4,12
18462,10,8
18466,12,8
18473,12,8
18482,8,8
18484,4,8
18503,12,12
18505,8,12
18511,12,12
18518,12,8
18530,8,12
18531,8,8
18540,12,12
18542,10,8
18544,12,8
18545,12,12
18549,12,12
18550,10,12
18559,12,12
18562,10,8
18567,12,12
18573,8,8
18577,6,12
18580,9,12
18585,12,12
18597,12,12
18599,8,8
18607,10,12
18612,12,8
18616,10,8
18619,8,8
18625,6,8
18665,8,8
18670,12,8
18671,6,8
18673,5,12
18676,11,8
18686,10,8
18689,4,12
18695,6,8
18696,12,8
18697,12,12
18701,10,8
18702,10,12
18708,8,8
18717,10,8
18720,12,12
18737,12,12
18762,5,5
18763,10,12
18764,9,12
18769,12,12
18776,7,12
18782,6,12
18792,8,8
18802,10,8
18808,8,12
18813,12,8
18818,10,12
18823,5,5
18830,12,8
18832,12,12
18840,12,12
18852,0,8
18855,10,12
18857,10,12
18859,8,8
18877,12,12
18882,8,12
18883,8,5
18885,12,12
18886,10,12
18889,12,12
18890,8,8
18893,10,12
18894,6,12
18895,12,8
18900,12,12
18902,10,8
18917,8,12
18919,10,12
18922,7,12
18924,4,12
18929,12,12
18931,10,8
18933,10,8
18939,12,12
18943,12,8
18947,12,12
18954,6,8
18956,8,8
18958,10,12
18960,10,12
18962,10,12
18969,12,12
18974,12,8
18985,12,8
18986,10,5
18991,8,8
18995,12,8
18997,7,8
19003,10,12
19013,8,8
19020,8,8
19024,11,12
19026,10,8
19027,8,8
19036,10,8
19047,2,8
19054,11,8
19056,12,12
19059,9,8
19080,5,12
19103,8,8
19117,8,12
19120,8,12
19124,12,8
19139,6,5
19141,12,8
19143,12,12
19150,10,12
19159,8,12
19165,10,8
19167,12,8
19170,6,8
19180,10,8
19186,8,5
19188,1,12
19199,5,8
19202,12,5
19210,11,8
19217,6,8
19222,8,12
19227,5,12
19228,6,12
19229,8,8
19239,8,12
19240,9,12
19246,8,8
19267,12,8
19268,12,8
19269,12,12
19281,12,12
19283,12,12
19284,10,8
19287,8,5
19289,8,8
19290,12,8
19295,8,8
19306,5,12
19308,10,12
19313,12,12
19323,5,8
19329,12,8
19330,8,8
19331,12,8
19333,10,8
19337,12,8
19338,5,12
19347,12,8
19349,8,8
19353,8,8
19354,4,12
19357,7,12
19363,12,8
19365,8,8
19371,12,12
19377,12,12
19387,12,8
19390,8,8
19400,10,5
19403,8,12
19406,5,8
19412,4,12
19413,12,12
19415,6,8
19419,10,8
19422,8,8
19425,12,8
19426,10,12
19433,10,8
19441,12,12
19447,4,12
19448,10,8
19450,12,5
19455,12,12
19490,12,12
19493,8,8
19500,2,8
19511,12,12
19515,12,12
19519,8,12
19526,5,12
19527,12,12
19535,7,8
19537,12,8
19546,10,12
19555,12,12
19559,12,8
19561,8,12
19562,12,8
19566,10,12
19568,8,12
19569,8,8
19572,12,12
19574,10,12
19575,2,8
19588,10,8
19589,12,12
19594,5,8
19600,12,8
19612,11,12
19618,8,8
19621,5,12
19622,12,8
19640,10,8
19644,12,8
19648,2,12
19649,8,8
19652,10,12
19661,11,12
19664,12,12
19666,12,8
19667,12,12
19674,12,12
19678,12,12
19679,11,12
19682,12,12
19689,8,12
19690,12,12
19692,6,12
19694,12,12
19700,10,12
19702,12,8
19703,11,8
19704,6,12
19709,10,8
19717,4,12
19722,10,8
19726,12,12
19730,10,12
19731,10,12
19734,8,12
19740,8,12
19743,12,8
19751,12,12
19759,8,8
19768,11,12
19771,6,12
19775,2,8
19791,2,12
19798,12,8
19801,12,8
19802,8,8
19805,12,8
19807,8,5
19815,12,12
19816,11,12
19822,6,12
19823,8,12
19824,7,8
19827,8,8
19835,12,12
19841,8,8
19843,12,8
19844,12,8
19845,12,8
19846,5,12
19851,6,12
19852,8,12
19858,12,8
19870,12,12
19872,12,8
19873,12,8
19876,11,12
19882,1,5
19886,12,8
19888,6,8
19894,12,12
19900,8,12
19908,10,12
19911,10,12
19914,12,8
19915,6,12
19923,10,8
19938,5,12
19940,10,12
19943,12,12
19952,9,12
19956,10,8
19959,12,8
19964,10,8
19965,12,12
19966,12,12
19969,12,12
19973,12,12
19976,8,12
19984,12,8
19988,8,12
19994,10,12
20017,5,8
20019,8,8
20022,5,12
20034,5,8
20037,8,12
20044,9,8
20055,5,12
20057,9,12
20064,10,12
20078,8,8
20086,11,12
20097,12,8
20099,6,12
20100,6,12
20103,6,12
20116,8,12
20144,5,8
20146,11,12
20147,5,12
20151,5,8
20156,12,12
20159,12,12
20161,8,8
20170,8,12
20173,8,12
20182,5,8
20190,5,8
20192,4,8
20193,5,12
20197,8,8
20206,5,12
20214,5,5
20215,12,5
20218,8,8
20223,6,12
20252,9,12
20263,12,8
20264,8,8
20270,12,12
20274,8,12
20280,7,12
20288,12,12
20296,9,8
20300,8,8
20311,4,12
20313,4,12
20317,5,12
20322,2,8
20332,7,8
20333,7,8
20340,12,12
20342,9,8
20352,8,12
20360,5,12
20364,12,12
20375,11,12
20401,12,12
20404,7,12
20413,8,12
20419,7,8
20425,3,5
20430,8,12
20431,7,8
20432,7,8
20433,8,12
20443,11,8
20450,12,12
20455,7,8
20462,12,12
20463,5,8
20469,12,5
20476,5,8
20491,12,8
20492,8,12
20496,8,12
20501,4,12
20506,8,12
20510,7,5
20518,8,8
20519,8,8
20520,8,5
20522,9,12
20535,4,8
20539,4,8
20556,12,8
20559,8,8
20567,8,8
20578,12,12
20584,8,12
20591,4,12
20594,8,12
20596,8,8
20604,3,5
20610,7,12
20614,4,8
20615,12,12
20617,8,8
20626,8,8
20627,5,5
20640,12,5
20646,8,12
20648,8,12
20653,10,12
20655,12,8
20659,4,5
20668,10,12
20674,8,12
20675,10,8
20679,9,8
20682,11,12
20687,5,8
20688,8,8
20711,5,8
20722,7,12
20740,5,12
20751,7,12
20753,5,12
20770,10,8
20786,5,8
20797,7,12
20799,5,12
20802,5,8
20807,7,12
20812,8,8
20819,5,8
20828,11,12
20837,12,12
20842,8,8
20845,8,12
20849,4,5
20850,2,12
20851,5,8
20852,10,8
20866,7,12
20873,12,12
20874,5,12
20881,8,8
20884,7,12
20887,8,12
20888,1,12
20889,5,12
20890,4,12
20893,12,12
20896,8,8
20900,2,12
20903,11,8
20910,11,12
20912,9,12
20913,11,12
20918,8,12
20922,8,8
20941,4,12
20948,5,8
20958,7,8
20965,5,12
20966,8,8
20968,8,8
20976,4,8
20982,5,12
20985,7,8
20995,8,5
21000,12,8
21006,8,12
21016,9,5
21019,7,8
21028,8,8
21031,5,8
21046,10,8
21047,8,8
21048,5,12
21054,4,8
21060,8,8
21073,5,8
21080,8,8
21086,11,8
21088,9,8
21094,8,12
21108,12,8
21109,9,8
21110,11,8
21115,8,8
21123,7,8
21124,2,12
21128,10,12
21131,8,8
21139,8,8
21163,5,8
21166,4,12
21175,7,12
21179,10,12
21181,5,8
21185,8,8
21188,8,12
21194,12,12
21196,8,8
21197,5,12
21199,12,12
21210,12,12
21213,9,12
21214,8,8
21220,11,12
21240,9,12
21242,8,8
21248,8,8
21249,12,12
21250,8,12
21267,4,8
21275,8,8
21282,12,8
21292,9,8
21298,9,8
21303,5,8
21310,5,8
21318,8,12
21341,7,12
21344,8,8
21347,8,8
21356,5,5
21357,8,8
21362,9,12
21364,9,12
21369,8,8
21376,8,5
21378,8,8
21379,8,8
21382,7,12
21384,2,12
21397,5,8
21404,5,8
21406,8,8
21410,8,8
21416,8,8
21418,5,12
21423,8,8
21433,7,5
21435,9,8
21439,8,8
21446,4,8
21450,8,12
21452,7,8
21458,5,12
21462,5,8
21463,11,8
21468,12,5
21469,12,8
21474,7,12
21480,5,8
21484,10,12
21501,5,12
21505,5,12
21514,12,12
21520,8,12
21521,12,12
21532,8,8
21535,8,8
21543,8,12
21547,7,12
21552,8,12
21555,8,12
21556,5,8
21558,7,8
21571,8,12
21579,5,8
21582,5,12
21590,8,12
21593,7,8
21597,5,8
21602,8,12
21618,8,12
21619,5,12
21620,9,12
21625,10,8
21632,7,8
21636,8,12
21647,8,8
21649,5,8
21651,9,8
21656,5,5
21659,5,12
21661,5,8
21674,5,8
21680,8,8
21695,11,8
21697,8,8
21704,11,12
21706,5,8
21714,5,8
21716,8,8
21725,8,8
21745,4,8
21748,8,8
21750,5,8
21761,8,12
21783,5,12
21784,8,12
21788,8,8
21802,12,12
21804,9,8
21810,8,12
21814,5,12
21824,7,12
21834,8,12
21835,8,12
21847,7,8
21848,8,12
21856,12,12
21857,8,8
21859,4,12
21862,5,8
21865,4,8
21870,2,8
21877,4,12
21881,5,8
21885,8,8
21891,3,12
21893,7,12
21900,9,8
21915,5,8
21924,3,12
21931,5,12
21933,11,8
21934,8,12
21935,4,8
21943,8,12
21946,8,12
21948,12,8
21950,8,12
21953,8,8
21961,12,12
21965,8,12
21966,8,8
21973,6,12
21975,4,12
21982,8,12
21986,8,12
21988,5,12
21991,8,12
21992,7,12
22004,11,8
22007,8,8
22008,5,12
22010,7,12
22016,8,12
22024,12,7
22032,7,5
22035,5,12
22036,9,12
22044,8,12
22045,8,12
22050,5,12
22053,8,8
22063,5,12
22067,4,12
22069,7,8
22074,8,12
22076,8,12
22078,5,12
22084,8,12
22087,11,12
22092,5,8
22093,3,8
22107,6,12
22120,5,12
22123,8,5
22126,9,12
22128,10,8
22140,11,12
22142,5,8
22145,8,12
22163,7,8
22169,9,12
22175,0,8
22176,12,8
22186,11,12
22188,5,8
22190,4,12
22191,5,12
22195,0,12
22196,12,5
22201,8,12
22211,7,12
22214,8,8
22222,7,8
22223,5,12
22226,3,12
22227,5,12
22235,8,12
22240,12,12
22245,4,12
22247,8,12
22251,4,8
22261,8,8
22263,12,5
22267,5,12
22271,11,12
22274,8,8
22286,7,8
22288,8,8
22292,4,8
22298,5,8
22301,7,8
22312,9,8
22317,12,8
22332,12,12
22333,8,12
22342,5,12
22344,4,8
22356,11,8
22357,7,8
22366,4,12
22371,5,12
22372,7,8
22381,7,12
22390,8,8
22396,7,8
22403,4,12
22406,8,8
22407,12,8
22412,2,12
22417,5,8
22431,9,12
22435,8,8
22438,2,12
22458,5,8
22467,12,12
22471,5,12
22489,8,12
22501,8,12
22506,8,8
22512,8,12
22517,11,12
22525,8,8
22528,12,8
22534,4,8
22536,8,8
22538,8,12
22546,8,12
22548,5,8
22559,4,12
22562,12,12
22565,4,12
22571,7,12
22574,8,8
22577,8,8
22583,8,12
22590,7,8
22594,4,12
22600,8,12
22606,8,12
22609,4,8
22620,12,12
22621,11,12
22624,10,12
22630,12,8
22634,11,12
22636,7,8
22639,5,8
22641,8,8
22642,8,8
22644,3,12
22648,5,12
22649,5,12
22651,11,8
22655,4,12
22658,5,12
22668,8,8
22674,8,12
22676,7,12
22679,5,12
22688,5,12
22692,8,8
22694,8,8
22695,7,12
22698,8,12
22699,11,8
22704,10,12
22711,12,12
22712,5,12
22714,5,12
22717,12,5
22721,8,8
22722,7,8
22724,9,12
22725,10,8
22727,5,5
22735,4,12
22736,8,8
22742,7,12
22749,8,8
22750,7,12
22751,12,12
22756,10,12
22758,8,12
22759,7,12
22766,5,12
22767,5,8
22775,8,8
22776,4,12
22787,8,12
22793,11,12
22807,9,12
22810,7,12
22812,5,12
22813,9,8
22815,8,8
22817,7,5
22831,5,8
22832,5,12
22833,5,12
22835,8,12
22838,2,12
22840,8,12
22841,7,8
22850,12,12
22851,5,12
22865,5,12
22869,5,12
22871,4,12
22873,12,12
22875,11,12
22881,8,8
22882,8,8
22883,12,12
22887,12,5
22889,12,12
22892,7,12
22893,8,8
22904,5,8
22909,5,12
22914,5,8
22918,8,8
22919,12,12
22922,12,5
22924,8,12
22941,6,12
22942,10,12
22946,9,12
22950,3,12
22958,7,8
22959,5,8
22966,7,12
22971,5,12
22976,3,12
22977,12,5
22984,2,8
22989,5,12
23015,11,12
23020,8,8
23021,8,12
23022,8,8
23023,9,12
23025,5,8
23030,7,12
23042,5,8
23056,5,8
23063,2,8
23065,2,5
23069,8,8
23072,11,12
23073,10,12
23076,2,8
23086,8,5
23093,5,12
23095,5,12
23101,9,12
23108,9,8
23109,9,5
23112,9,8
23124,8,12
23127,5,8
23143,8,8
23150,8,8
23152,7,12
23153,5,12
23161,8,8
23162,8,12
23163,2,8
23166,4,8
23171,12,12
23172,5,12
23181,4,12
23184,2,8
23187,7,12
23205,8,8
23208,5,5
23211,8,8
23217,5,12
23218,8,12
23219,8,12
23220,7,5
23224,9,12
23227,3,8
23229,9,8
23233,7,12
23234,7,12
23235,12,8
23247,12,8
23257,5,12
23260,6,12
23264,7,8
23265,8,8
23272,12,12
23273,9,12
23277,8,8
23283,10,12
23291,12,8
23293,7,12
23295,8,8
23301,5,8
23303,8,12
23304,8,8
23305,12,12
23312,7,5
23316,8,8
23318,8,12
23321,5,8
23325,12,8
23328,8,8
23329,7,12
23330,5,12
23337,12,12
23338,4,12
23339,4,12
23340,5,12
23341,11,8
23343,5,8
23351,8,8
23353,8,8
23357,12,12
23374,11,8
23378,12,12
23380,5,8
23381,11,12
23384,8,12
23393,8,5
23394,4,12
23399,8,5
23401,11,8
23407,4,8
23408,10,8
23410,5,8
23411,3,5
23419,4,12
23423,5,12
23437,8,8
23451,7,8
23461,9,12
23464,9,8
23467,12,12
23470,8,12
23471,5,12
23480,8,8
23486,7,12
23488,8,8
23489,7,12
23509,6,8
23511,11,8
23515,7,8
23519,5,12
23522,8,8
23541,8,12
23542,7,12
23554,5,8
23556,12,8
23563,8,12
23569,7,8
23575,4,8
23577,5,12
23582,8,12
23584,12,12
23593,12,8
23599,12,12
23600,7,8
23610,12,12
23611,10,12
23634,7,8
23642,12,8
23646,8,12
23647,12,12
23648,5,8
23666,8,12
23673,4,8
23675,7,8
23676,5,8
23685,12,12
23697,4,8
23707,5,8
23713,3,12
23714,6,8
23715,5,12
23724,8,12
23725,7,12
23734,8,8
23737,8,8
23741,5,12
23742,7,12
23747,5,8
23751,7,12
23754,8,8
23755,12,8
23760,5,12
23767,2,8
23768,8,12
23769,7,8
23779,2,8
23781,5,12
23782,5,12
23783,5,12
23802,11,8
23803,8,5
23808,5,8
23810,10,12
23835,9,12
23852,5,12
23861,8,8
23864,5,12
23872,8,8
23874,8,12
23875,7,12
23877,8,12
23882,12,8
23890,4,12
23892,5,5
23907,12,8
23910,5,12
23912,9,12
23919,12,12
23921,12,12
23923,8,5
23924,8,8
23926,11,5
23935,7,8
23936,8,8
23938,7,12
23944,5,8
23946,8,8
23947,8,12
23948,11,12
23949,5,8
23959,5,12
23966,12,12
23968,5,12
23969,5,8
23973,6,12
23982,9,12
23983,9,8
23995,7,8
23996,11,8
23999,7,12
24002,11,12
24008,10,8
24013,8,8
24014,10,8
24018,7,8
24020,12,12
24022,4,12
24026,12,12
24031,8,8
24036,11,8
24044,7,12
24052,4,12
24061,8,8
24063,8,8
24068,9,8
24082,4,8
24090,4,8
24091,8,12
24100,7,8
24102,8,8
24108,11,8
24118,2,8
24121,7,12
24124,7,12
24137,7,12
24140,8,12
24141,12,8
24151,8,8
24154,5,12
24159,4,8
24162,5,8
24168,12,8
24170,8,8
24174,3,12
24176,12,12
24177,5,8
24179,11,12
24189,7,8
24193,8,12
24210,8,8
24213,5,12
24230,8,5
24236,9,12
24238,3,8
24245,9,8
24246,7,8
24247,10,12
24252,12,12
24254,5,8
24255,12,8
24259,12,8
24260,7,8
24272,11,12
24276,7,5
24277,5,12
24278,3,8
24308,8,8
24314,5,12
24321,8,8
24327,9,8
24330,3,12
24333,5,8
24335,8,12
24344,8,8
24345,9,8
24347,12,8
24349,10,12
24358,11,8
24366,5,12
24369,8,8
24374,4,12
24375,5,12
24378,12,12
24384,2,12
24387,12,8
24392,5,12
24395,7,8
24396,12,12
24397,8,12
24401,3,8
24404,5,8
24408,12,12
24413,12,12
24414,5,12
24418,5,12
24421,5,12
24426,9,8
24432,7,8
24433,3,8
24439,8,12
24442,8,5
24453,8,12
24456,7,12
24460,12,8
24461,7,8
24474,5,12
24488,8,12
24492,11,8
24496,7,8
24499,8,8
24510,5,8
24517,7,12
24524,8,12
24530,12,12
24539,12,8
24545,12,12
24549,7,8
24550,5,8
24562,7,12
24572,7,8
24573,6,12
24582,5,12
24587,8,8
24589,12,12
24594,8,8
24595,8,12
24597,12,12
24600,7,5
24602,8,12
24604,5,8
24609,4,12
24622,9,8
24625,8,8
24627,5,12
24639,5,12
24651,8,12
24654,5,12
24661,8,8
24668,7,12
24672,10,12
24682,0,12
24691,11,12
24692,5,8
24693,12,12
24701,10,12
24704,5,12
24707,8,12
24711,5,12
24726,5,12
24735,8,12
24747,8,12
24758,8,8
24760,12,12
24766,5,12
24768,5,12
24769,5,12
24771,12,12
24773,8,8
24774,10,5
24783,12,12
24785,8,12
24786,8,8
24788,4,12
24789,9,5
24794,12,8
24795,8,5
24801,12,8
24811,7,12
24822,5,12
24825,12,8
24827,5,12
24831,5,12
24839,4,12
24840,5,12
24843,8,12
24845,5,8
24847,5,12
24848,8,8
24855,5,12
24856,8,8
24857,5,12
24859,5,12
24860,12,8
24862,5,12
24873,4,5
24874,4,12
24877,4,12
24879,12,7
24882,8,8
24885,8,8
24898,7,12
24900,4,12
24906,5,12
24911,5,5
24913,5,12
24915,8,12
24928,7,12
24933,12,8
24936,8,8
24940,8,8
24945,10,12
24951,9,8
24952,3,12
24959,8,8
24960,7,8
24965,8,8
24966,2,12
24976,8,12
24981,8,8
24989,7,8
24993,8,8
25002,5,12
25005,8,8
25010,5,5
25013,8,12
25023,9,8
25026,7,12
25027,7,8
25030,12,8
25034,7,12
25045,8,8
25051,8,12
25055,8,8
25061,5,12
25064,8,12
25072,11,12
25073,10,8
25074,2,8
25082,3,12
25096,9,8
25100,6,8
25106,2,8
25108,5,12
25115,5,8
25121,8,12
25123,5,12
25124,7,8
25127,11,8
25128,7,12
25132,12,12
25133,9,12
25135,9,5
25136,5,8
25138,7,12
25149,10,8
25161,5,8
25164,8,12
25177,9,12
25180,12,12
25181,9,5
25182,5,12
25183,5,12
25189,12,12
25193,11,12
25195,7,8
25196,2,12
25213,5,12
25218,8,12
25225,5,8
25229,8,8
25230,5,12
25231,5,12
25237,7,12
25239,5,8
25249,4,8
25253,7,12
25256,7,8
25260,5,8
25263,11,12
25265,7,12
25266,8,8
25269,8,12
25271,7,8
25276,3,12
25278,7,8
25286,8,8
25287,3,12
25294,5,12
25296,12,12
25298,5,8
25301,10,8
25304,5,8
25307,12,12
25309,7,8
25311,8,12
25315,11,12
25316,9,12
25318,8,12
25324,4,12
25330,8,8
25332,5,8
25334,10,12
25337,3,8
25339,7,12
25340,10,12
25341,12,7
25342,8,5
25353,5,12
25358,8,8
25360,5,8
25364,8,12
25370,7,12
25373,8,12
25375,2,8
25379,8,8
25388,8,12
25410,12,12
25414,5,12
25415,7,12
25417,8,8
25418,8,8
25422,5,12
25426,10,12
25456,8,12
25457,8,12
25463,12,12
25467,12,8
25468,12,8
25474,8,8
25476,8,8
25479,4,8
25481,12,12
25482,8,8
25484,12,8
25488,12,12
25490,8,12
25497,6,12
25500,8,8
25505,9,8
25514,7,8
25527,9,12
25531,5,8
25532,8,12
25534,5,8
25538,4,12
25539,5,12
25543,5,8
25544,8,12
25545,7,8
25564,10,8
25572,8,8
25577,8,8
25582,10,12
25583,5,12
25585,8,8
25612,2,8
25613,8,8
25619,2,12
25623,7,8
25626,7,12
25632,8,12
25633,8,12
25634,7,12
25644,2,12
25646,12,5
25649,8,8
25651,7,12
25655,12,5
25656,8,8
25662,5,8
25669,8,8
25677,8,8
25683,8,12
25692,5,8
25694,9,12
25697,5,12
25698,4,12
25702,9,8
25710,5,8
25722,9,8
25735,5,12
25743,5,12
25744,5,12
25747,8,8
25749,8,5
25750,7,8
25751,8,8
25759,8,8
25767,11,12
25773,8,12
25777,7,8
25780,7,12
25785,8,12
25787,9,8
25790,7,8
25794,3,8
25800,12,8
25803,3,12
25811,11,8
25818,5,5
25821,10,8
25822,3,8
25829,3,8
25835,12,12
25836,9,12
25847,5,12
25852,11,12
25857,8,12
25867,7,12
25868,4,12
25869,8,12
25872,12,5
25887,2,8
25888,4,12
25896,8,5
25902,8,12
25903,8,12
25906,9,12
25907,11,12
25915,5,12
25919,7,8
25926,5,12
25934,5,12
25935,5,12
25936,6,8
25947,7,12
25949,10,12
25950,9,12
25956,5,12
25957,5,8
25959,9,12
25965,5,8
25967,5,12
25970,12,12
25973,9,12
25974,10,12
25976,12,12
25981,5,12
25986,10,8
25989,5,8
25994,12,8
25995,12,8
25999,7,12
26001,11,12
26008,4,12
26009,5,5
26020,12,12
26032,11,8
26035,10,12
26040,8,8
26042,5,12
26050,5,8
26058,7,12
26060,5,8
26069,11,12
26070,8,5
26072,11,12
26076,5,12
26077,5,12
26078,11,8
26080,12,8
26086,5,12
26089,8,8
26090,5,5
26106,8,8
26107,4,12
26112,2,12
26115,7,12
26117,7,12
26119,7,8
26129,11,5
26131,8,12
26137,4,12
26144,12,12
26151,9,12
26152,8,8
26156,12,12
26161,4,12
26162,8,8
26165,8,12
26167,5,8
26168,4,12
26169,8,5
26172,8,8
26174,8,8
26188,7,12
26194,7,12
26197,7,12
26200,8,8
26203,3,12
26206,6,12
26208,11,12
26210,5,8
26214,12,8
26218,7,12
26226,12,8
26230,7,12
26233,12,8
26241,4,12
26244,7,12
26245,3,8
26248,8,12
26254,10,8
26271,8,8
26276,10,12
26291,11,8
26292,12,12
26294,12,8
26307,8,8
26315,10,8
26319,5,8
26322,8,8
26323,5,8
26329,5,8
26334,5,8
26343,10,12
26345,7,8
26352,5,12
26355,10,8
26356,7,8
26361,12,12
26362,5,8
26363,3,12
26365,8,8
26373,5,12
26374,12,12
26381,8,12
26395,5,12
26396,4,8
26397,5,12
26400,10,12
26406,5,12
26409,10,8
26413,12,12
26426,7,12
26438,7,12
26439,8,8
26440,8,12
26449,8,8
26457,5,12
26459,9,12
26463,12,8
26466,8,8
26471,11,8
26473,5,12
26476,7,5
26477,7,12
26478,5,12
26481,8,12
26482,6,12
26492,3,8
26505,12,12
26506,7,8
26508,11,5
26512,8,8
26513,5,12
26523,5,12
26529,7,5
26536,8,8
26537,7,8
26539,8,12
26540,12,8
26542,9,12
26546,8,12
26555,5,8
26569,8,8
26587,8,12
26592,4,12
26596,11,12
26598,5,12
26613,8,8
26616,7,8
26623,7,5
26627,5,8
26632,12,12
26637,8,12
26640,7,8
26642,9,8
26653,12,8
26654,8,8
26655,8,12
26657,8,8
26671,3,12
26675,5,8
26676,6,8
26682,5,8
26684,4,8
26686,7,12
26687,5,12
26697,8,12
26701,5,12
26714,7,12
26719,12,8
26720,11,8
26722,9,8
26723,12,5
26738,8,8
26739,5,8
26743,8,8
26747,12,12
26765,10,8
26769,5,12
26773,4,12
26776,7,8
26778,12,12
26787,8,8
26790,8,5
26794,5,12
26795,5,8
26812,5,12
26824,8,12
26829,7,8
26838,7,8
26846,8,8
26854,5,8
26859,12,12
26864,4,12
26869,11,5
26879,5,8
26897,5,12
26900,5,12
26901,8,12
26902,5,8
26911,12,12
26925,12,12
26932,11,12
26937,8,12
26939,8,12
26941,5,8
26946,4,12
26951,8,12
26953,8,12
26955,2,8
26962,8,12
26964,8,8
26970,9,12
26973,8,12
26975,5,12
26978,5,12
26994,8,12
26995,9,8
26999,12,12
27002,12,5
27004,5,12
27010,12,8
27013,12,5
27014,5,12
27015,7,8
27016,11,12
27017,8,8
27020,3,8
27021,4,12
27027,12,5
27036,7,12
27037,9,8
27041,11,8
27049,8,8
27053,11,8
27066,5,8
27067,11,12
27082,5,12
27086,5,12
27088,2,8
27099,4,8
27101,11,12
27106,5,8
27108,12,12
27112,7,12
27113,8,8
27119,5,8
27123,7,8
27129,10,12
27130,10,8
27131,8,8
27134,10,12
27135,12,8
27137,4,12
27144,2,8
27154,9,12
27160,12,12
27165,7,12
27175,0,12
27177,2,8
27180,6,12
27181,3,8
27183,3,8
27195,8,8
27204,8,12
27207,8,12
27222,5,12
27229,7,12
27235,4,8
27244,12,5
27250,7,12
27254,8,5
27255,2,8
27258,9,12
27269,11,8
27278,7,5
27279,8,12
27280,5,8
27282,7,12
27283,8,12
27290,8,8
27291,11,12
27296,9,12
27301,12,12
27307,12,8
27309,7,8
27311,5,12
27313,7,8
27315,12,8
27323,8,8
27327,9,8
27329,8,8
27333,12,12
27337,2,8
27340,5,8
27342,5,12
27344,5,12
27349,7,8
27356,9,8
27357,8,12
27359,5,12
27361,4,8
27366,8,8
27369,8,12
27384,7,12
27387,8,8
27397,9,12
27398,7,12
27399,4,5
27400,8,12
27404,8,8
27408,7,8
27413,9,12
27419,7,8
27455,8,8
27457,12,12
27460,3,5
27466,9,8
27469,5,12
27472,12,5
27474,8,12
27498,3,12
27510,5,8
27512,9,8
27513,2,12
27521,8,12
27522,12,12
27526,3,8
27531,5,8
27534,3,8
27545,11,12
27560,9,8
27572,5,12
27582,5,12
27585,7,12
27588,5,8
27592,2,12
27593,5,8
27595,8,8
27620,12,12
27642,5,12
27646,5,12
27655,2,8
27659,9,8
27660,8,8
27667,4,12
27669,12,8
27682,5,8
27684,8,12
27689,8,12
27690,3,8
27694,5,5
27700,9,8
27704,8,8
27706,8,8
27723,8,8
27724,8,8
27725,4,12
27738,7,12
27743,12,12
27744,8,8
27748,7,12
27751,12,12
27752,8,12
27757,8,8
27759,7,12
27773,4,12
27777,8,8
27790,8,8
27800,7,12
27810,8,8
27816,7,12
27818,4,8
27830,7,8
27843,7,12
27845,8,5
27850,4,8
27865,5,12
27874,9,8
27876,7,12
27877,11,12
27880,12,12
27884,5,8
27887,8,12
27889,5,12
27893,7,8
27895,8,12
27897,2,8
27900,4,12
27922,7,8
27933,9,8
27936,9,8
27942,5,12
27944,8,8
27949,8,12
27962,10,12
27967,5,12
27970,12,12
27974,8,12
27976,12,12
27979,8,12
27987,5,5
27990,8,8
27992,8,8
27999,7,8
28002,4,12
28004,12,12
28010,8,8
28013,8,12
28019,3,12
28022,12,12
28024,8,12
28029,4,12
28030,5,8
28040,8,12
28050,8,8
28057,5,8
28058,5,5
28064,10,8
28067,4,5
28074,12,12
28080,4,12
28085,7,8
28091,4,8
28093,5,8
28105,4,12
28107,8,12
28134,5,12
28135,8,5
28139,10,12
28144,5,8
28147,5,5
28149,8,12
28153,5,12
28154,6,5
28160,7,8
28164,5,12
28167,8,12
28172,12,12
28175,7,8
28176,5,12
28198,12,12
28203,7,8
28214,7,8
28217,9,12
28220,5,12
28223,8,12
28228,12,12
28229,5,8
28235,4,12
28236,5,8
28238,11,12
28241,4,8
28246,8,8
28251,7,12
28253,8,8
28258,3,12
28259,7,8
28285,12,5
28293,4,12
28295,5,12
28299,7,12
28317,11,12
28319,8,8
28322,8,5
28323,8,8
28328,8,12
28335,8,8
28336,7,8
28345,8,8
28358,7,12
28366,12,12
28376,12,12
28384,9,12
28385,12,8
28386,12,12
28389,8,8
28394,9,12
28408,10,12
28410,12,8
28411,12,12
28413,10,12
28416,3,8
28420,12,8
28424,9,8
28431,9,8
28433,12,8
28438,5,12
28442,7,8
28452,8,12
28459,5,8
28463,11,8
28485,8,8
28490,5,12
28495,4,12
28503,8,12
28504,8,8
28512,11,8
28514,7,12
28516,8,12
28521,10,8
28529,5,12
28533,5,12
28536,5,12
28539,11,12
28546,6,12
28551,12,12
28558,5,8
28561,8,8
28563,7,12
28565,10,12
28567,7,12
28571,11,8
28576,12,12
28583,5,8
28592,8,8
28595,5,12
28597,5,12
28603,5,5
28610,3,8
28613,12,12
28616,8,12
28621,7,12
28640,8,12
28643,7,12
28645,5,8
28651,4,12
28658,8,12
28674,5,12
28675,6,12
28676,5,12
28679,8,8
28680,6,12
28683,5,12
28684,7,12
28685,10,12
28689,9,12
28695,10,12
28705,5,8
28707,8,12
28708,7,8
28718,12,12
28720,8,12
28721,8,8
28730,1,8
28737,7,8
28738,10,5
28739,8,8
28751,5,12
28755,5,8
28771,12,12
28775,5,8
28776,8,12
28777,12,12
28778,10,5
28782,12,8
28783,8,8
28784,12,8
28790,8,8
28794,12,7
28799,11,12
28801,8,8
28803,11,12
28808,8,8
28813,5,12
28818,5,12
28819,7,8
28829,8,8
28839,9,8
28842,10,12
28846,12,8
28849,5,8
28851,7,12
28852,5,12
28858,12,8
28861,5,12
28864,8,8
28867,7,12
28875,8,8
28879,11,8
28882,8,12
28888,12,12
28891,5,12
28896,11,12
28900,9,8
28908,8,8
28911,5,12
28919,6,8
28921,5,12
28924,8,12
28930,10,12
28950,9,8
28951,11,12
28956,11,8
28957,5,12
28964,5,12
28973,8,8
28975,4,8
28976,5,12
28983,11,8
28988,5,5
28993,5,12
28994,9,8
28997,7,8
28999,7,12
29006,8,8
29008,12,12
29009,12,12
29023,12,8
29029,4,12
29042,4,8
29043,9,12
29044,9,8
29046,5,12
29051,8,12
29059,10,12
29077,7,8
29084,8,12
29087,5,8
29093,9,12
29104,5,8
29107,5,8
29120,7,12
29121,4,8
29123,10,12
29130,8,8
29133,9,8
29135,8,8
29137,5,8
29147,8,12
29152,12,8
29172,12,12
29175,5,12
29177,4,12
29181,12,12
29217,9,8
29225,7,8
29232,11,12
29234,7,8
29242,7,8
29248,7,12
29262,5,8
29267,8,12
29269,7,12
29273,5,12
29276,5,8
29277,7,12
29280,5,12
29281,12,12
29283,7,8
29289,4,8
29291,8,8
29294,8,12
29298,5,8
29302,12,12
29303,8,12
29304,8,12
29308,12,12
29309,7,12
29317,8,12
29318,12,8
29322,6,8
29331,7,8
29338,8,12
29339,7,12
29344,9,12
29349,7,8
29350,9,12
29353,5,12
29366,5,8
29369,10,12
29379,7,12
29390,5,8
29405,12,8
29423,12,12
29429,11,12
29434,12,8
29444,7,12
29453,8,8
29461,5,8
29463,12,12
29466,12,8
29468,12,12
29473,5,8
29474,5,12
29483,8,8
29489,12,12
29496,7,8
29501,7,8
29505,9,12
29514,5,8
29520,7,8
29521,8,12
29522,5,12
29524,8,8
29531,8,8
29540,4,12
29545,7,8
29550,11,8
29553,4,12
29556,12,12
29560,8,12
29562,5,12
29574,11,12
29579,8,8
29581,9,8
29589,9,12
29593,5,8
29596,9,8
29599,5,8
29600,8,12
29603,7,8
29610,5,8
29618,5,12
29619,11,12
29620,11,8
29625,5,12
29627,5,5
29645,12,8
29648,8,8
29653,8,8
29655,8,8
29659,8,8
29662,8,8
29664,12,5
29669,12,12
29670,8,8
29687,5,8
29689,7,8
29690,6,8
29697,2,8
29704,8,8
29716,10,12
29720,9,12
29725,12,12
29744,12,5
29749,5,8
29754,5,8
29760,8,8
29761,12,12
29762,5,12
29772,7,12
29775,8,8
29782,5,8
29783,8,12
29784,2,8
29785,12,8
29786,3,8
29789,4,8
29792,7,8
29793,7,8
29795,9,12
29815,9,12
29817,7,12
29837,5,8
29847,8,8
29852,11,12
29853,8,8
29855,5,12
29856,8,12
29859,2,12
29862,8,8
29865,5,8
29866,12,12
29877,5,8
29879,7,12
29880,8,8
29885,7,12
29886,12,12
29887,5,8
29888,8,12
29890,12,8
29896,8,8
29900,11,5
29923,7,8
29930,12,12
29931,8,8
29934,7,12
29949,5,12
29954,4,12
29959,5,8
29960,5,5
29961,5,8
29965,5,8
29971,2,8
29974,7,12
29975,12,12
29976,5,8
29978,4,8
29983,12,8
29995,4,12
29997,10,8
29999,4,12
