1,2,9
8,12,2
15,11,8
16,10,2
17,7,8
22,4,9
23,8,4
28,12,0
30,12,8
33,8,8
35,8,8
42,4,4
52,12,8
63,10,7
65,10,0
67,12,1
72,12,9
76,8,8
80,12,4
81,10,2
84,12,9
85,10,10
91,8,8
94,8,8
95,7,6
96,10,2
98,10,9
103,8,8
110,10,9
120,10,8
121,8,2
128,10,10
130,12,6
131,8,0
134,8,9
135,8,2
137,10,0
144,12,10
145,8,1
150,8,8
152,7,3
153,12,0
158,12,2
160,12,8
170,8,8
174,10,6
180,4,11
197,6,0
200,12,8
206,8,0
207,6,0
210,6,0
212,10,11
219,8,2
225,8,2
233,8,2
239,2,0
243,10,0
246,10,2
248,12,2
255,10,4
257,6,9
260,11,0
266,8,0
268,10,6
273,2,7
282,10,3
292,10,2
304,8,7
311,8,0
312,8,8
318,12,9
330,12,8
332,10,8
334,6,9
345,10,1
351,6,3
353,8,0
356,8,0
357,12,4
368,10,7
369,6,7
371,10,1
373,10,4
378,12,2
379,8,0
387,10,8
396,5,9
407,9,0
448,11,2
449,12,2
450,8,2
451,8,8
460,10,2
468,8,0
480,8,0
483,12,0
488,6,0
490,8,3
491,8,8
494,10,7
508,8,8
524,10,8
529,12,3
536,8,0
542,10,1
543,11,8
551,8,2
556,8,8
562,8,2
570,12,3
580,10,0
583,10,8
589,5,9
590,12,0
596,10,8
597,6,0
606,11,2
608,10,8
610,10,9
617,8,2
620,7,9
621,12,9
628,8,8
632,9,9
638,10,0
640,8,0
643,8,2
645,12,0
647,11,2
657,10,2
658,10,0
662,8,8
669,10,4
670,12,4
672,10,7
673,12,0
675,8,2
676,12,8
677,10,0
685,12,0
687,4,0
693,10,7
699,5,0
700,10,0
704,12,2
709,10,0
737,8,8
742,8,2
744,12,8
745,8,0
746,8,2
748,10,2
749,8,8
753,10,8
756,12,8
764,6,4
768,10,4
769,10,2
775,12,0
777,6,0
778,3,1
780,6,9
781,8,8
783,8,9
788,8,8
800,2,1
804,5,7
813,10,0
817,8,2
828,12,0
836,6,8
839,10,0
840,12,1
841,12,9
843,6,7
845,12,0
847,12,0
859,2,10
860,8,2
864,7,2
865,10,4
869,11,2
877,11,2
884,11,10
886,11,0
887,12,7
889,12,7
892,12,8
896,10,0
902,10,7
909,4,8
910,6,2
912,8,8
919,10,8
922,10,8
923,8,0
933,5,0
934,6,11
935,12,9
936,12,4
948,8,0
951,12,2
954,10,0
957,12,0
958,1,2
959,8,9
965,12,8
970,10,2
972,11,0
980,12,2
985,5,9
988,10,8
993,12,0
995,10,2
997,4,2
1002,8,9
1007,8,0
1012,5,8
1014,8,8
1015,8,0
1022,10,7
1035,11,8
1040,12,0
1048,10,9
1051,12,11
1060,11,7
1062,8,7
1063,6,2
1064,7,3
1068,10,0
1073,12,7
1082,12,9
1095,2,8
1101,10,2
1123,12,6
1134,10,4
1140,12,0
1141,8,8
1148,12,8
1149,8,8
1157,7,2
1163,6,2
1167,8,2
1169,4,0
1181,8,0
1192,8,1
1193,12,1
1196,12,7
1215,8,2
1216,12,6
1219,8,0
1233,12,2
1245,12,7
1259,8,0
1264,10,3
1273,10,9
1281,8,0
1282,6,0
1286,12,2
1288,12,0
1289,10,2
1292,3,2
1303,11,8
1309,6,8
1313,12,2
1317,7,8
1322,3,6
1326,10,7
1327,6,0
1328,10,8
1329,10,2
1333,6,0
1334,10,8
1335,12,8
1336,12,8
1339,10,0
1341,12,2
1347,11,7
1349,9,2
1351,8,2
1358,7,8
1364,8,0
1365,10,0
1368,9,8
1374,10,0
1378,0,9
1383,10,6
1389,12,8
1395,10,4
1402,8,1
1407,10,8
1408,8,2
1412,12,0
1413,7,11
1427,11,2
1431,5,0
1435,8,2
1439,10,8
1440,12,9
1447,7,1
1450,10,7
1452,12,9
1461,5,9
1464,12,3
1465,8,8
1469,11,1
1472,12,2
1473,8,2
1476,10,9
1482,12,11
1483,10,2
1484,6,9
1489,12,7
1492,4,10
1495,5,7
1496,5,8
1512,10,6
1513,12,2
1525,12,0
1527,5,2
1533,8,2
1535,12,0
1539,8,2
1551,10,2
1555,8,8
1557,12,2
1570,12,8
1578,6,7
1582,6,0
1587,6,9
1604,11,9
1607,11,1
1616,12,2
1617,10,8
1646,12,9
1653,8,8
1658,8,1
1660,8,6
1669,8,9
1672,10,10
1675,10,2
1676,12,0
1682,10,0
1683,10,0
1687,12,0
1693,10,2
1698,10,8
1699,12,3
1709,8,8
1713,6,7
1715,2,0
1721,12,0
1723,12,2
1725,12,8
1726,10,9
1728,12,0
1731,8,0
1732,10,9
1736,5,6
1737,12,2
1738,4,0
1742,12,1
1744,12,2
1749,10,8
1750,12,9
1755,12,9
1762,8,4
1766,8,8
1768,10,2
1776,7,2
1777,11,9
1779,10,2
1781,10,0
1782,7,0
1784,8,11
1786,6,8
1788,12,2
1795,8,2
1801,10,8
1805,6,9
1806,12,8
1812,8,8
1814,6,2
1823,12,2
1828,12,2
1830,12,8
1831,8,0
1832,12,0
1834,8,8
1835,12,9
1842,10,2
1843,2,2
1844,11,0
1856,10,6
1861,8,8
1862,8,2
1864,2,2
1869,10,8
1873,8,11
1877,8,8
1883,5,2
1887,9,9
1902,10,0
1904,11,0
1911,12,0
1915,12,2
1921,10,8
1923,11,9
1925,12,9
1926,10,2
1932,12,0
1934,12,0
1935,8,0
1948,8,9
1951,7,0
1953,11,9
1959,6,9
1960,8,8
1961,6,8
1976,7,0
1996,2,8
2002,12,8
2003,11,2
2005,12,8
2008,10,10
2013,10,9
2016,5,8
2020,12,8
2024,12,9
2026,8,8
2031,12,8
2033,12,8
2038,6,4
2045,10,2
2046,10,0
2050,10,8
2064,10,8
2065,7,10
2072,12,2
2074,12,0
2077,8,2
2081,8,8
2088,5,0
2102,10,0
2106,12,9
2115,10,0
2117,4,4
2118,12,0
2122,5,0
2123,12,0
2125,10,0
2129,10,9
2141,12,4
2143,11,0
2144,12,8
2145,6,0
2148,10,0
2149,8,10
2152,10,2
2155,7,6
2156,12,8
2158,8,4
2159,10,1
2160,5,9
2165,9,0
2173,10,2
2179,8,0
2184,12,8
2188,12,4
2190,10,2
2201,12,9
2202,11,8
2211,10,8
2212,10,0
2227,6,3
2228,11,8
2231,12,8
2237,10,1
2246,12,0
2248,8,2
2250,2,8
2257,12,0
2262,11,2
2272,10,7
2276,12,3
2277,12,0
2283,10,8
2288,12,7
2290,10,8
2292,12,1
2302,12,3
2313,4,2
2325,12,0
2327,12,2
2330,12,1
2334,12,10
2341,12,0
2343,10,3
2365,8,2
2376,8,0
2384,10,1
2385,12,0
2389,8,2
2401,12,9
2403,8,2
2407,10,9
2413,8,3
2415,12,6
2417,8,8
2418,12,7
2419,11,2
2421,8,2
2429,12,8
2443,10,4
2445,10,2
2448,10,8
2449,6,9
2452,8,0
2472,7,2
2475,5,10
2476,8,0
2477,10,9
2478,10,9
2485,12,9
2501,12,8
2507,12,8
2511,11,2
2514,10,1
2517,12,2
2524,7,10
2525,12,1
2528,10,3
2536,8,2
2542,11,2
2543,8,8
2551,10,4
2553,12,8
2554,12,0
2557,10,2
2561,10,0
2565,10,10
2568,8,2
2573,12,2
2574,5,2
2582,8,0
2585,9,0
2594,10,9
2599,12,8
2602,12,4
2605,6,0
2607,11,7
2615,12,2
2633,10,0
2649,12,0
2656,5,2
2657,9,4
2659,6,1
2665,0,2
2671,12,9
2677,5,10
2684,8,1
2690,12,8
2691,12,9
2694,8,2
2700,8,2
2708,10,0
2722,10,0
2725,12,8
2727,3,3
2728,10,0
2731,8,3
2737,10,8
2741,12,2
2744,8,0
2756,12,8
2770,12,2
2774,7,0
2775,8,4
2779,8,0
2785,12,1
2786,10,4
2793,10,1
2801,10,0
2810,11,8
2815,10,4
2818,8,8
2819,8,4
2825,12,0
2827,12,4
2834,12,4
2850,10,1
2853,4,8
2858,8,8
2866,9,4
2877,5,8
2878,12,8
2879,8,9
2882,8,8
2887,8,8
2890,12,8
2893,12,0
2895,12,1
2904,10,0
2910,10,2
2919,8,2
2920,4,9
2922,10,7
2924,8,0
2925,8,2
2926,10,0
2939,8,2
2940,12,9
2951,12,0
2953,12,3
2956,6,1
2963,5,0
2978,12,2
2982,6,0
2987,5,0
3000,8,9
3003,11,0
3006,12,2
3009,12,0
3013,5,8
3015,12,4
3016,11,0
3036,8,0
3042,5,0
3049,10,9
3050,6,3
3053,10,9
3061,12,2
3066,12,6
3075,10,4
3077,11,9
3083,11,0
3086,7,10
3087,8,9
3090,10,4
3091,12,0
3092,12,0
3096,11,9
3097,12,10
3098,12,9
3099,12,7
3102,12,2
3108,10,0
3111,10,0
3113,10,0
3114,12,2
3115,12,8
3116,7,0
3118,8,8
3127,8,0
3129,3,2
3130,12,2
3134,5,2
3135,10,0
3140,10,9
3145,11,2
3150,8,9
3151,12,2
3156,12,4
3158,12,1
3159,10,8
3169,1,8
3174,12,1
3179,12,8
3191,12,10
3192,7,2
3196,12,0
3200,8,9
3204,11,0
3211,12,10
3214,8,4
3223,10,7
3226,5,11
3227,12,9
3231,10,2
3232,10,0
3235,10,0
3245,11,9
3249,8,6
3257,8,6
3261,3,6
3263,10,9
3266,11,2
3268,10,0
3271,9,9
3274,4,0
3291,6,0
3299,10,2
3303,12,8
3308,10,7
3312,9,2
3321,10,8
3337,7,8
3341,12,0
3342,12,3
3356,12,4
3358,10,10
3377,10,0
3390,10,4
3410,8,11
3412,10,8
3415,10,9
3436,11,9
3439,8,0
3445,12,8
3446,11,2
3456,10,0
3459,12,4
3464,2,11
3466,12,2
3471,12,1
3480,11,9
3482,10,9
3487,8,2
3494,2,2
3503,6,2
3507,12,0
3508,5,8
3518,12,4
3525,8,8
3527,11,0
3529,10,9
3532,10,2
3533,12,10
3549,10,6
3560,4,10
3570,7,2
3571,10,8
3574,12,9
3579,12,0
3582,10,0
3590,8,9
3602,10,1
3605,5,9
3620,7,8
3622,5,2
3627,12,1
3628,12,9
3630,9,8
3635,11,9
3647,7,2
3648,10,8
3658,12,0
3665,12,7
3674,8,0
3677,12,0
3679,8,9
3691,12,1
3696,6,8
3700,8,2
3707,8,7
3709,2,8
3712,10,2
3715,8,9
3717,9,8
3722,8,2
3724,12,9
3725,10,0
3726,10,0
3734,10,0
3736,10,2
3741,1,0
3745,10,2
3748,12,9
3754,6,0
3755,11,0
3758,10,0
3775,8,0
3778,12,2
3784,8,0
3790,11,8
3796,8,1
3809,9,2
3813,12,8
3819,7,0
3828,8,8
3838,10,1
3839,10,2
3842,10,0
3844,8,8
3849,10,11
3853,12,6
3856,12,1
3860,12,9
3865,8,6
3867,10,2
3868,10,0
3873,7,2
3874,10,2
3880,12,9
3883,12,4
3905,8,9
3909,12,8
3921,12,9
3927,12,2
3928,9,0
3929,1,0
3931,11,9
3938,6,1
3940,12,1
3950,12,0
3952,5,8
3976,8,2
3982,8,2
3997,8,2
3999,4,4
4005,12,0
4006,3,10
4046,9,2
4054,12,2
4056,12,9
4057,10,9
4059,1,10
4066,8,10
4072,12,8
4077,6,2
4095,10,0
4100,2,2
4119,6,4
4139,11,0
4146,2,2
4148,12,8
4160,10,0
4182,12,8
4190,8,8
4191,9,0
4199,7,0
4203,3,2
4205,12,7
4206,10,2
4208,12,3
4212,12,8
4216,12,2
4219,7,0
4229,10,8
4232,12,2
4233,7,2
4239,8,0
4240,8,8
4246,12,8
4252,12,1
4255,12,2
4259,8,8
4261,10,0
4263,12,9
4265,4,8
4268,10,0
4269,10,1
4277,10,9
4281,12,0
4284,12,9
4295,10,9
4306,8,8
4311,10,2
4312,6,9
4314,12,2
4321,10,8
4324,5,2
4342,4,2
4345,12,4
4347,10,8
4351,12,9
4358,8,8
4376,8,2
4382,11,0
4384,8,2
4386,12,2
4388,11,0
4391,8,9
4398,10,0
4400,12,2
4404,12,9
4415,12,8
4430,12,9
4443,12,7
4449,8,2
4468,5,7
4509,10,2
4511,10,3
4521,12,11
4524,10,1
4525,12,8
4530,8,8
4532,12,0
4538,8,0
4542,4,2
4545,6,9
4555,12,2
4564,7,2
4569,6,4
4575,10,4
4584,10,9
4588,12,2
4594,12,8
4596,7,0
4614,9,9
4615,9,1
4618,10,9
4621,8,8
4622,12,9
4630,12,8
4632,5,1
4634,10,9
4635,8,0
4636,8,2
4645,10,2
4657,5,7
4663,8,0
4669,12,2
4681,8,9
4689,10,2
4700,12,11
4707,4,4
4709,10,0
4711,2,2
4719,10,9
4720,8,10
4722,6,8
4729,12,8
4732,8,1
4735,7,2
4736,10,9
4737,10,2
4746,8,0
4748,8,8
4750,10,10
4753,12,0
4759,10,8
4762,5,11
4764,12,8
4766,10,2
4767,12,7
4777,10,0
4788,12,0
4792,11,3
4804,12,9
4812,5,11
4815,5,7
4824,10,4
4832,8,0
4839,8,3
4844,10,8
4846,10,0
4855,9,2
4856,10,0
4868,8,9
4873,8,2
4877,11,1
4878,10,3
4881,10,4
4887,12,0
4897,8,0
4898,10,9
4900,10,0
4902,4,9
4903,10,1
4905,10,0
4906,10,7
4914,11,0
4915,5,2
4921,12,9
4923,12,0
4935,10,2
4941,12,9
4942,8,0
4943,3,4
4945,6,9
4946,12,8
4948,8,8
4952,6,0
4954,6,9
4955,12,0
4956,10,1
4959,10,8
4960,12,2
4966,8,9
4970,12,11
4975,10,0
4978,12,2
4983,8,2
4984,12,2
4987,8,2
4994,12,0
4996,10,8
5006,10,9
5007,12,7
5015,5,7
5018,11,8
5020,6,8
5043,7,2
5045,10,2
5051,12,2
5058,8,4
5059,8,0
5062,10,8
5064,12,8
5066,12,0
5067,12,0
5071,10,0
5072,4,7
5075,7,4
5081,6,4
5089,12,4
5091,12,9
5095,2,10
5098,4,1
5104,6,8
5107,6,9
5108,11,3
5132,6,2
5134,7,6
5137,12,8
5153,5,0
5158,10,8
5169,12,0
5170,4,6
5172,11,0
5178,12,2
5179,11,2
5196,12,4
5198,2,0
5199,12,7
5205,12,0
5210,12,6
5211,10,2
5221,12,2
5225,10,0
5226,12,0
5228,12,3
5239,8,0
5240,12,2
5245,10,8
5264,10,2
5267,8,8
5275,12,2
5278,12,0
5287,9,0
5293,8,0
5296,5,0
5314,12,8
5320,10,8
5322,10,8
5328,12,2
5330,11,7
5334,10,8
5337,8,0
5345,10,2
5349,10,2
5351,10,5
5353,8,9
5364,10,9
5371,8,1
5374,8,0
5375,10,0
5380,7,9
5393,12,8
5394,5,8
5409,12,3
5411,8,7
5413,6,0
5415,4,2
5422,3,0
5427,5,1
5431,12,2
5434,8,0
5442,12,2
5452,12,0
5473,12,8
5474,8,2
5477,12,2
5482,7,3
5495,8,4
5497,10,9
5510,12,1
5511,2,7
5522,5,0
5529,12,3
5534,12,2
5540,5,0
5546,11,0
5547,10,8
5549,12,2
5564,12,9
5568,10,9
5569,12,7
5574,6,9
5579,12,1
5582,12,8
5586,12,0
5588,12,0
5591,12,8
5597,5,0
5600,6,0
5603,12,3
5622,12,2
5623,12,9
5624,8,2
5632,8,0
5635,10,4
5641,2,8
5649,10,1
5667,8,8
5669,5,2
5674,12,0
5677,12,0
5678,12,0
5681,12,2
5689,10,10
5690,12,6
5691,10,0
5697,8,2
5698,10,8
5700,12,4
5707,11,3
5716,12,3
5727,12,7
5730,12,8
5736,8,9
5738,8,2
5739,10,2
5747,8,2
5750,12,4
5759,12,8
5761,5,8
5764,10,8
5765,8,9
5767,12,0
5771,12,10
5777,6,8
5780,12,0
5784,10,2
5786,8,6
5796,10,8
5799,12,8
5804,4,4
5805,7,11
5809,10,8
5820,8,9
5824,12,0
5828,5,7
5836,8,2
5839,9,10
5844,6,0
5845,12,9
5849,12,7
5856,8,3
5861,12,8
5864,12,2
5865,12,1
5866,12,2
5869,1,8
5870,8,9
5877,10,3
5880,6,9
5887,10,8
5893,7,2
5894,9,2
5898,7,0
5914,11,7
5916,8,8
5918,10,2
5921,11,8
5922,8,8
5923,4,4
5924,12,8
5930,10,8
5939,5,4
5942,12,9
5943,11,0
5946,10,2
5948,10,8
5951,10,0
5963,4,0
5965,6,9
5967,5,8
5968,5,0
5970,12,9
5975,9,7
5980,12,3
5982,10,9
5985,12,8
5999,8,9
6007,10,1
6009,12,2
6023,8,4
6029,8,2
6039,8,0
6043,10,2
6044,12,1
6052,9,0
6056,12,8
6070,8,4
6071,9,9
6074,8,8
6080,6,0
6085,12,0
6088,12,2
6099,8,0
6105,8,8
6107,12,2
6118,12,7
6124,12,9
6125,7,9
6129,12,0
6131,12,0
6138,6,4
6139,12,9
6142,10,1
6148,8,9
6150,12,0
6155,10,9
6162,6,0
6166,12,0
6177,10,8
6186,8,7
6190,12,0
6204,9,0
6207,12,8
6208,7,2
6209,6,2
6210,5,0
6212,12,8
6215,8,8
6221,11,0
6226,8,8
6227,6,8
6229,12,0
6230,10,8
6234,12,0
6239,8,7
6241,12,4
6244,9,8
6251,12,9
6253,8,10
6260,12,2
6262,12,8
6264,12,5
6270,8,8
6273,7,0
6274,7,2
6276,5,9
6284,12,7
6285,10,2
6286,10,9
6291,6,2
6296,11,4
6298,8,0
6303,10,9
6304,7,8
6305,6,0
6314,11,7
6318,12,9
6321,12,1
6324,12,0
6326,8,6
6330,8,0
6331,6,0
6337,7,6
6340,8,9
6347,5,0
6351,12,8
6354,8,8
6355,12,2
6357,8,8
6358,12,0
6372,12,2
6374,10,0
6378,12,2
6384,8,0
6385,12,9
6393,12,7
6399,8,8
6403,10,4
6404,12,2
6407,8,0
6421,12,0
6422,10,2
6425,8,8
6427,6,8
6436,5,4
6443,8,8
6446,10,8
6453,10,8
6455,12,6
6461,12,2
6471,6,0
6476,0,2
6482,8,9
6486,10,9
6491,5,0
6493,10,0
6507,8,8
6509,10,9
6512,11,3
6518,10,2
6522,3,0
6523,7,7
6525,2,3
6528,4,12
6533,11,7
6535,12,8
6536,2,0
6537,8,2
6540,8,2
6541,12,1
6543,2,2
6544,10,4
6545,5,2
6560,8,8
6562,10,2
6568,8,0
6569,8,0
6571,9,4
6572,5,8
6573,11,8
6578,3,3
6581,10,0
6583,12,9
6585,11,9
6586,12,0
6587,12,0
6588,12,8
6590,5,4
6595,12,2
6599,5,2
6602,7,8
6603,5,7
6604,10,2
6627,10,3
6632,12,1
6634,12,9
6639,12,7
6642,12,2
6643,8,2
6644,10,3
6656,10,4
6657,12,2
6658,10,9
6663,11,4
6666,11,1
6677,4,2
6680,12,9
6681,11,9
6690,8,8
6696,12,2
6697,3,3
6698,10,8
6704,10,0
6713,8,2
6715,8,2
6722,10,8
6735,12,2
6737,6,0
6739,8,0
6746,12,0
6747,7,9
6749,12,8
6750,6,0
6751,10,7
6752,8,2
6754,8,2
6757,12,0
6760,2,8
6762,10,1
6770,8,1
6774,10,0
6790,4,3
6792,10,10
6797,10,2
6798,12,4
6803,5,10
6809,8,8
6810,12,9
6813,6,2
6821,12,7
6824,4,1
6826,8,10
6833,7,8
6839,2,0
6856,8,8
6861,12,7
6862,12,0
6865,12,9
6867,6,8
6868,9,9
6869,1,2
6870,10,0
6874,12,2
6877,10,8
6889,10,10
6896,0,9
6912,12,8
6913,12,0
6918,10,8
6927,11,8
6932,8,0
6940,8,4
6945,8,4
6946,10,5
6948,5,4
6950,9,0
6952,8,8
6953,4,2
6957,11,10
6963,12,0
6964,8,2
6965,5,2
6971,5,9
6972,0,5
6975,11,7
6983,5,6
6992,12,0
6994,12,0
7001,8,0
7003,10,8
7027,10,0
7028,6,8
7050,10,0
7052,11,8
7056,10,1
7061,10,1
7068,11,1
7077,7,8
7088,10,8
7106,11,4
7111,5,9
7116,12,0
7121,10,2
7124,5,9
7145,8,2
7156,8,9
7162,2,2
7163,5,9
7205,10,10
7208,12,2
7210,12,0
7213,12,2
7229,8,8
7230,6,11
7231,10,0
7233,11,1
7238,10,0
7242,10,8
7245,5,8
7255,10,0
7269,10,4
7270,12,3
7279,12,1
7280,10,7
7283,4,0
7285,11,0
7301,6,3
7305,9,0
7306,2,8
7313,10,8
7324,12,7
7326,12,9
7327,12,0
7329,10,9
7330,8,4
7333,11,0
7334,8,7
7338,7,7
7339,12,1
7340,10,2
7345,8,8
7353,10,10
7368,12,0
7374,10,8
7378,12,2
7386,12,8
7388,9,8
7397,10,1
7402,10,0
7403,12,0
7405,8,4
7408,7,10
7421,12,0
7422,8,2
7424,5,7
7432,8,8
7437,5,6
7439,3,2
7440,8,2
7444,8,2
7455,10,0
7460,11,3
7468,12,0
7478,12,3
7479,7,9
7482,10,2
7485,7,4
7491,12,4
7513,12,1
7514,3,0
7520,3,2
7532,10,2
7534,12,2
7547,12,1
7550,10,1
7555,2,4
7567,11,8
7568,11,8
7576,12,0
7581,9,2
7590,4,4
7596,5,2
7597,12,7
7599,12,0
7609,10,10
7611,8,9
7614,5,2
7622,12,2
7627,12,8
7630,2,8
7640,10,0
7644,10,1
7646,8,9
7647,12,9
7649,6,8
7650,8,4
7653,10,8
7655,5,0
7656,12,9
7663,12,0
7671,4,0
7680,8,2
7682,7,9
7692,12,8
7700,12,0
7715,8,2
7726,12,1
7735,5,2
7747,12,3
7752,7,4
7762,8,8
7768,0,2
7769,8,2
7770,1,2
7772,10,10
7779,11,4
7782,12,4
7790,8,8
7791,10,8
7795,12,0
7801,6,9
7804,7,8
7813,12,10
7820,10,8
7824,5,0
7845,8,0
7853,12,8
7856,8,2
7864,12,3
7867,8,9
7868,12,8
7870,12,0
7872,8,2
7875,12,9
7882,10,2
7883,10,8
7886,12,10
7896,3,2
7897,6,2
7903,12,8
7904,12,4
7905,10,0
7906,5,7
7911,10,2
7912,12,0
7914,8,2
7925,10,9
7926,8,2
7928,8,0
7929,12,9
7930,10,0
7933,12,8
7934,6,4
7945,12,2
7950,6,9
7970,12,0
7973,11,8
7975,12,1
7981,0,8
7986,10,0
7989,12,10
7990,3,3
7994,10,2
7997,12,7
8001,10,8
8008,5,2
8023,8,8
8036,11,0
8039,10,3
8045,8,2
8047,11,9
8048,10,0
8059,12,2
8060,1,0
8061,11,0
8072,10,0
8073,10,2
8074,3,7
8079,12,8
8086,12,8
8089,12,2
8106,10,2
8121,10,9
8124,5,0
8127,8,9
8131,12,0
8133,12,8
8136,8,2
8139,4,3
8141,10,9
8148,10,2
8149,2,0
8151,10,8
8160,6,4
8162,12,0
8170,8,8
8175,6,1
8180,12,7
8182,12,1
8190,6,8
8191,10,8
8192,12,2
8196,5,9
8210,9,3
8211,8,3
8213,3,9
8220,3,9
8226,8,0
8229,6,1
8232,6,0
8233,12,2
8235,10,1
8240,10,8
8243,12,7
8247,8,8
8251,12,0
8252,0,2
8266,12,9
8269,8,0
8273,6,7
8274,11,2
8277,12,11
8287,8,8
8288,8,2
8295,8,0
8297,12,8
8299,5,1
8302,12,9
8309,11,9
8316,10,0
8317,11,4
8319,10,3
8323,10,4
8325,12,2
8328,5,9
8333,12,0
8340,12,2
8343,12,11
8345,12,0
8356,11,1
8359,12,2
8377,10,9
8382,9,4
8384,4,1
8388,10,0
8389,12,4
8397,10,9
8410,12,2
8417,12,8
8419,12,3
8426,10,8
8429,3,9
8437,10,7
8441,8,8
8446,8,0
8449,12,1
8452,8,2
8462,12,4
8468,12,8
8469,10,0
8470,8,8
8480,10,8
8485,5,11
8487,7,4
8488,5,7
8489,11,0
8497,12,9
8508,8,8
8516,9,0
8518,10,0
8522,12,7
8551,8,2
8553,9,10
8554,12,9
8556,12,2
8557,9,0
8562,2,9
8565,12,9
8567,10,8
8570,12,1
8580,1,7
8584,12,10
8586,6,1
8588,10,2
8591,12,8
8599,12,10
8601,10,1
8603,12,0
8624,10,8
8625,8,0
8635,10,8
8636,12,2
8637,2,2
8639,8,9
8640,12,3
8641,5,0
8644,10,3
8649,8,6
8653,5,0
8655,10,2
8665,10,9
8666,10,2
8669,11,0
8673,10,8
8675,10,8
8676,10,2
8679,10,0
8683,8,0
8685,12,9
8698,11,2
8705,10,0
8709,10,8
8720,8,6
8722,8,7
8728,7,2
8733,10,8
8734,6,9
8739,12,0
8742,12,3
8745,10,0
8746,8,2
8747,8,2
8753,10,8
8758,9,8
8767,12,9
8768,10,8
8772,11,3
8773,3,7
8778,10,0
8784,12,6
8792,12,4
8824,8,2
8828,1,2
8833,12,8
8840,12,9
8843,10,0
8861,10,0
8866,6,0
8870,12,9
8875,12,9
8879,12,8
8887,9,9
8900,5,4
8912,12,2
8913,12,9
8917,10,11
8918,12,9
8919,4,8
8924,12,2
8925,8,8
8930,12,0
8932,11,11
8938,12,0
8939,10,1
8948,9,0
8949,10,8
8959,12,8
8969,5,1
8971,6,2
8976,8,0
8980,10,8
8981,10,2
8982,12,2
8990,12,8
9000,11,8
9001,12,2
9004,8,10
9005,8,9
9006,12,8
9015,5,2
9018,10,1
9032,8,8
9033,10,9
9037,12,2
9038,1,0
9050,10,0
9052,12,8
9057,8,9
9059,11,0
9063,8,4
9067,8,9
9070,8,4
9072,5,2
9078,8,7
9082,6,2
9091,12,2
9092,12,0
9098,12,0
9102,12,9
9112,9,6
9114,10,9
9115,10,9
9124,12,8
9126,12,2
9127,12,0
9128,12,7
9130,11,2
9139,4,4
9140,8,2
9143,11,10
9144,10,10
9154,12,0
9155,8,0
9159,12,8
9160,5,0
9170,8,2
9173,12,4
9174,6,8
9177,8,8
9179,10,9
9182,11,0
9183,10,1
9188,12,2
9194,12,2
9197,12,10
9198,10,8
9205,8,0
9211,11,0
9212,12,0
9213,7,8
9222,10,9
9227,9,8
9234,12,3
9237,8,0
9240,10,2
9243,8,2
9251,8,8
9257,8,0
9259,11,2
9260,11,2
9263,12,2
9264,8,8
9282,10,6
9284,10,10
9291,10,10
9298,12,6
9307,10,0
9315,12,11
9320,8,4
9322,6,11
9335,4,1
9336,8,8
9338,11,2
9344,10,3
9345,8,2
9346,11,8
9347,8,2
9350,10,9
9356,6,0
9358,12,9
9367,10,9
9368,12,0
9385,8,0
9390,8,10
9399,12,2
9400,1,9
9403,5,7
9411,5,1
9414,12,2
9417,8,10
9423,5,9
9424,6,1
9429,11,0
9434,10,0
9435,7,8
9436,12,3
9438,12,9
9441,9,9
9449,12,2
9455,7,2
9470,10,1
9471,8,0
9474,8,1
9479,5,0
9485,8,9
9489,12,0
9492,12,3
9496,10,4
9506,11,2
9511,12,9
9519,8,8
9520,10,3
9531,12,8
9554,8,8
9557,8,2
9559,10,9
9560,8,8
9561,10,0
9563,10,7
9568,12,8
9569,8,0
9572,10,2
9581,10,2
9585,10,1
9586,9,0
9588,8,3
9589,12,4
9593,12,0
9599,9,9
9602,8,9
9603,10,2
9605,1,0
9613,10,2
9618,2,2
9631,10,7
9632,8,8
9636,10,9
9639,5,9
9651,8,0
9657,5,7
9662,10,0
9664,8,0
9680,12,2
9691,12,4
9692,12,2
9693,8,0
9694,7,2
9696,6,3
9697,10,2
9699,8,8
9706,10,0
9716,8,8
9720,12,9
9721,8,0
9725,5,9
9741,10,2
9745,8,8
9759,12,1
9767,12,9
9771,12,2
9774,5,9
9778,4,9
9783,12,4
9784,8,1
9785,10,8
9788,7,9
9798,8,2
9800,8,9
9806,3,9
9807,11,9
9808,10,12
9811,12,1
9823,8,2
9837,2,8
9841,12,8
9850,8,8
9859,12,6
9860,8,8
9862,12,0
9865,10,8
9871,9,8
9879,10,8
9880,12,0
9883,8,0
9888,12,0
9889,12,9
9912,10,0
9920,5,7
9923,8,1
9924,12,0
9930,8,11
9948,12,0
9949,11,2
9956,12,4
9962,6,4
9964,8,10
9968,12,9
9972,12,8
9976,12,2
9977,8,9
9981,8,6
9985,8,0
9986,10,7
9994,10,4
9995,8,1
10000,6,2
10002,12,8
10003,12,9
10004,10,8
10006,12,8
10014,8,1
10015,12,8
10023,9,6
10035,12,8
10040,8,2
10043,12,0
10045,10,9
10048,12,8
10055,12,9
10062,10,4
10070,12,8
10071,8,0
10073,12,6
10080,8,8
10085,10,3
10088,10,0
10091,10,0
10093,12,8
10103,8,8
10104,11,0
10107,5,9
10114,8,9
10120,2,0
10123,12,2
10125,12,8
10126,12,0
10127,1,1
10128,7,9
10129,8,2
10130,8,7
10132,10,1
10135,8,0
10138,10,8
10139,12,4
10144,10,8
10148,12,7
10153,12,0
10158,10,8
10159,11,0
10167,11,10
10172,10,0
10186,3,2
10188,12,8
10195,8,2
10222,10,4
10227,9,9
10230,12,4
10232,12,8
10235,6,8
10244,2,1
10245,8,8
10246,10,2
10251,11,9
10257,2,0
10259,8,3
10283,6,2
10284,12,0
10287,5,7
10294,10,0
10301,9,0
10302,8,6
10305,10,7
10306,11,2
10322,8,4
10324,10,0
10327,12,10
10332,10,2
10333,3,0
10335,2,0
10337,5,1
10339,10,0
10347,11,3
10368,5,0
10369,12,9
10377,12,8
10379,7,3
10380,8,2
10383,4,11
10388,12,8
10397,12,0
10401,4,3
10411,10,7
10412,4,9
10420,12,7
10431,12,2
10432,8,0
10437,8,7
10442,12,2
10443,10,2
10446,11,8
10462,10,0
10464,12,8
10465,8,8
10466,12,4
10472,10,1
10490,7,11
10493,7,8
10495,12,1
10500,10,0
10505,12,8
10524,8,2
10527,11,0
10532,12,9
10533,11,10
10536,8,2
10540,8,2
10542,8,2
10543,10,2
10545,10,1
10552,8,8
10554,4,9
10560,12,0
10562,12,0
10566,8,2
10575,12,7
10576,6,1
10588,12,2
10604,3,2
10605,6,0
10608,12,3
10610,10,0
10615,12,2
10618,8,8
10621,12,9
10622,12,9
10627,12,0
10634,12,4
10635,12,8
10639,5,0
10640,4,10
10650,12,0
10661,10,2
10667,7,0
10668,10,2
10670,6,4
10675,12,8
10679,11,2
10681,12,2
10685,12,0
10688,9,2
10696,8,8
10703,8,8
10713,10,1
10715,12,2
10717,8,2
10730,8,0
10733,10,0
10744,12,0
10748,6,2
10753,12,9
10754,10,2
10756,8,0
10762,12,9
10774,12,9
10777,10,2
10780,12,8
10790,11,4
10791,12,0
10794,12,0
10798,8,8
10804,12,0
10805,10,2
10808,6,0
10816,5,4
10825,8,0
10829,12,0
10832,7,2
10835,12,2
10836,10,9
10837,7,3
10839,12,7
10841,7,2
10845,12,8
10846,8,2
10851,12,8
10875,12,8
10876,10,2
10879,8,3
10881,8,0
10883,8,2
10898,6,0
10902,8,8
10910,8,0
10925,12,2
10932,12,0
10937,12,2
10950,4,9
10951,10,2
10952,8,9
10956,6,0
10962,12,0
10964,12,9
10969,6,9
10970,7,3
10973,12,0
10974,10,8
10975,6,0
10977,12,4
10984,8,2
10989,5,0
10994,12,2
10999,12,0
11007,10,2
11010,12,1
11013,12,10
11018,12,0
11019,12,2
11020,12,9
11029,10,2
11030,6,8
11053,12,0
11054,12,1
11055,8,2
11057,8,9
11063,12,2
11069,12,8
11072,10,0
11074,10,0
11076,8,1
11077,12,0
11079,12,10
11095,11,9
11109,8,8
11113,8,0
11115,12,3
11119,12,2
11120,12,1
11135,10,1
11138,10,9
11139,12,2
11141,9,0
11142,12,8
11152,12,0
11164,10,2
11169,11,1
11177,4,9
11183,10,0
11191,10,8
11192,10,2
11194,12,2
11200,10,2
11203,10,2
11213,10,9
11219,10,0
11231,10,0
11242,10,8
11249,8,8
11253,10,0
11254,10,4
11255,12,0
11258,8,0
11259,10,8
11262,12,0
11263,10,2
11268,10,0
11269,10,4
11271,10,8
11275,10,3
11277,12,0
11279,10,4
11284,12,0
11285,6,2
11290,10,2
11295,8,2
11299,12,4
11306,12,11
11308,1,0
11316,12,9
11318,3,4
11322,1,8
11324,10,7
11331,12,7
11333,12,9
11347,12,2
11364,10,8
11374,8,3
11378,12,0
11398,12,2
11403,12,8
11404,5,9
11405,12,1
11407,8,7
11409,4,0
11411,6,0
11418,12,8
11420,8,1
11429,5,8
11433,10,11
11440,10,8
11441,10,1
11443,12,2
11446,6,9
11467,10,2
11468,12,4
11470,10,2
11472,9,8
11474,10,1
11482,10,2
11488,7,0
11491,12,0
11493,10,8
11498,10,9
11510,11,0
11525,8,0
11533,12,5
11534,8,8
11538,12,6
11554,10,1
11559,6,6
11563,12,0
11566,12,4
11568,12,7
11570,10,2
11576,11,2
11579,2,2
11581,11,0
11584,7,8
11591,8,2
11594,8,2
11597,10,0
11614,8,0
11624,10,9
11628,10,0
11630,5,0
11637,8,0
11639,11,9
11646,8,12
11650,11,2
11662,12,2
11665,12,11
11671,10,0
11677,10,8
11685,8,2
11688,5,6
11693,11,0
11696,10,0
11697,7,9
11700,12,1
11703,12,0
11710,8,1
11716,10,2
11717,10,9
11732,12,9
11735,3,8
11740,7,8
11741,8,10
11749,12,8
11753,12,8
11761,4,9
11765,12,8
11772,12,8
11789,10,8
11791,12,8
11792,7,2
11794,12,10
11798,10,6
11803,12,11
11804,12,1
11808,10,2
11815,7,2
11827,5,2
11831,8,7
11837,7,2
11838,7,10
11842,7,4
11844,11,0
11845,10,7
11854,12,2
11859,8,1
11867,12,0
11868,10,9
11871,8,2
11878,12,1
11884,7,3
11892,10,2
11895,6,11
11912,8,2
11917,1,1
11921,12,9
11926,12,10
11927,12,1
11939,6,0
11954,10,8
11955,8,8
11958,6,7
11966,11,4
11974,7,2
11980,8,2
11985,12,10
11989,8,2
12005,4,0
12029,12,0
12056,8,1
12058,10,10
12059,10,8
12062,2,0
12065,12,0
12082,3,8
12084,12,0
12087,12,8
12088,6,2
12089,10,1
12090,12,9
12103,12,8
12107,8,8
12115,6,10
12120,6,8
12123,12,10
12134,8,1
12137,4,0
12138,12,0
12142,12,0
12146,8,10
12148,5,7
12153,5,2
12165,12,9
12169,10,0
12172,8,9
12176,12,2
12178,9,2
12181,1,0
12191,12,7
12192,12,1
12202,12,0
12205,12,7
12223,12,3
12224,12,8
12225,10,2
12226,8,0
12229,12,8
12231,9,2
12232,8,8
12233,8,2
12234,12,7
12249,8,0
12251,10,2
12255,8,11
12256,12,8
12267,12,8
12273,2,8
12277,1,7
12283,8,8
12285,7,0
12288,7,2
12293,10,8
12295,7,0
12297,10,4
12305,3,0
12312,12,2
12316,12,2
12319,8,2
12324,12,1
12331,12,10
12334,8,9
12341,8,0
12350,8,7
12354,8,9
12356,10,0
12357,3,0
12362,12,2
12364,12,2
12365,12,8
12377,10,2
12378,5,2
12379,12,4
12382,4,4
12385,8,2
12387,8,8
12393,6,8
12401,12,2
12411,5,2
12414,8,0
12415,12,0
12418,10,0
12419,2,3
12421,5,4
12422,8,10
12425,7,0
12439,12,2
12442,10,11
12443,9,8
12450,11,8
12457,10,7
12461,12,8
12462,8,0
12477,10,0
12479,8,1
12484,8,2
12491,12,8
12498,8,7
12503,12,9
12509,12,5
12521,10,11
12522,8,0
12530,8,8
12538,2,2
12539,5,0
12544,8,2
12545,12,2
12547,6,0
12548,8,0
12551,10,7
12553,10,2
12557,5,4
12558,12,2
12559,10,2
12565,10,9
12571,6,9
12572,8,10
12578,8,8
12587,11,0
12593,12,8
12594,8,8
12601,12,9
12604,8,0
12619,9,8
12622,10,9
12625,12,6
12626,12,0
12627,10,0
12633,12,2
12634,5,0
12638,12,0
12646,8,8
12647,5,1
12652,8,2
12654,12,7
12657,8,0
12661,12,0
12668,8,0
12671,10,0
12675,4,2
12679,8,8
12682,12,2
12693,6,4
12694,11,2
12698,2,2
12704,12,2
12705,5,0
12709,8,0
12713,10,0
12715,12,8
12717,8,0
12723,8,2
12733,6,0
12734,2,2
12735,8,0
12744,8,9
12745,12,2
12748,8,9
12752,10,2
12755,12,8
12756,4,2
12768,8,2
12774,12,0
12782,12,2
12789,11,4
12794,12,2
12795,12,0
12805,12,8
12811,11,0
12818,9,4
12821,12,2
12822,10,0
12824,12,7
12828,6,0
12830,10,0
12831,8,8
12835,12,8
12838,12,1
12839,12,0
12853,12,7
12856,12,2
12857,8,2
12860,7,8
12864,10,7
12865,8,2
12867,8,0
12871,12,3
12876,10,2
12895,8,0
12896,8,8
12900,3,8
12902,11,8
12904,12,1
12925,10,1
12928,12,7
12929,12,0
12935,12,0
12944,12,8
12949,12,9
12951,12,8
12971,4,0
12972,8,11
12974,6,0
12988,10,2
12991,12,9
12993,12,2
13023,4,7
13025,6,8
13026,8,8
13029,12,8
13038,8,8
13040,12,0
13043,2,8
13044,10,2
13049,8,8
13056,12,9
13059,10,0
13069,2,10
13070,10,2
13078,12,2
13080,12,1
13081,12,8
13092,12,6
13096,7,0
13103,12,0
13109,10,2
13117,12,3
13124,12,0
13125,7,2
13126,8,10
13132,12,2
13133,8,2
13141,12,9
13145,10,2
13147,8,8
13152,12,1
13153,12,11
13172,10,0
13174,8,3
13175,12,2
13178,12,2
13179,10,2
13180,12,8
13183,12,3
13186,6,4
13194,4,7
13195,5,2
13196,9,2
13201,12,0
13207,10,3
13214,12,3
13219,10,9
13229,11,9
13239,10,2
13244,8,8
13246,12,9
13258,10,0
13261,11,9
13264,12,0
13266,8,8
13273,12,0
13281,12,1
13285,4,3
13288,12,2
13290,12,8
13296,12,2
13310,8,9
13317,11,7
13318,12,2
13319,7,2
13321,11,0
13322,12,8
13323,2,9
13324,10,1
13338,10,2
13340,12,2
13342,5,0
13343,12,9
13345,12,4
13346,12,0
13348,12,0
13353,10,8
13356,12,0
13357,8,9
13358,10,9
13360,10,9
13369,12,0
13377,12,2
13382,12,10
13385,12,1
13389,12,7
13399,12,2
13413,10,2
13419,8,0
13421,8,1
13422,7,9
13424,3,9
13434,12,7
13437,7,8
13439,5,7
13444,12,0
13457,10,2
13463,10,9
13473,12,9
13474,4,8
13483,10,2
13490,10,8
13492,12,2
13498,10,8
13499,12,1
13500,12,0
13501,8,9
13509,10,0
13514,8,8
13518,8,1
13523,10,2
13524,12,8
13528,5,2
13533,3,2
13539,12,2
13545,12,1
13551,12,0
13558,8,2
13563,10,8
13568,10,9
13572,10,3
13575,12,11
13585,9,8
13586,12,0
13595,12,8
13597,5,2
13599,12,2
13609,5,0
13613,10,0
13624,12,0
13629,12,8
13630,6,4
13641,12,2
13642,8,0
13645,10,7
13649,9,2
13651,12,8
13662,12,8
13674,8,0
13676,11,2
13680,10,8
13681,10,9
13686,12,7
13690,12,10
13693,6,1
13715,6,2
13721,4,4
13723,12,2
13724,10,10
13731,12,8
13733,10,9
13734,10,8
13736,12,0
13745,10,10
13760,10,2
13765,12,2
13771,10,7
13773,6,0
13781,12,2
13784,10,2
13787,8,2
13791,12,9
13796,2,8
13814,12,0
13827,12,8
13829,12,0
13836,8,0
13850,10,2
13858,8,8
13859,8,2
13861,6,0
13865,12,0
13869,10,0
13873,12,2
13877,12,0
13887,10,8
13889,10,0
13904,7,0
13912,8,8
13920,8,8
13922,12,9
13931,12,4
13932,10,8
13936,12,2
13938,8,0
13951,12,10
13978,12,8
13983,10,2
13984,10,0
13999,12,8
14004,10,10
14005,9,10
14013,8,0
14014,12,9
14019,5,8
14034,8,8
14035,8,8
14041,10,0
14053,10,0
14060,11,9
14069,10,0
14070,8,4
14073,12,2
14075,8,2
14085,8,0
14088,5,0
14093,12,2
14097,10,7
14098,8,9
14104,12,8
14110,8,4
14111,4,9
14129,12,4
14140,11,0
14155,5,0
14157,10,8
14162,11,9
14163,10,1
14164,10,0
14171,12,10
14172,4,4
14174,10,0
14176,4,9
14179,10,2
14181,12,8
14185,12,0
14188,8,8
14203,8,6
14205,1,3
14211,2,2
14218,10,2
14223,8,8
14224,10,9
14226,2,7
14227,4,0
14240,10,8
14243,12,4
14246,12,0
14249,6,7
14259,10,2
14260,8,1
14261,8,3
14282,9,0
14284,12,8
14291,8,8
14299,10,8
14302,8,0
14304,4,9
14311,6,8
14319,12,8
14320,12,9
14325,6,10
14327,11,2
14331,10,7
14333,12,2
14338,12,0
14339,5,9
14344,7,0
14352,10,0
14353,6,0
14365,4,7
14368,10,2
14369,11,2
14380,2,0
14381,10,0
14382,12,9
14386,3,9
14393,10,8
14395,10,2
14397,12,8
14400,2,0
14403,4,2
14418,11,10
14421,10,8
14423,8,4
14431,12,3
14439,8,9
14441,10,2
14442,8,2
14444,12,2
14448,2,2
14460,5,9
14461,10,4
14465,10,8
14471,8,8
14474,10,8
14482,12,1
14493,8,8
14496,10,8
14498,8,8
14503,12,0
14505,11,9
14507,10,2
14508,12,8
14509,8,10
14518,10,2
14528,11,8
14536,8,4
14539,12,2
14544,8,1
14548,5,2
14550,2,3
14561,12,0
14565,8,2
14571,12,7
14572,6,7
14580,10,4
14586,10,2
14588,10,0
14590,8,8
14592,12,3
14599,8,4
14606,10,8
14607,8,2
14608,9,4
14614,7,8
14621,6,9
14622,6,0
14627,11,11
14628,7,0
14637,10,9
14640,5,1
14647,10,0
14654,10,8
14655,10,2
14660,8,8
14664,6,2
14665,7,9
14672,11,8
14685,0,4
14687,12,1
14689,11,8
14699,7,0
14702,10,0
14706,10,8
14707,8,0
14709,12,8
14710,12,8
14713,7,4
14718,10,1
14719,6,2
14721,12,4
14726,12,2
14735,12,8
14737,11,8
14739,8,4
14743,10,8
14744,12,0
14745,2,8
14752,6,10
14770,12,8
14771,12,9
14773,4,3
14782,8,8
14795,10,2
14797,10,2
14801,3,6
14822,12,8
14835,12,2
14839,10,2
14847,12,3
14850,12,4
14856,12,8
14864,11,8
14866,8,8
14877,8,0
14883,11,8
14887,8,0
14892,5,2
14893,11,9
14894,6,2
14903,10,8
14908,12,11
14909,8,9
14924,11,0
14926,10,9
14927,10,8
14935,7,8
14940,11,8
14944,12,8
14951,12,2
14956,8,9
14963,8,0
14970,4,9
14971,12,10
14973,10,1
14977,10,0
14986,8,2
14989,10,7
14991,8,1
14994,12,2
14997,12,8
15002,10,1
15007,6,0
15017,12,11
15018,2,2
15028,8,2
15034,10,0
15049,12,2
15054,10,10
15056,10,10
15059,11,6
15062,8,4
15067,10,9
15071,6,9
15074,5,2
15076,12,10
15079,8,8
15081,2,2
15086,8,8
15098,6,9
15103,10,0
15107,5,0
15109,10,2
15121,12,8
15122,12,9
15133,8,3
15139,11,0
15148,6,3
15153,12,8
15155,8,2
15157,12,2
15162,12,8
15175,8,3
15199,9,8
15205,1,4
15212,8,0
15216,12,0
15221,5,9
15224,10,8
15226,7,2
15230,10,1
15239,12,2
15248,12,3
15254,7,7
15259,11,0
15264,10,3
15270,12,9
15277,12,8
15278,12,4
15284,12,8
15291,12,2
15296,12,8
15299,12,1
15302,5,0
15305,2,2
15311,8,0
15314,12,6
15318,8,2
15324,12,2
15327,5,0
15329,12,2
15339,10,9
15346,8,8
15358,12,9
15359,12,8
15361,12,2
15362,12,9
15363,12,0
15364,12,4
15367,10,0
15377,10,0
15384,12,0
15388,10,0
15390,2,8
15391,7,9
15392,10,1
15396,10,0
15399,10,0
15405,5,9
15407,11,8
15409,5,7
15411,10,0
15413,7,4
15415,11,4
15426,10,0
15434,12,0
15445,6,7
15447,5,8
15449,10,8
15450,9,11
15456,10,9
15461,6,0
15464,12,10
15465,12,1
15468,8,6
15482,10,9
15487,5,1
15490,12,0
15492,1,7
15500,8,6
15501,8,1
15502,12,1
15507,0,0
15508,12,8
15510,8,0
15511,8,0
15513,8,0
15519,7,1
15520,12,0
15533,11,2
15549,8,8
15558,8,4
15559,8,1
15564,12,2
15565,8,8
15567,12,9
15571,7,3
15572,8,10
15575,12,0
15577,10,2
15583,8,8
15585,8,0
15590,7,8
15593,8,3
15600,12,8
15608,8,0
15616,8,2
15620,12,11
15623,8,8
15624,11,0
15626,8,0
15636,10,0
15643,10,2
15647,6,2
15648,12,1
15657,3,0
15663,12,0
15666,8,7
15667,10,1
15671,8,2
15674,6,0
15676,8,3
15686,12,3
15687,8,6
15696,3,7
15701,3,1
15703,8,8
15705,1,7
15719,6,10
15730,5,8
15731,12,2
15732,8,8
15734,11,3
15735,10,2
15738,12,1
15744,12,8
15753,5,8
15757,8,0
15759,9,9
15760,4,2
15765,10,9
15774,12,9
15786,10,1
15787,10,8
15788,2,2
15792,10,7
15796,7,10
15798,4,8
15802,9,3
15809,7,8
15812,12,4
15820,4,0
15831,12,9
15835,10,3
15839,3,11
15840,10,10
15844,7,0
15853,12,8
15855,8,2
15858,12,8
15859,10,1
15866,12,0
15876,12,2
15894,12,1
15904,9,2
15907,10,1
15912,3,4
15913,12,0
15915,5,8
15919,5,2
15925,10,1
15928,9,8
15929,12,8
15930,10,8
15932,12,4
15939,10,2
15948,4,8
15949,12,8
15950,12,8
15955,12,0
15958,8,9
15960,10,0
15962,9,0
15966,7,3
15967,10,4
15970,5,7
15975,12,7
15978,12,9
15981,9,7
15985,10,10
15989,8,8
15990,9,0
15998,11,0
16002,11,10
16009,8,1
16023,12,3
16024,10,0
16026,10,0
16027,10,8
16037,8,2
16043,12,2
16045,12,8
16049,12,8
16052,3,8
16053,12,0
16057,12,8
16070,5,10
16072,12,9
16087,12,9
16092,12,0
16095,8,3
16096,12,4
16098,12,4
16101,10,8
16103,5,2
16104,7,0
16106,8,9
16112,6,9
16117,10,6
16119,12,2
16124,4,9
16132,2,2
16133,12,9
16148,6,8
16149,6,2
16150,3,0
16151,11,0
16154,12,0
16173,4,0
16175,6,10
16182,12,8
16183,10,8
16185,10,0
16188,12,6
16189,6,3
16198,12,8
16201,12,9
16206,10,0
16208,11,11
16209,10,8
16221,10,3
16224,8,8
16231,10,4
16232,12,8
16239,11,8
16241,6,9
16242,8,2
16243,8,8
16255,12,0
16268,6,0
16272,10,7
16281,8,0
16283,10,10
16284,9,0
16292,7,11
16295,5,0
16297,10,9
16298,10,9
16305,12,2
16313,6,2
16321,8,2
16331,12,9
16337,12,3
16351,6,1
16354,12,2
16365,11,2
16371,8,2
16372,4,2
16375,10,0
16384,4,0
16390,8,1
16396,10,0
16400,8,2
16404,8,0
16409,11,0
16417,4,1
16419,5,5
16422,1,1
16424,10,0
16425,10,2
16443,10,0
16444,8,2
16448,12,3
16460,6,2
16462,10,11
16463,8,2
16472,6,8
16480,10,8
16492,7,3
16499,10,2
16505,12,8
16511,11,0
16522,5,8
16527,8,10
16539,10,4
16542,8,8
16546,10,2
16549,5,2
16550,12,4
16555,5,11
16562,10,4
16568,6,6
16572,2,1
16579,0,0
16585,12,2
16587,5,8
16589,11,0
16592,12,0
16598,10,2
16613,0,0
16618,10,0
16619,11,2
16622,8,8
16623,8,1
16645,6,2
16648,8,8
16662,12,0
16663,10,6
16665,8,8
16666,10,2
16669,8,8
16670,12,1
16672,8,8
16674,5,9
16676,12,0
16683,8,8
16685,10,8
16688,11,0
16689,7,8
16690,10,0
16693,12,0
16700,8,8
16710,12,2
16711,2,6
16712,9,0
16715,4,9
16721,12,9
16727,10,0
16729,12,8
16730,10,2
16737,4,0
16739,10,9
16749,12,8
16750,6,2
16754,10,8
16758,12,0
16761,12,0
16771,12,0
16774,8,2
16785,12,8
16787,10,8
16792,10,7
16809,8,2
16814,12,2
16816,10,8
16818,12,0
16837,11,6
16841,11,9
16843,5,0
16856,11,2
16857,12,4
16862,10,2
16868,12,1
16882,8,2
16883,8,9
16895,8,0
16898,12,2
16899,8,2
16901,12,8
16903,12,8
16914,10,8
16917,2,8
16929,5,6
16931,8,0
16938,2,8
16943,12,8
16949,12,7
16952,12,2
16956,12,8
16963,12,0
16964,7,8
16968,12,1
16969,7,8
16972,12,4
16976,12,8
16984,10,0
16993,12,9
17000,12,9
17007,12,9
17008,2,2
17011,12,3
17016,6,8
17018,2,1
17019,10,11
17020,10,3
17026,12,8
17030,10,4
17034,12,9
17036,12,2
17037,8,8
17040,12,2
17056,1,0
17059,8,2
17064,12,10
17067,7,9
17071,12,0
17074,4,8
17075,5,0
17081,12,0
17087,5,9
17090,12,2
17092,8,7
17102,10,9
17107,10,2
17112,12,2
17113,10,8
17124,0,8
17125,11,8
17134,10,1
17139,11,2
17140,10,11
17141,8,9
17142,9,9
17145,12,2
17152,1,4
17153,4,9
17160,9,1
17171,6,8
17178,8,0
17179,12,2
17185,11,9
17190,12,2
17191,8,8
17196,10,8
17198,10,2
17212,8,8
17214,8,4
17221,12,0
17224,10,7
17232,8,0
17236,7,7
17238,8,0
17243,10,7
17245,10,2
17254,12,2
17256,10,10
17259,12,1
17263,2,7
17267,12,9
17271,12,8
17274,3,1
17275,12,3
17288,7,2
17294,10,2
17296,12,3
17301,8,0
17302,10,2
17303,3,0
17314,6,1
17319,12,2
17321,11,2
17325,7,8
17329,3,9
17332,10,2
17342,10,11
17344,10,8
17345,8,8
17352,8,2
17359,7,0
17361,12,9
17362,12,6
17364,12,0
17367,7,8
17368,5,9
17375,10,0
17388,12,8
17392,2,8
17393,12,9
17394,12,10
17398,8,8
17401,6,7
17408,2,2
17409,10,10
17411,8,2
17415,2,9
17420,8,8
17441,8,2
17448,9,7
17449,10,0
17453,12,8
17463,12,2
17464,12,2
17482,10,2
17491,11,0
17492,10,8
17509,12,2
17514,12,0
17518,10,0
17527,12,2
17528,12,0
17536,10,0
17548,10,6
17550,12,4
17558,12,2
17588,12,2
17599,10,1
17612,12,2
17617,12,0
17618,10,0
17622,6,10
17631,6,2
17632,5,0
17656,8,0
17664,4,2
17667,11,2
17669,12,8
17678,7,1
17683,12,8
17687,8,9
17688,8,0
17691,7,2
17695,12,7
17705,7,9
17712,8,8
17714,10,0
17718,8,0
17719,10,9
17723,10,8
17733,12,1
17737,11,8
17739,12,1
17741,12,8
17744,12,0
17752,8,8
17754,10,4
17755,11,2
17763,10,2
17768,8,7
17778,10,8
17786,6,1
17794,7,8
17802,2,8
17805,8,2
17807,12,8
17809,12,0
17812,8,8
17825,6,0
17829,8,2
17832,12,8
17843,10,9
17851,12,3
17857,8,4
17859,10,9
17864,5,2
17868,12,8
17869,8,0
17873,12,9
17875,8,0
17879,6,2
17883,12,8
17888,12,8
17889,11,8
17890,12,0
17899,10,9
17904,12,8
17907,5,4
17908,8,8
17910,10,1
17914,7,0
17939,8,10
17944,6,8
17947,12,0
17951,10,8
17953,12,0
17954,10,0
17979,12,2
17981,12,2
17986,10,0
17988,11,7
17989,7,2
18018,12,7
18025,12,11
18034,8,8
18035,12,8
18045,7,8
18046,8,8
18048,10,8
18064,11,2
18066,12,0
18076,7,2
18077,12,0
18079,10,2
18081,6,8
18085,12,7
18089,10,7
18095,12,4
18104,10,2
18105,10,8
18106,10,1
18109,8,2
18112,8,1
18125,12,0
18127,10,2
18130,7,4
18131,12,2
18134,10,0
18136,12,0
18140,12,9
18144,12,2
18147,10,1
18153,10,2
18155,5,7
18156,5,0
18164,8,8
18178,6,3
18180,12,9
18182,11,9
18194,8,9
18195,7,0
18200,9,8
18201,9,9
18203,11,4
18204,8,9
18206,7,4
18211,11,9
18212,6,9
18214,12,8
18220,11,4
18232,10,2
18233,6,0
18237,8,0
18243,12,2
18246,10,9
18248,12,8
18269,11,0
18271,10,0
18278,2,2
18283,12,0
18286,10,9
18289,12,2
18291,8,8
18296,12,4
18302,10,0
18303,10,0
18307,8,0
18308,7,8
18310,10,0
18315,10,2
18319,2,2
18321,7,2
18323,12,0
18327,10,9
18329,9,2
18338,10,8
18345,6,3
18348,8,2
18357,10,8
18361,12,9
18367,8,8
18373,12,2
18377,2,2
18380,3,7
18383,12,8
18385,12,7
18387,12,2
18388,12,7
18391,12,0
18392,3,9
18417,4,3
18418,12,6
18434,11,0
18450,8,6
18451,12,8
18456,8,8
18461,3,9
18463,8,2
18467,10,8
18468,8,2
18481,4,3
18491,10,1
18505,8,2
18509,12,9
18514,9,2
18515,10,2
18518,12,2
18520,12,2
18521,10,0
18528,10,2
18529,10,6
18535,5,9
18553,12,0
18555,11,8
18561,12,1
18562,10,8
18563,8,8
18565,10,2
18570,8,8
18573,8,8
18578,8,2
18579,8,2
18586,5,3
18588,10,2
18599,8,1
18602,12,3
18606,12,9
18608,10,8
18617,10,9
18619,8,0
18620,12,9
18630,10,1
18631,10,2
18639,8,1
18640,4,3
18646,10,0
18649,8,4
18650,10,2
18655,12,2
18656,12,4
18665,8,2
18666,8,2
18667,8,2
18669,7,2
18673,5,0
18678,12,9
18683,12,8
18687,8,4
18691,8,0
18694,10,9
18705,12,10
18708,8,2
18718,10,8
18724,12,7
18731,12,8
18745,6,9
18752,10,2
18764,9,4
18766,8,9
18769,12,10
18781,6,8
18788,2,2
18793,10,0
18796,10,0
18805,12,2
18808,8,6
18810,7,0
18814,2,9
18818,10,9
18819,12,2
18828,12,3
18836,10,8
18841,8,2
18845,10,0
18847,12,2
18853,10,0
18862,4,2
18863,4,0
18866,12,1
18873,12,4
18877,12,1
18885,12,0
18886,10,4
18889,12,0
18893,10,1
18895,12,2
18899,5,9
18902,10,2
18903,12,8
18911,10,2
18914,6,0
18918,12,1
18927,10,10
18932,2,8
18934,11,6
18935,10,4
18936,8,2
18939,12,3
18951,12,2
18962,10,9
18966,12,0
18967,8,8
18977,8,0
18979,6,0
18984,12,0
18988,10,2
18989,8,0
18994,6,7
18998,6,0
19000,10,2
19004,12,10
19005,12,8
19013,8,8
19022,10,1
19037,7,3
19044,2,8
19049,8,8
19050,12,6
19056,12,9
19062,10,8
19067,10,0
19070,12,2
19085,10,2
19087,12,0
19091,8,2
19102,12,10
19106,12,2
19113,10,0
19114,12,2
19117,8,9
19123,8,0
19127,10,4
19144,5,3
19146,12,4
19155,10,0
19162,10,8
19166,9,1
19167,12,1
19169,12,0
19171,8,8
19190,6,8
19195,8,2
19197,8,0
19218,10,2
19229,8,10
19235,8,8
19241,4,8
19247,12,1
19248,6,2
19250,12,0
19260,8,9
19265,8,2
19271,10,2
19272,12,0
19286,9,8
19289,8,8
19292,12,1
19296,5,6
19297,10,9
19304,12,0
19321,12,1
19322,11,0
19323,5,8
19325,10,0
19326,7,1
19331,12,1
19340,8,2
19353,8,2
19363,12,2
19368,5,4
19370,12,0
19373,12,7
19384,6,7
19385,10,8
19386,7,8
19387,12,1
19390,8,8
19393,12,2
19398,12,9
19404,10,4
19410,12,0
19413,12,0
19415,6,2
19419,10,1
19420,9,2
19422,8,8
19424,12,8
19425,12,8
19427,11,8
19436,10,0
19437,12,8
19439,6,4
19447,4,10
19452,10,7
19453,1,9
19461,12,9
19462,11,0
19464,8,0
19468,12,8
19469,12,1
19473,11,2
19486,10,9
19492,8,7
19494,12,9
19496,12,9
19503,4,2
19504,8,3
19507,5,1
19509,5,0
19512,8,8
19515,12,3
19517,12,8
19520,8,1
19525,5,3
19542,12,2
19544,8,8
19547,12,4
19551,5,0
19555,12,9
19557,8,1
19561,8,9
19562,12,2
19564,12,2
19572,12,8
19575,2,2
19586,4,2
19590,10,8
19595,8,11
19601,10,0
19602,10,11
19606,12,8
19609,10,4
19611,12,1
19615,10,9
19619,6,0
19623,5,9
19629,12,3
19648,2,9
19649,8,0
19660,12,4
19662,6,0
19665,10,2
19670,10,3
19671,12,2
19681,12,0
19682,12,0
19688,10,8
19698,10,8
19708,12,6
19721,2,8
19740,8,2
19741,12,7
19743,12,2
19749,8,0
19759,8,8
19760,10,8
19761,12,2
19762,10,8
19774,12,4
19788,12,2
19790,7,6
19804,12,0
19811,10,4
19812,8,0
19816,11,0
19819,4,0
19824,7,2
19827,8,1
19829,10,7
19838,4,10
19840,8,3
19849,10,2
19852,8,2
19857,12,9
19860,12,2
19869,12,2
19872,12,2
19877,2,8
19879,10,2
19881,7,8
19885,8,8
19892,10,8
19894,12,0
19904,12,8
19905,8,2
19908,10,0
19914,12,2
19915,6,3
19917,8,3
19923,10,8
19928,2,8
19933,12,9
19934,8,2
19946,12,1
19947,8,8
19948,8,10
19954,7,0
19960,8,1
19961,11,2
19963,10,2
19967,10,8
19970,7,0
19971,12,0
19973,12,0
19975,3,0
19979,10,8
19984,12,2
20001,2,2
20007,7,0
20009,7,0
20020,5,8
20026,12,8
20045,7,0
20053,8,2
20054,11,8
20078,8,8
20085,4,8
20090,4,0
20091,12,9
20093,8,2
20094,7,0
20095,5,8
20099,6,8
20100,6,7
20102,5,1
20118,5,1
20121,8,2
20124,3,2
20135,8,9
20147,5,0
20158,7,4
20165,5,0
20169,10,9
20175,10,3
20176,11,8
20179,8,8
20185,5,0
20188,11,9
20189,10,4
20195,8,1
20198,5,0
20199,5,9
20200,8,8
20206,5,3
20211,5,2
20219,10,0
20233,8,9
20249,8,0
20251,8,2
20254,5,0
20258,9,0
20259,8,8
20261,8,8
20265,5,0
20271,10,0
20275,8,8
20276,5,10
20279,8,2
20284,8,1
20285,10,0
20290,10,9
20292,5,0
20293,8,0
20298,8,2
20303,5,4
20304,3,1
20309,4,1
20316,5,0
20322,2,2
20330,8,2
20331,6,0
20332,7,2
20335,8,8
20336,8,8
20337,8,0
20341,5,0
20344,5,7
20353,8,8
20355,8,8
20356,8,8
20357,5,8
20362,8,0
20363,7,7
20370,12,8
20374,8,9
20377,8,8
20378,5,9
20388,7,1
20389,4,0
20390,8,2
20400,7,0
20407,5,7
20416,9,2
20418,5,1
20422,8,2
20424,8,8
20428,4,8
20439,8,8
20448,8,8
20451,7,9
20452,11,4
20456,11,7
20462,12,9
20463,5,8
20471,7,2
20478,12,3
20485,12,0
20487,7,3
20502,7,0
20515,9,0
20524,8,0
20527,7,9
20528,7,1
20530,5,2
20532,0,2
20544,11,6
20545,4,8
20549,7,4
20563,8,9
20569,7,1
20577,8,0
20585,8,2
20586,7,2
20588,10,8
20595,8,3
20605,8,8
20612,5,7
20615,12,0
20617,8,2
20621,7,2
20630,4,0
20637,3,0
20638,8,2
20643,11,8
20657,12,9
20665,5,3
20676,2,9
20685,8,2
20687,5,8
20688,8,8
20690,5,2
20692,9,8
20714,6,1
20725,5,2
20731,7,2
20736,11,9
20739,8,2
20740,5,0
20756,3,0
20757,12,2
20760,4,0
20764,8,8
20767,12,0
20769,9,9
20774,12,4
20779,2,9
20796,5,2
20800,8,4
20808,8,1
20817,4,0
20821,9,2
20823,11,2
20824,7,0
20826,7,0
20841,8,0
20855,8,9
20856,8,2
20861,8,8
20862,9,3
20865,5,2
20876,8,0
20878,12,9
20891,12,2
20894,5,0
20903,11,8
20909,9,8
20910,11,4
20912,9,0
20917,5,4
20933,4,0
20935,4,2
20936,10,8
20947,10,0
20948,5,8
20955,8,8
20957,5,3
20961,5,8
20969,12,10
20977,8,0
20985,7,8
20987,8,2
20989,7,2
20995,8,4
21002,5,0
21004,3,8
21006,8,0
21014,7,2
21025,2,2
21039,11,0
21047,8,8
21048,5,0
21061,7,8
21065,7,2
21069,7,0
21074,5,4
21080,8,2
21081,7,0
21084,7,9
21086,11,0
21088,9,2
21089,9,3
21090,10,3
21092,3,9
21096,7,2
21102,12,0
21110,11,8
21112,7,2
21113,5,2
21115,8,1
21125,2,0
21136,5,10
21144,8,0
21148,5,2
21149,12,2
21159,12,4
21160,11,9
21161,12,8
21162,8,9
21166,4,4
21169,10,4
21171,12,8
21172,4,8
21173,8,4
21175,7,5
21179,10,9
21181,5,8
21183,8,8
21184,10,5
21186,5,2
21188,8,3
21200,3,0
21210,12,2
21211,7,11
21212,6,2
21215,5,8
21218,5,4
21222,8,0
21228,7,8
21229,8,2
21230,12,2
21235,5,2
21241,12,9
21242,8,8
21246,5,1
21249,12,4
21250,8,1
21255,4,0
21284,12,0
21285,12,0
21288,7,0
21306,4,9
21308,10,2
21311,12,2
21323,11,8
21327,12,9
21331,12,1
21334,5,0
21335,10,10
21338,12,9
21341,7,9
21350,5,7
21351,8,2
21354,12,0
21358,8,10
21364,9,3
21365,9,4
21368,5,1
21371,12,0
21372,8,1
21374,7,0
21379,8,2
21386,8,9
21388,8,9
21390,8,9
21393,7,8
21406,8,0
21407,9,8
21415,5,1
21419,4,2
21437,7,2
21439,8,2
21452,7,0
21453,8,9
21454,8,2
21456,4,8
21459,5,4
21466,12,1
21469,12,0
21477,8,0
21493,9,0
21494,9,4
21498,8,2
21499,9,2
21520,8,7
21527,12,6
21531,7,2
21535,8,8
21536,11,2
21537,5,8
21538,8,1
21543,8,4
21548,10,3
21550,5,7
21553,4,0
21560,12,2
21564,2,2
21568,7,0
21570,3,0
21576,8,8
21580,9,0
21593,7,8
21596,11,9
21600,12,0
21607,6,4
21614,12,2
21615,4,6
21622,8,0
21626,8,0
21633,5,7
21636,8,9
21642,12,4
21644,11,2
21645,6,2
21668,4,2
21673,12,7
21675,5,2
21682,5,11
21684,7,0
21685,8,1
21686,5,8
21687,7,4
21691,8,3
21693,8,1
21694,10,2
21705,8,2
21709,11,8
21711,5,0
21713,8,4
21724,12,0
21726,12,8
21733,11,0
21735,3,9
21748,8,8
21749,5,2
21753,5,7
21755,12,7
21756,11,8
21773,12,8
21777,7,8
21778,8,8
21780,5,11
21781,10,4
21783,5,4
21789,7,0
21797,5,0
21802,12,10
21805,10,9
21811,5,2
21819,11,8
21820,12,1
21828,7,2
21838,7,0
21839,9,7
21840,7,2
21847,7,2
21862,5,2
21872,9,0
21884,5,10
21894,4,2
21900,9,8
21903,5,8
21909,3,0
21910,5,8
21911,5,1
21918,8,4
21935,4,2
21936,8,2
21938,8,9
21940,11,4
21950,8,9
21963,11,8
21964,5,9
21969,12,0
21973,6,9
21974,7,7
21977,5,0
21985,2,8
21986,8,3
21991,8,9
21993,8,2
22000,8,2
22012,12,0
22014,4,0
22018,7,2
22026,7,2
22032,7,5
22042,5,2
22043,5,4
22045,8,0
22047,8,7
22048,5,8
22060,4,4
22063,5,0
22072,5,1
22092,5,8
22093,3,2
22094,8,2
22099,5,2
22106,8,0
22110,7,8
22111,5,2
22112,5,2
22115,12,2
22120,5,0
22125,8,8
22126,9,11
22127,12,9
22137,7,0
22143,8,0
22144,12,1
22145,8,2
22153,4,0
22155,5,8
22172,11,2
22192,7,2
22194,8,9
22200,5,8
22201,8,0
22206,7,8
22208,8,0
22216,10,9
22217,9,8
22223,5,9
22225,7,9
22232,8,0
22242,10,9
22244,5,0
22246,8,0
22253,8,0
22260,5,2
22261,8,0
22269,7,0
22270,8,4
22296,5,10
22302,5,10
22309,7,1
22322,12,4
22328,8,9
22330,11,0
22337,7,0
22338,8,8
22342,5,1
22349,8,2
22354,5,1
22356,11,2
22359,12,0
22360,2,9
22362,9,11
22365,9,8
22376,4,2
22379,7,9
22381,7,0
22382,7,9
22398,8,0
22399,5,0
22405,5,2
22406,8,8
22416,5,1
22420,8,8
22428,7,10
22435,8,8
22437,12,2
22447,12,2
22452,5,2
22454,12,0
22455,10,0
22464,8,8
22466,7,9
22470,5,0
22471,5,3
22476,4,1
22481,5,9
22487,8,2
22493,7,8
22496,12,9
22499,8,0
22505,5,0
22515,11,9
22516,9,8
22524,8,2
22530,7,2
22536,8,2
22540,1,8
22541,11,8
22547,10,8
22554,2,0
22558,7,2
22564,6,9
22568,8,7
22572,5,9
22574,8,0
22579,10,8
22581,11,0
22599,12,8
22607,5,2
22609,4,8
22628,2,2
22629,9,0
22639,5,8
22667,9,4
22669,4,7
22671,5,8
22679,5,2
22700,8,0
22705,5,8
22708,9,2
22710,4,0
22712,5,8
22717,12,4
22719,5,2
22728,5,9
22736,8,8
22738,7,0
22745,5,0
22746,7,0
22749,8,8
22752,11,3
22759,7,0
22770,12,10
22772,5,5
22773,7,2
22774,10,0
22776,4,0
22779,9,3
22796,7,1
22803,5,0
22818,8,0
22827,8,4
22831,5,0
22839,9,2
22849,5,1
22857,7,8
22858,12,0
22861,5,8
22863,12,11
22879,8,8
22886,7,0
22889,12,9
22898,8,2
22899,11,2
22905,8,0
22909,5,4
22915,5,2
22917,12,3
22936,8,8
22937,7,1
22943,8,4
22949,12,3
22951,10,9
22960,8,8
22963,8,0
22979,12,0
22980,5,2
23003,8,8
23005,5,7
23006,10,0
23008,5,2
23010,12,2
23018,5,8
23025,5,8
23028,8,8
23029,5,0
23031,5,9
23034,8,8
23036,9,9
23038,7,2
23040,12,8
23046,0,0
23049,5,8
23052,5,1
23055,9,2
23056,5,2
23059,8,1
23067,7,6
23079,12,8
23084,4,0
23085,8,2
23092,5,8
23093,5,9
23095,5,0
23097,5,2
23098,5,0
23107,5,8
23115,5,8
23116,7,10
23123,5,2
23129,6,0
23134,12,0
23136,3,8
23138,5,2
23141,0,3
23145,5,1
23153,5,11
23155,8,2
23159,5,2
23160,7,8
23162,8,0
23164,8,2
23167,7,8
23177,12,2
23181,4,9
23186,8,9
23187,7,1
23189,12,0
23202,12,0
23206,8,2
23214,4,9
23215,4,0
23251,5,0
23254,11,9
23256,11,2
23260,6,1
23261,9,3
23269,8,8
23270,4,3
23295,8,1
23307,5,3
23325,12,8
23330,5,0
23332,4,0
23336,7,2
23344,8,7
23345,8,3
23354,5,8
23357,12,2
23360,4,2
23368,11,3
23370,2,0
23380,5,2
23383,11,8
23385,12,8
23387,4,2
23388,8,2
23390,8,2
23391,12,3
23397,11,8
23398,4,7
23399,8,7
23405,7,9
23406,3,4
23413,8,0
23414,4,2
23416,8,2
23423,5,0
23446,8,2
23450,12,0
23454,8,2
23457,4,2
23464,9,8
23470,8,0
23472,7,9
23474,11,2
23477,9,2
23481,6,2
23498,9,3
23499,8,0
23504,11,3
23505,8,0
23514,8,0
23530,5,7
23532,10,2
23536,5,2
23541,8,0
23545,9,2
23559,7,0
23561,12,0
23571,11,8
23573,10,0
23576,5,4
23577,5,0
23581,4,2
23582,8,1
23595,5,6
23597,4,0
23601,5,0
23608,12,9
23613,8,2
23614,7,0
23627,8,0
23631,5,2
23647,12,2
23648,5,0
23653,11,0
23654,5,2
23662,5,8
23669,12,8
23677,4,7
23678,9,8
23681,4,3
23698,6,0
23704,6,0
23705,7,0
23707,5,2
23711,4,11
23717,11,9
23732,9,2
23734,8,2
23739,5,8
23747,5,2
23757,11,9
23758,5,10
23765,12,8
23766,7,3
23767,2,2
23774,12,10
23779,2,2
23781,5,0
23782,5,2
23788,2,8
23797,8,6
23803,8,7
23808,5,8
23809,4,0
23810,10,0
23811,2,2
23812,5,2
23813,5,8
23820,4,9
23821,5,9
23824,12,3
23836,5,8
23837,8,4
23838,8,3
23840,9,4
23841,7,8
23846,7,8
23849,8,8
23857,8,2
23875,7,3
23877,8,9
23887,4,8
23894,7,8
23896,11,2
23900,5,2
23901,8,8
23906,5,0
23915,5,9
23924,8,2
23926,11,9
23939,8,2
23946,8,2
23960,8,8
23963,9,8
23969,5,2
23973,6,0
23975,4,9
23976,5,9
23977,7,9
23989,8,2
23992,5,9
23993,8,2
23995,7,3
24005,12,2
24007,5,8
24011,8,8
24018,7,8
24019,4,7
24024,8,2
24028,8,2
24037,4,9
24040,12,0
24047,12,9
24052,4,9
24058,9,0
24063,8,1
24064,7,1
24070,8,8
24087,12,0
24089,10,0
24092,9,2
24095,2,2
24097,3,8
24103,12,0
24106,11,0
24111,8,3
24118,2,2
24123,5,0
24124,7,0
24130,5,2
24133,7,3
24136,3,7
24140,8,6
24143,5,9
24151,8,8
24152,11,8
24156,5,6
24160,8,0
24163,11,1
24168,12,2
24173,8,8
24176,12,10
24180,5,1
24183,9,0
24197,5,0
24199,12,7
24210,8,2
24213,5,0
24215,4,0
24219,7,2
24228,4,2
24229,5,2
24233,12,1
24235,5,7
24237,8,9
24241,8,1
24244,12,8
24257,8,2
24261,5,10
24268,5,4
24271,0,4
24272,11,9
24275,10,4
24288,5,0
24290,6,3
24294,8,4
24302,8,2
24307,8,8
24313,5,2
24314,5,3
24316,4,1
24325,7,8
24330,3,0
24334,5,8
24342,10,11
24345,9,8
24348,8,9
24350,5,0
24355,6,9
24364,9,8
24365,4,0
24367,5,2
24368,12,2
24384,2,10
24389,8,2
24397,8,0
24400,10,2
24401,3,2
24404,5,8
24409,7,2
24411,7,2
24412,5,8
24416,12,7
24419,9,9
24422,8,2
24427,5,2
24430,4,0
24431,7,7
24433,3,2
24437,5,10
24441,5,4
24444,3,0
24448,7,1
24452,5,3
24461,7,2
24462,9,8
24464,12,9
24468,8,2
24481,4,0
24483,8,1
24485,9,0
24486,8,0
24487,6,9
24488,8,0
24503,7,0
24504,8,8
24508,8,10
24509,5,8
24518,5,3
24535,4,2
24536,8,8
24553,8,8
24555,8,2
24564,5,4
24578,8,0
24589,12,1
24591,4,2
24593,8,8
24594,8,2
24599,8,2
24600,7,7
24604,5,2
24611,10,4
24614,12,2
24619,4,0
24621,3,9
24624,9,9
24627,5,8
24644,8,8
24662,6,9
24668,7,9
24670,12,4
24673,9,1
24675,12,3
24679,4,8
24684,5,1
24692,5,8
24693,12,0
24696,5,4
24697,4,0
24703,8,2
24706,8,8
24708,8,7
24711,5,0
24724,7,10
24725,5,1
24726,5,0
24730,8,8
24732,10,0
24758,8,8
24770,10,0
24773,8,2
24777,5,1
24780,9,2
24787,5,8
24788,4,7
24793,2,3
24796,8,8
24797,12,2
24803,12,9
24807,8,3
24809,8,2
24816,8,2
24817,12,7
24821,7,8
24824,12,2
24832,8,8
24835,8,8
24836,8,11
24837,5,0
24842,7,2
24844,7,0
24848,8,2
24851,9,0
24853,5,1
24860,12,0
24865,8,2
24867,5,9
24869,5,2
24880,7,8
24886,11,2
24887,9,2
24892,5,2
24904,5,8
24905,8,4
24907,7,8
24908,9,9
24910,5,8
24921,5,0
24929,4,2
24934,12,0
24935,8,2
24941,4,7
24943,8,3
24952,3,4
24959,8,8
24963,5,1
24967,7,0
24968,12,3
24972,11,2
24977,7,4
24981,8,8
24984,10,4
24985,12,8
24987,5,9
24988,5,2
24990,9,2
24991,11,9
24992,8,2
24997,7,7
24998,2,2
25017,8,0
25018,10,0
25028,2,8
25032,12,9
25039,7,4
25050,12,2
25053,5,3
25056,0,3
25059,11,0
25070,12,6
25079,8,1
25085,2,8
25088,2,0
25090,5,7
25091,12,1
25113,5,8
25122,9,1
25123,5,3
25132,12,9
25145,5,0
25147,8,8
25156,11,9
25157,8,8
25165,4,0
25168,8,8
25173,5,1
25175,5,4
25177,9,4
25180,12,0
25181,9,11
25182,5,9
25183,5,2
25192,11,9
25202,8,0
25208,5,8
25212,7,8
25215,8,8
25221,7,0
25231,5,0
25242,8,0
25246,7,2
25255,9,9
25266,8,8
25268,12,1
25269,8,0
25273,12,1
25276,3,3
25288,8,2
25289,7,2
25293,5,8
25297,4,9
25305,8,8
25314,9,8
25318,8,2
25325,12,8
25326,7,10
25330,8,0
25333,8,8
25336,11,3
25337,3,8
25338,8,2
25342,8,9
25345,7,8
25347,7,9
25350,8,0
25354,4,2
25358,8,8
25366,10,7
25371,11,0
25376,11,0
25377,5,1
25378,12,8
25383,11,0
25390,5,8
25394,12,0
25395,12,2
25397,11,2
25398,7,2
25402,7,8
25403,12,8
25413,5,2
25416,8,2
25417,8,8
25425,12,0
25429,8,8
25430,8,9
25437,8,2
25439,7,6
25450,4,0
25457,8,0
25460,8,0
25462,8,0
25463,12,0
25464,8,8
25466,9,0
25471,3,4
25476,8,0
25477,7,9
25478,8,8
25482,8,8
25483,7,2
25489,4,0
25492,5,7
25500,8,8
25501,5,1
25516,8,6
25519,12,0
25523,9,1
25525,5,1
25526,8,2
25530,2,2
25539,5,2
25543,5,2
25544,8,9
25546,8,8
25549,5,2
25550,12,1
25559,5,2
25565,9,8
25572,8,2
25581,4,0
25587,12,0
25589,11,0
25599,6,9
25600,5,8
25604,9,4
25606,5,1
25614,8,2
25617,7,3
25619,2,2
25621,5,0
25626,7,0
25628,8,8
25629,12,4
25641,12,2
25644,2,0
25648,4,9
25657,7,0
25658,12,0
25663,8,9
25667,7,8
25668,12,1
25669,8,8
25694,9,10
25695,7,0
25696,9,0
25701,7,2
25704,7,10
25728,7,1
25731,5,10
25733,5,2
25740,8,0
25748,11,2
25749,8,7
25755,5,2
25756,8,0
25760,3,8
25761,7,0
25766,8,0
25770,12,1
25771,9,0
25774,8,8
25789,3,9
25792,7,0
25794,3,2
25798,5,8
25800,12,2
25806,12,4
25807,3,2
25809,8,2
25812,10,0
25815,5,8
25818,5,7
25823,11,6
25824,5,8
25830,5,0
25838,7,2
25841,5,2
25843,6,9
25847,5,9
25857,8,1
25863,8,8
25869,8,8
25870,7,8
25882,8,0
25889,8,1
25893,9,8
25901,8,0
25904,2,9
25908,7,4
25913,6,3
25919,7,2
25924,8,10
25930,8,0
25931,4,2
25938,12,3
25951,5,9
25965,5,1
25969,12,0
25972,12,4
25975,7,8
25984,12,11
25987,9,2
25994,12,8
25998,12,2
26000,12,1
26008,4,0
26009,5,9
26010,8,0
26020,12,9
26029,5,0
26030,8,2
26032,11,8
26033,11,8
26045,8,0
26046,4,2
26053,9,8
26057,10,4
26065,11,2
26075,12,8
26081,5,9
26084,11,0
26086,5,2
26089,8,8
26097,8,9
26100,7,2
26105,7,2
26110,5,0
26118,7,4
26120,4,9
26126,8,2
26130,8,8
26133,8,2
26141,2,9
26143,8,3
26144,12,0
26147,5,1
26148,8,0
26154,8,2
26155,11,0
26156,12,0
26167,5,1
26172,8,2
26173,5,9
26179,8,9
26180,8,8
26187,8,2
26188,7,0
26189,9,1
26195,9,8
26214,12,8
26216,8,8
26221,12,9
26222,12,0
26223,12,9
26233,12,8
26244,7,2
26245,3,2
26249,8,2
26251,8,2
26255,10,8
26256,2,2
26258,8,2
26259,8,0
26270,5,0
26271,8,2
26276,10,9
26277,8,0
26281,5,0
26284,12,2
26287,11,1
26288,8,4
26291,11,8
26300,8,0
26309,7,8
26312,5,7
26313,8,8
26315,10,2
26316,8,9
26318,9,8
26321,10,2
26324,12,2
26330,8,0
26339,8,8
26347,10,7
26348,8,2
26350,3,8
26353,10,7
26354,5,2
26361,12,2
26365,8,2
26368,6,8
26369,5,2
26370,8,9
26377,8,0
26381,8,0
26382,8,0
26383,8,0
26396,4,2
26399,5,2
26401,7,8
26407,1,0
26418,12,9
26423,10,2
26424,5,8
26429,5,0
26432,12,8
26436,8,0
26443,7,9
26452,5,8
26460,9,0
26474,9,7
26478,5,2
26482,6,9
26494,11,2
26496,7,0
26498,5,3
26499,7,7
26503,10,9
26504,8,8
26508,11,7
26510,5,2
26512,8,2
26515,8,2
26521,8,2
26526,9,8
26537,7,1
26539,8,7
26540,12,8
26546,8,0
26552,8,9
26556,5,8
26562,8,1
26567,8,0
26569,8,2
26573,5,1
26584,8,9
26592,4,0
26595,3,1
26599,11,0
26604,7,6
26608,12,0
26610,2,9
26613,8,8
26620,4,9
26626,6,8
26631,5,0
26632,12,0
26636,3,0
26645,7,9
26646,6,7
26650,8,9
26651,7,9
26656,5,0
26657,8,0
26660,8,7
26683,12,10
26684,4,8
26693,7,8
26698,10,10
26699,8,9
26704,9,8
26708,9,2
26711,5,0
26713,5,2
26718,3,3
26728,10,8
26734,10,7
26737,12,2
26740,12,0
26748,12,1
26753,11,11
26754,12,8
26757,7,0
26770,12,0
26773,4,9
26774,8,9
26799,9,9
26806,12,0
26808,8,2
26812,5,8
26822,5,8
26826,11,1
26829,7,8
26835,7,0
26838,7,8
26839,8,0
26842,8,10
26843,5,9
26849,12,0
26850,11,2
26852,5,8
26863,12,1
26870,8,8
26874,8,0
26884,8,0
26892,6,3
26893,3,3
26896,8,2
26899,5,0
26904,5,2
26905,8,8
26910,5,11
26911,12,2
26918,10,2
26921,3,2
26926,8,10
26930,11,0
26937,8,8
26946,4,0
26948,5,9
26952,12,8
26955,2,8
26957,12,0
26961,12,0
26983,9,9
26986,11,0
26989,8,9
26994,8,2
26995,9,2
27001,2,2
27003,5,9
27004,5,9
27010,12,2
27012,8,0
27015,7,8
27023,8,8
27027,12,4
27034,5,9
27041,11,0
27048,5,0
27054,3,0
27055,8,8
27057,7,4
27060,12,0
27061,5,0
27062,5,2
27077,7,0
27078,4,6
27079,9,0
27080,3,0
27082,5,9
27092,5,9
27095,12,3
27099,4,0
27101,11,0
27124,9,9
27129,10,2
27132,4,4
27134,10,9
27141,7,9
27143,4,9
27146,7,0
27147,4,2
27154,9,0
27155,3,1
27156,7,2
27175,0,9
27176,12,9
27181,3,8
27186,3,2
27192,3,2
27197,8,0
27202,12,8
27205,8,1
27212,11,0
27214,5,0
27217,8,1
27221,8,1
27244,12,7
27245,8,0
27246,8,0
27249,7,9
27257,5,8
27262,11,9
27275,8,8
27281,11,4
27282,7,2
27283,8,4
27288,5,0
27296,9,2
27300,8,0
27302,8,8
27311,5,2
27314,8,8
27319,8,9
27321,4,2
27327,9,8
27332,12,1
27337,2,1
27344,5,8
27354,5,2
27366,8,0
27377,5,2
27379,12,9
27383,7,8
27385,12,9
27387,8,8
27389,12,0
27391,8,0
27393,8,8
27399,4,4
27406,2,0
27417,8,2
27422,5,0
27425,2,2
27426,5,0
27429,5,0
27430,7,8
27431,8,8
27435,11,8
27439,3,0
27441,5,8
27447,7,7
27455,8,8
27457,12,0
27478,9,1
27479,2,6
27488,7,2
27504,2,4
27511,12,7
27515,8,1
27518,8,0
27525,5,0
27532,4,2
27536,12,6
27537,12,8
27539,4,2
27541,4,2
27548,8,0
27549,7,0
27552,8,9
27564,5,8
27566,12,6
27568,2,8
27570,5,9
27573,5,8
27578,8,1
27583,8,0
27593,5,8
27595,8,2
27597,5,2
27598,8,8
27601,11,1
27610,8,7
27615,7,0
27620,12,3
27622,5,1
27635,11,7
27640,7,8
27643,5,0
27651,5,0
27652,8,8
27654,8,0
27659,9,8
27660,8,1
27664,7,0
27670,9,10
27677,4,2
27685,12,8
27686,7,0
27700,9,0
27709,5,2
27717,7,8
27721,4,9
27725,4,9
27728,7,2
27741,5,0
27743,12,4
27752,8,0
27764,5,3
27767,11,8
27777,8,8
27778,8,9
27781,5,8
27784,8,9
27788,12,4
27790,8,2
27803,8,6
27808,12,0
27811,10,4
27813,7,8
27814,10,9
27816,7,2
27817,7,4
27819,7,0
27823,11,7
27825,7,0
27830,7,2
27832,8,2
27834,7,7
27839,8,2
27851,7,0
27854,5,7
27856,8,8
27868,5,8
27870,8,2
27873,3,0
27875,8,8
27880,12,0
27884,5,2
27888,8,2
27891,8,9
27900,4,4
27905,8,2
27909,8,2
27930,8,2
27934,8,2
27936,9,12
27937,5,0
27939,9,8
27976,12,0
27978,4,7
27989,8,9
27991,12,0
27992,8,8
27997,5,2
27998,5,1
28005,10,9
28006,10,9
28021,8,8
28022,12,0
28031,5,8
28034,10,7
28038,8,8
28040,8,4
28041,11,2
28044,7,1
28045,8,2
28052,12,0
28053,9,0
28055,12,8
28060,5,9
28061,5,8
28070,8,0
28077,5,0
28078,7,4
28081,5,8
28091,4,0
28092,4,1
28097,4,9
28098,12,8
28105,4,3
28107,8,4
28109,5,0
28110,5,9
28114,8,8
28116,12,1
28117,9,8
28123,8,0
28128,8,8
28129,7,0
28134,5,10
28149,8,0
28151,6,0
28153,5,9
28164,5,3
28166,5,2
28168,9,0
28170,5,8
28174,5,8
28178,7,8
28179,8,8
28185,5,1
28186,8,0
28188,7,8
28189,7,0
28190,4,9
28196,3,7
28201,9,0
28204,7,4
28210,8,9
28215,5,8
28217,9,9
28226,12,0
28236,5,0
28240,8,8
28248,10,0
28259,7,2
28266,12,2
28268,5,2
28269,5,2
28274,7,4
28285,12,7
28286,7,1
28306,7,0
28310,8,8
28313,5,4
28318,7,0
28334,7,2
28338,12,0
28340,7,2
28345,8,8
28349,4,9
28352,8,0
28354,8,0
28355,9,2
28357,8,2
28358,7,0
28366,12,0
28367,12,1
28368,8,8
28370,8,8
28371,11,9
28376,12,0
28377,12,0
28385,12,2
28390,5,2
28414,4,0
28415,5,1
28416,3,2
28421,8,2
28423,8,8
28426,7,2
28442,7,0
28460,5,8
28465,5,9
28468,10,7
28469,8,8
28471,8,0
28478,2,0
28486,9,2
28489,8,2
28492,10,4
28501,11,2
28505,5,0
28511,12,11
28512,11,8
28518,12,2
28523,5,2
28527,7,8
28535,5,2
28536,5,3
28540,11,0
28547,12,2
28548,8,1
28550,12,0
28564,8,7
28568,4,4
28582,7,0
28585,5,2
28606,7,2
28607,5,0
28608,4,4
28611,12,1
28616,8,4
28620,10,8
28645,5,1
28655,12,9
28660,7,0
28664,8,8
28684,7,1
28686,7,2
28695,10,2
28696,10,9
28697,8,0
28698,3,1
28700,7,8
28706,11,3
28715,8,7
28722,5,9
28724,11,1
28726,7,8
28730,1,2
28743,5,8
28765,5,2
28767,12,0
28768,8,8
28773,8,8
28781,8,8
28784,12,2
28786,11,9
28808,8,0
28811,8,2
28820,8,8
28822,9,2
28831,7,0
28853,7,8
28859,11,0
28860,7,8
28862,8,0
28867,7,0
28871,9,4
28876,8,2
28879,11,0
28881,12,9
28884,7,1
28885,7,0
28888,12,7
28889,2,0
28892,8,2
28901,7,0
28910,5,8
28914,7,0
28922,4,8
28934,4,2
28936,2,8
28942,8,2
28945,5,9
28948,9,2
28949,5,7
28957,5,3
28958,12,0
28961,5,7
28962,7,0
28968,2,0
28969,9,2
28976,5,2
28983,11,2
28985,4,3
28986,8,0
28996,12,0
29001,8,2
29002,12,2
29009,12,9
29011,5,1
29019,7,0
29030,7,1
29050,9,8
29051,8,0
29060,5,2
29070,7,4
29075,7,0
29082,5,8
29084,8,9
29085,5,1
29089,12,0
29091,10,9
29092,5,2
29100,10,4
29101,5,2
29105,5,0
29106,5,2
29114,12,2
29124,3,1
29137,5,0
29138,8,8
29142,7,2
29147,8,0
29151,12,2
29153,8,2
29173,8,0
29177,4,8
29178,11,6
29184,7,0
29192,12,9
29204,3,0
29205,8,0
29210,5,1
29216,5,0
29221,8,0
29244,3,8
29247,12,0
29267,8,9
29272,5,2
29275,5,2
29278,8,0
29281,12,9
29296,8,0
29311,5,0
29315,5,9
29323,7,2
29331,7,2
29334,9,9
29344,9,9
29346,8,2
29347,11,3
29348,6,6
29349,7,8
29350,9,9
29356,12,2
29363,11,6
29368,5,3
29372,5,8
29375,5,3
29378,12,8
29391,4,8
29394,7,8
29401,7,0
29403,3,0
29405,12,8
29406,8,9
29411,12,0
29415,8,8
29422,5,8
29439,5,9
29447,7,2
29451,6,0
29453,8,2
29455,8,8
29458,7,7
29460,8,9
29461,5,2
29471,7,1
29478,8,2
29480,7,8
29485,8,8
29491,8,3
29493,8,11
29494,7,8
29502,8,2
29507,5,0
29511,5,0
29516,4,0
29518,7,2
29520,7,2
29532,12,8
29535,8,8
29542,6,7
29543,11,8
29544,8,11
29548,7,8
29550,11,8
29555,4,0
29566,8,2
29569,3,11
29572,4,2
29574,11,9
29575,7,0
29578,9,0
29581,9,8
29598,7,9
29600,8,0
29607,4,0
29608,8,2
29635,9,0
29639,2,8
29645,12,8
29652,5,0
29658,5,11
29660,7,0
29663,11,8
29664,12,9
29670,8,0
29672,8,8
29676,5,3
29677,8,8
29685,2,8
29686,5,4
29689,7,8
29693,5,8
29695,8,2
29696,5,10
29698,8,2
29712,8,8
29713,12,2
29719,8,8
29720,9,4
29721,11,10
29722,12,2
29724,5,1
29725,12,11
29730,5,8
29731,8,2
29737,12,2
29738,7,2
29739,12,8
29740,5,9
29748,5,1
29749,5,1
29752,5,2
29753,7,2
29757,3,0
29769,8,4
29774,7,2
29793,7,8
29795,9,4
29814,8,0
29815,9,0
29816,8,4
29819,3,4
29820,8,9
29822,5,1
29826,12,2
29827,4,8
29832,8,2
29840,9,2
29842,5,9
29848,4,0
29855,5,0
29860,10,7
29862,8,8
29863,5,0
29866,12,4
29890,12,2
29894,8,2
29896,8,8
29905,8,0
29910,12,8
29916,11,0
29930,12,10
29939,7,2
29951,9,2
29973,12,9
29980,7,1
29981,8,8
29983,12,8
29991,4,5
29998,5,2
